ParticipantID,DeadlinePresentationOrder,BlockNumber,ExperimentRoundNumber,ExperimentGambleNumber,LotteryLeft,LotteryRight,GambleChoice,GambleResponseTime,GambleSecondaryChoices,GambleSecondaryChoicesTimes,GambleDeadline,FullScreenExited,ReproducedTime,MissedDeadline,SubjectiveDifficulty,ResponseTimeSubjectiveDifficulty,ResponseTimeSubmitAnswersQuestionnaire,Counter,Age,Sex,SubjectiveDifficulty3Lev,lot_0_val,lot_0_prob,lot_0_ev,lot_1_val,lot_1_prob,lot_1_ev,dX,dP,dEV,dEV_bin,RiskyChoice,BlockRoundNumber,AbsoluteError,RiskAttitudeScore
0,Random,2,31,1,0,1,Right,1.9937000000001863,,,6,0,7.8,0,2,4.568900000000372,5.2125,0,50,Male,1,18.0,44.0,7.92,40.0,39.0,15.6,-22.0,5.0,-7.6800000000000015,1,1,11,0.3,0.4833333333333333
0,Random,3,44,18,0,1,Left,2.0622000000001863,,,6,0,6.022,0,1,2.2958999999994414,3.6317000000001856,0,50,Male,1,73.0,32.0,23.36,82.0,2.0,1.64,-9.0,30.0,21.72,7,0,4,0.0036666666666667,0.4833333333333333
0,Random,2,37,19,0,1,Left,2.294799999999814,,,6,0,6.105,0,2,1.6972999999998135,4.2,0,50,Male,1,24.0,74.0,17.759999999999998,25.0,64.0,16.0,-1.0,10.0,1.759999999999998,5,0,17,0.0175,0.4833333333333333
0,Random,1,14,24,0,1,Right,3.057799999999814,,,6,0,4.829,0,4,1.5600999999996277,2.384399999999441,0,50,Male,3,7.0,96.0,6.72,37.0,66.0,24.42,-30.0,30.0,-17.700000000000003,0,1,14,0.1951666666666667,0.4833333333333333
0,Random,1,19,25,0,1,Left,2.258100000000559,,,6,0,6.287399999999441,0,1,1.3579000000003725,2.134,0,50,Male,1,52.0,96.0,49.92,55.0,83.0,45.65,-3.0,13.0,4.270000000000003,5,0,19,0.0478999999999068,0.4833333333333333
0,Random,3,41,28,0,1,Left,2.4239000000003723,,,6,0,6.023100000000559,0,2,1.9258999999994413,2.7295999999996274,0,50,Male,1,11.0,72.0,7.92,33.0,45.0,14.85,-22.0,27.0,-6.93,1,0,1,0.0038500000000931,0.4833333333333333
0,Random,3,52,3,0,1,Right,1.549,,,6,0,7.0745,0,4,1.5852999999998136,2.3395,0,50,Male,3,76.0,72.0,54.72,99.0,48.0,47.52,-23.0,24.0,7.200000000000003,6,1,12,0.1790833333333332,0.4833333333333333
0,Random,3,47,34,0,1,Left,1.4468999999994412,,,6,0,6.8647000000001865,0,2,1.5172999999998138,2.907599999999628,0,50,Male,1,27.0,60.0,16.2,36.0,41.0,14.76,-9.0,19.0,1.4399999999999995,4,0,7,0.1441166666666977,0.4833333333333333
0,Random,3,43,35,1,0,Right,2.275700000000186,,,6,0,5.401099999999627,0,4,1.4127999999998138,2.132299999999814,0,50,Male,3,36.0,37.0,13.32,51.0,10.0,5.1000000000000005,-15.0,27.0,8.219999999999999,6,0,3,0.0998166666667287,0.4833333333333333
0,Random,3,54,36,0,1,Right,3.4889000000003727,,,6,0,6.464899999999441,0,4,2.088799999999814,3.553,0,50,Male,3,75.0,31.0,23.25,96.0,14.0,13.44,-21.0,17.0,9.81,7,1,14,0.0774833333332402,0.4833333333333333
0,Random,1,12,37,0,1,Left,3.3715,,,6,0,5.211799999999814,0,3,2.1021000000005587,3.296,0,50,Male,2,48.0,35.0,16.799999999999997,61.0,19.0,11.59,-13.0,16.0,5.209999999999997,5,0,12,0.1313666666666977,0.4833333333333333
0,Random,3,60,39,1,0,Left,2.221,,,6,0,6.310199999999255,0,4,2.8042000000001863,3.659299999999814,0,50,Male,3,36.0,68.0,24.48,55.0,48.0,26.4,-19.0,20.0,-1.9199999999999984,2,1,20,0.0516999999998758,0.4833333333333333
0,Random,2,38,43,0,1,Right,2.2714000000003725,,,6,0,5.858399999999441,0,2,1.6815999999996274,3.4665999999996275,0,50,Male,1,17.0,73.0,12.41,42.0,63.0,26.46,-25.0,10.0,-14.05,0,1,18,0.0236000000000931,0.4833333333333333
0,Random,1,11,46,1,0,Right,2.3709000000003724,,,6,0,4.963600000000559,0,2,2.5879000000003725,3.3320999999996275,0,50,Male,1,78.0,38.0,29.64,90.0,15.0,13.5,-12.0,23.0,16.14,7,0,11,0.1727333333332401,0.4833333333333333
0,Random,3,42,50,1,0,Left,2.0249000000003727,,,6,0,5.691199999999255,0,3,1.6027000000001863,2.5387999999998137,0,50,Male,2,2.0,34.0,0.68,29.0,13.0,3.77,-27.0,21.0,-3.09,2,1,2,0.0514666666667908,0.4833333333333333
0,Random,3,50,55,0,1,Left,2.657799999999814,,,6,0,4.623,0,2,2.334200000000186,3.168200000000186,0,50,Male,1,35.0,92.0,32.2,41.0,81.0,33.21,-6.0,11.0,-1.009999999999998,3,0,10,0.2294999999999999,0.4833333333333333
0,Random,2,21,6,1,0,Left,3.470899999999441,,,6,0,5.869099999999627,0,3,1.6617000000001865,3.5425,0,50,Male,2,41.0,64.0,26.24,52.0,51.0,26.52,-11.0,13.0,-0.2799999999999976,3,1,1,0.0218166666667287,0.4833333333333333
0,Random,3,56,60,1,0,Left,1.9662999999998136,,,6,0,5.9085,0,2,1.8022999999998133,2.946299999999814,0,50,Male,1,56.0,75.0,42.0,81.0,74.0,59.94,-25.0,1.0,-17.939999999999998,0,1,16,0.0152499999999999,0.4833333333333333
0,Random,1,13,7,0,1,Right,2.778,,,6,0,5.2185,0,2,2.074599999999628,2.8105,0,50,Male,1,61.0,62.0,37.82,69.0,61.0,42.09,-8.0,1.0,-4.269999999999996,2,1,13,0.13025,0.4833333333333333
0,Random,2,33,12,0,1,Left,2.3259000000003724,,,8,0,7.631199999999255,0,1,1.7362999999998137,3.896099999999628,0,50,Male,1,72.0,98.0,70.56,73.0,77.0,56.21,-1.0,21.0,14.35,7,0,13,0.0461000000000931,0.4833333333333333
0,Random,3,55,13,1,0,Right,2.5867999999998137,,,8,0,7.627799999999814,0,3,2.438099999999628,5.741599999999628,0,50,Male,2,73.0,49.0,35.77,81.0,42.0,34.02,-8.0,7.0,1.75,4,0,15,0.0465250000000232,0.4833333333333333
0,Random,3,51,15,1,0,Right,2.599,,,8,0,6.8182000000001866,0,3,1.6145999999996274,2.455,0,50,Male,2,36.0,75.0,27.0,52.0,61.0,31.72,-16.0,14.0,-4.719999999999999,2,0,11,0.1477249999999766,0.4833333333333333
0,Random,1,4,16,0,1,Right,4.305299999999813,,,8,0,7.1212000000001865,0,4,2.6314000000003723,3.439300000000745,0,50,Male,3,23.0,12.0,2.76,26.0,6.0,1.56,-3.0,6.0,1.1999999999999995,4,1,4,0.1098499999999766,0.4833333333333333
0,Random,1,7,17,1,0,Right,3.385299999999814,,,8,0,7.962600000000559,0,3,2.3241000000005587,4.405600000000558,0,50,Male,2,31.0,38.0,11.78,46.0,29.0,13.34,-15.0,9.0,-1.5600000000000005,3,0,7,0.0046749999999301,0.4833333333333333
0,Random,2,28,2,0,1,Right,4.580800000000745,,,8,0,8.308200000000186,0,2,2.810799999999814,3.633200000000186,0,50,Male,1,40.0,63.0,25.2,57.0,58.0,33.059999999999995,-17.0,5.0,-7.859999999999996,1,1,8,0.0385250000000232,0.4833333333333333
0,Random,1,5,21,1,0,Right,3.7882000000001854,,,8,0,7.741099999999627,0,3,1.463,2.592099999999628,0,50,Male,2,26.0,59.0,15.34,36.0,33.0,11.88,-10.0,26.0,3.459999999999999,5,0,5,0.0323625000000465,0.4833333333333333
0,Random,3,46,22,0,1,Left,2.477399999999441,,,8,0,7.0885,0,3,1.5077000000001863,2.3485,0,50,Male,2,24.0,95.0,22.8,53.0,71.0,37.63,-29.0,24.0,-14.829999999999998,0,0,6,0.1139375,0.4833333333333333
0,Random,1,18,32,1,0,Right,2.0116000000005587,,,8,0,7.7373000000007455,0,1,3.828399999999441,5.020399999999441,0,50,Male,1,59.0,31.0,18.29,60.0,1.0,0.6,-1.0,30.0,17.689999999999998,7,0,18,0.0328374999999068,0.4833333333333333
0,Random,2,27,33,1,0,Left,3.0397000000001864,,,8,0,9.09289999999944,0,3,2.155,3.427200000000186,0,50,Male,2,57.0,51.0,29.07,62.0,48.0,29.76,-5.0,3.0,-0.6899999999999977,3,1,7,0.13661249999993,0.4833333333333333
0,Random,2,35,4,0,1,Left,3.441299999999814,,,8,0,7.215100000000559,0,3,2.070599999999628,2.8800999999996275,0,50,Male,2,72.0,82.0,59.04,73.0,81.0,59.13,-1.0,1.0,-0.0900000000000034,3,0,15,0.0981124999999301,0.4833333333333333
0,Random,3,57,44,0,1,Right,2.1032000000001863,,,8,0,8.730600000000559,0,3,2.0541000000005587,2.9744000000003727,0,50,Male,2,19.0,86.0,16.34,45.0,71.0,31.95,-26.0,15.0,-15.61,0,1,17,0.0913250000000698,0.4833333333333333
0,Random,3,59,47,0,1,Left,3.492599999999628,,,8,0,7.842399999999441,0,4,2.0975,3.0418999999994414,0,50,Male,3,68.0,30.0,20.4,89.0,16.0,14.24,-21.0,14.0,6.159999999999998,6,0,19,0.0197000000000698,0.4833333333333333
0,Random,3,45,48,0,1,Left,2.0972000000001865,,,8,0,6.6607999999998135,0,2,1.7146000000005588,2.4662000000001862,0,50,Male,1,35.0,68.0,23.8,54.0,43.0,23.22,-19.0,25.0,0.5800000000000018,4,0,5,0.1674000000000233,0.4833333333333333
0,Random,2,32,5,1,0,Right,2.4067000000001864,,,8,0,7.385699999999255,0,3,2.1447000000001863,3.1052000000001865,0,50,Male,2,72.0,33.0,23.76,98.0,5.0,4.9,-26.0,28.0,18.86,7,0,12,0.0767875000000931,0.4833333333333333
0,Random,1,9,51,1,0,Right,1.4555,,,8,0,6.789099999999627,0,2,1.5517999999998138,3.183699999999255,0,50,Male,1,41.0,94.0,38.54,48.0,70.0,33.599999999999994,-7.0,24.0,4.940000000000005,5,0,9,0.1513625000000465,0.4833333333333333
0,Random,1,8,56,1,0,Left,4.253100000000559,,,8,0,7.798200000000186,0,3,2.5076000000005587,3.385,0,50,Male,2,62.0,34.0,21.08,86.0,15.0,12.9,-24.0,19.0,8.180000000000001,6,1,8,0.0252249999999767,0.4833333333333333
0,Random,1,16,57,0,1,Right,2.118599999999628,,,8,0,6.780200000000186,0,2,0.794800000000745,1.5472000000001862,0,50,Male,1,59.0,94.0,55.46,86.0,89.0,76.54,-27.0,5.0,-21.080000000000013,0,1,16,0.1524749999999767,0.4833333333333333
0,Random,1,6,58,0,1,Right,2.9044000000003725,,,8,0,6.923899999999441,0,2,3.689399999999441,4.753899999999441,0,50,Male,1,36.0,54.0,19.44,48.0,53.0,25.44,-12.0,1.0,-6.0,1,1,6,0.1345125000000698,0.4833333333333333
0,Random,2,39,59,0,1,Right,3.091299999999814,,,8,0,7.652799999999813,0,4,2.05,3.074700000000186,0,50,Male,3,8.0,64.0,5.12,25.0,34.0,8.5,-17.0,30.0,-3.38,2,1,19,0.0434000000000234,0.4833333333333333
0,Random,3,49,10,0,1,Right,2.310099999999628,,,10,0,9.921599999999628,0,3,3.145799999999814,3.9615,0,50,Male,2,5.0,55.0,2.75,35.0,36.0,12.6,-30.0,19.0,-9.85,1,1,9,0.0078400000000371,0.4833333333333333
0,Random,2,29,11,1,0,Right,2.3294000000003727,,,10,0,9.876599999999629,0,3,1.906,3.8667000000001854,0,50,Male,2,72.0,85.0,61.2,86.0,66.0,56.760000000000005,-14.0,19.0,4.439999999999991,5,0,9,0.0123400000000371,0.4833333333333333
0,Random,1,15,14,0,1,Right,3.456700000000186,,,10,0,9.896200000000189,0,4,1.7097999999998137,2.480799999999814,0,50,Male,3,33.0,61.0,20.13,51.0,44.0,22.44,-18.0,17.0,-2.3100000000000023,2,1,15,0.0103799999999811,0.4833333333333333
0,Random,2,34,20,1,0,Left,2.0882999999998137,,,10,0,9.547800000000745,0,4,1.8555,2.815599999999628,0,50,Male,3,35.0,24.0,8.4,65.0,14.0,9.1,-30.0,10.0,-0.7000000000000011,3,1,14,0.0452199999999255,0.4833333333333333
0,Random,2,30,23,0,1,Left,3.315700000000186,,,10,0,11.12489999999944,0,2,2.1695,4.0102999999998135,0,50,Male,1,52.0,36.0,18.72,63.0,27.0,17.01,-11.0,9.0,1.7099999999999973,4,0,10,0.112489999999944,0.4833333333333333
0,Random,1,3,26,1,0,Right,2.640200000000186,,,10,0,10.0015,0,2,2.7942999999998137,3.6195,0,50,Male,1,95.0,74.0,70.3,97.0,49.0,47.53,-2.0,25.0,22.77,7,0,3,0.00015,0.4833333333333333
0,Random,1,1,27,0,1,Left,3.3977000000001865,,,10,0,9.326099999999627,0,3,2.887599999999628,4.9595,0,50,Male,2,18.0,49.0,8.82,23.0,29.0,6.67,-5.0,20.0,2.1500000000000004,5,0,1,0.0673900000000372,0.4833333333333333
0,Random,2,26,29,0,1,Left,1.8544000000003729,,,10,0,9.492700000000186,0,2,1.5769000000003726,3.617700000000186,0,50,Male,1,64.0,32.0,20.48,69.0,4.0,2.76,-5.0,28.0,17.72,7,0,6,0.0507299999999814,0.4833333333333333
0,Random,2,25,30,0,1,Right,3.877,,,10,0,8.600700000000186,0,4,1.1596000000005589,3.4729000000003727,0,50,Male,3,71.0,82.0,58.22,80.0,78.0,62.400000000000006,-9.0,4.0,-4.180000000000007,2,1,5,0.1399299999999813,0.4833333333333333
0,Random,1,20,31,1,0,Left,2.903600000000558,,,10,0,7.970299999999813,0,3,2.3891000000005587,3.3252000000001862,0,50,Male,2,59.0,23.0,13.57,74.0,22.0,16.28,-15.0,1.0,-2.710000000000001,2,1,20,0.2029700000000186,0.4833333333333333
0,Random,2,36,38,0,1,Right,2.093699999999255,,,10,0,8.459200000000186,0,4,2.1905,3.9445,0,50,Male,3,43.0,54.0,23.22,63.0,45.0,28.35,-20.0,9.0,-5.129999999999999,1,1,16,0.1540799999999814,0.4833333333333333
0,Random,1,10,40,1,0,Left,2.6246000000005587,,,10,0,8.463099999999628,0,2,3.0452999999998136,3.804900000000373,0,50,Male,1,30.0,41.0,12.3,60.0,35.0,21.0,-30.0,6.0,-8.700000000000001,1,1,10,0.1536900000000372,0.4833333333333333
0,Random,2,22,41,1,0,Right,1.7702999999998137,,,10,0,9.337900000000372,0,2,3.214100000000559,4.190200000000186,0,50,Male,1,35.0,40.0,14.0,48.0,10.0,4.800000000000001,-13.0,30.0,9.2,6,0,2,0.0662099999999627,0.4833333333333333
0,Random,2,23,45,1,0,Left,2.097,,,10,0,10.191299999999814,0,2,2.039399999999441,2.8217999999998136,0,50,Male,1,52.0,92.0,47.84,72.0,91.0,65.52,-20.0,1.0,-17.679999999999993,0,1,3,0.0191299999999813,0.4833333333333333
0,Random,3,58,49,0,1,Right,1.5919000000003725,,,10,0,9.130200000000189,0,2,2.718099999999628,3.4850999999996275,0,50,Male,1,69.0,87.0,60.03,99.0,86.0,85.14,-30.0,1.0,-25.11,0,1,18,0.0869799999999811,0.4833333333333333
0,Random,2,24,52,0,1,Left,2.958399999999441,,,10,0,10.503899999999442,0,3,3.285899999999441,4.0245,0,50,Male,2,62.0,92.0,57.04,83.0,62.0,51.46,-21.0,30.0,5.579999999999998,5,0,4,0.0503899999999442,0.4833333333333333
0,Random,1,17,53,1,0,Left,2.066299999999814,,,10,0,10.266700000000188,0,3,1.8645,2.8722999999998136,0,50,Male,2,69.0,28.0,19.32,81.0,23.0,18.630000000000003,-12.0,5.0,0.6899999999999977,4,1,17,0.0266700000000188,0.4833333333333333
0,Random,3,48,54,1,0,Left,2.3512000000001865,,,10,0,8.657900000000373,0,3,2.1835,3.3198999999994414,0,50,Male,2,47.0,37.0,17.39,77.0,23.0,17.71,-30.0,14.0,-0.3200000000000003,3,1,8,0.1342099999999627,0.4833333333333333
0,Random,2,40,8,1,0,Right,3.441399999999441,,,10,0,9.262299999999811,0,3,2.7034000000003724,3.664,0,50,Male,2,65.0,49.0,31.85,71.0,33.0,23.43,-6.0,16.0,8.419999999999998,6,0,20,0.0737700000000188,0.4833333333333333
0,Random,1,2,9,1,0,Right,3.846799999999814,,,10,0,9.1515,0,2,2.4780999999996274,3.302899999999441,0,50,Male,1,39.0,66.0,25.74,40.0,50.0,20.0,-1.0,16.0,5.740000000000002,6,0,2,0.0848499999999999,0.4833333333333333
1,Random,1,1,1,0,1,Right,4.4585,,,6,0,4.834100000143051,0,4,4.198900000095367,5.599700000047684,0,60,Male,3,18.0,44.0,7.92,40.0,39.0,15.6,-22.0,5.0,-7.6800000000000015,1,1,1,0.1943166666428248,0.35
1,Random,3,47,18,0,1,Left,2.6925,,,6,0,5.659300000190735,0,1,1.2535,1.950700000047684,0,60,Male,1,73.0,32.0,23.36,82.0,2.0,1.64,-9.0,30.0,21.72,7,0,7,0.056783333301544,0.35
1,Random,1,3,19,0,1,Left,3.9101000001430513,,,6,0,4.239900000095368,0,2,2.1354000000953675,2.896900000095368,0,60,Male,1,24.0,74.0,17.759999999999998,25.0,64.0,16.0,-1.0,10.0,1.759999999999998,5,0,3,0.2933499999841054,0.35
1,Random,3,56,24,1,0,Right,5.381200000047683,,,6,0,3.729900000095368,0,2,0.783,1.4407000000476835,0,60,Male,1,7.0,96.0,6.72,37.0,66.0,24.42,-30.0,30.0,-17.700000000000003,0,0,16,0.3783499999841053,0.35
1,Random,2,30,25,0,1,Left,3.2265,,,6,0,6.0425,0,1,0.9593999998569488,1.6723999998569488,0,60,Male,1,52.0,96.0,49.92,55.0,83.0,45.65,-3.0,13.0,4.270000000000003,5,0,10,0.0070833333333334,0.35
1,Random,3,59,28,0,1,Left,4.807599999904633,,,6,0,2.915100000143051,0,3,1.0780999999046326,1.8636999998092647,0,60,Male,2,11.0,72.0,7.92,33.0,45.0,14.85,-22.0,27.0,-6.93,1,0,19,0.5141499999761582,0.35
1,Random,1,2,3,0,1,Left,3.5289000000953674,,,6,0,5.828700000047684,0,3,2.2217999999523164,3.047,0,60,Male,2,76.0,72.0,54.72,99.0,48.0,47.52,-23.0,24.0,7.200000000000003,6,0,2,0.0285499999920526,0.35
1,Random,1,5,34,0,1,Left,3.829399999856949,,,6,0,4.2245,0,3,1.650899999856949,2.581,0,60,Male,2,27.0,60.0,16.2,36.0,41.0,14.76,-9.0,19.0,1.4399999999999995,4,0,5,0.2959166666666666,0.35
1,Random,2,28,35,1,0,Right,3.458600000143051,,,6,0,4.063099999904632,0,3,1.4952000000476835,2.1685,0,60,Male,2,36.0,37.0,13.32,51.0,10.0,5.1000000000000005,-15.0,27.0,8.219999999999999,6,0,8,0.3228166666825613,0.35
1,Random,3,58,36,1,0,Right,3.85,,,6,0,3.2625,0,3,0.9353999998569488,1.6495,0,60,Male,2,75.0,31.0,23.25,96.0,14.0,13.44,-21.0,17.0,9.81,7,0,18,0.45625,0.35
1,Random,1,7,37,1,0,Right,3.386299999952316,,,6,0,4.247799999952316,0,3,1.357100000143051,2.397600000143051,0,60,Male,2,48.0,35.0,16.799999999999997,61.0,19.0,11.59,-13.0,16.0,5.209999999999997,5,0,7,0.2920333333412806,0.35
1,Random,3,54,39,0,1,Left,3.657700000047684,,,6,0,2.692100000143052,0,3,0.9197999999523164,1.6965,0,60,Male,2,36.0,68.0,24.48,55.0,48.0,26.4,-19.0,20.0,-1.9199999999999984,2,0,14,0.5513166666428247,0.35
1,Random,3,53,42,0,1,Left,2.977799999952316,,,6,0,3.569800000190735,0,2,0.9592999999523164,1.7202999999523163,0,60,Male,1,50.0,89.0,44.5,66.0,67.0,44.220000000000006,-16.0,22.0,0.279999999999994,4,0,13,0.4050333333015442,0.35
1,Random,1,13,43,0,1,Right,3.233400000095368,,,6,0,4.210900000095368,0,3,0.9877999999523164,1.8047999999523163,0,60,Male,2,17.0,73.0,12.41,42.0,63.0,26.46,-25.0,10.0,-14.05,0,1,13,0.2981833333174387,0.35
1,Random,2,39,46,1,0,Right,3.0250999999046324,,,6,0,6.204700000047684,0,2,1.048,1.9282999999523165,0,60,Male,1,78.0,38.0,29.64,90.0,15.0,13.5,-12.0,23.0,16.14,7,0,19,0.034116666674614,0.35
1,Random,1,17,50,1,0,Left,3.721200000047684,,,6,0,3.278699999809265,0,2,1.7172000000476837,2.438200000047684,0,60,Male,1,2.0,34.0,0.68,29.0,13.0,3.77,-27.0,21.0,-3.09,2,1,17,0.4535500000317891,0.35
1,Random,2,35,55,0,1,Left,3.670199999809265,,,6,0,3.394300000190735,0,2,1.1879000000953674,1.985700000047684,0,60,Male,1,35.0,92.0,32.2,41.0,81.0,33.21,-6.0,11.0,-1.009999999999998,3,0,15,0.4342833333015441,0.35
1,Random,2,21,6,0,1,Left,4.6241999998092655,,,6,0,6.351199999809265,0,4,5.137900000095367,6.067600000143052,0,60,Male,3,41.0,64.0,26.24,52.0,51.0,26.52,-11.0,13.0,-0.2799999999999976,3,0,1,0.0585333333015441,0.35
1,Random,1,15,60,1,0,Left,3.662399999856949,,,6,0,4.174,0,1,1.903,2.6,0,60,Male,1,56.0,75.0,42.0,81.0,74.0,59.94,-25.0,1.0,-17.939999999999998,0,1,15,0.3043333333333333,0.35
1,Random,2,29,7,1,0,Left,3.584700000047684,,,6,0,3.4700999999046327,0,3,2.1369000000953675,2.874,0,60,Male,2,61.0,62.0,37.82,69.0,61.0,42.09,-8.0,1.0,-4.269999999999996,2,1,9,0.4216500000158945,0.35
1,Random,3,57,13,1,0,Right,5.328899999856949,,,8,0,3.2590999999046324,0,3,1.981,3.51,0,60,Male,2,73.0,49.0,35.77,81.0,42.0,34.02,-8.0,7.0,1.75,4,0,17,0.5926125000119209,0.35
1,Random,3,45,15,1,0,Left,3.0144000000953675,,,8,0,4.636199999809265,0,2,2.755100000143051,3.403600000143052,0,60,Male,1,36.0,75.0,27.0,52.0,61.0,31.72,-16.0,14.0,-4.719999999999999,2,1,5,0.4204750000238418,0.35
1,Random,3,49,16,1,0,Right,3.1725,,,8,0,4.670199999809265,0,2,1.197,2.0709000000953672,0,60,Male,1,23.0,12.0,2.76,26.0,6.0,1.56,-3.0,6.0,1.1999999999999995,4,0,9,0.4162250000238419,0.35
1,Random,1,4,17,0,1,Left,5.439599999904632,,,8,0,4.568400000095368,0,4,1.3141000001430512,2.0595,0,60,Male,3,31.0,38.0,11.78,46.0,29.0,13.34,-15.0,9.0,-1.5600000000000005,3,0,4,0.428949999988079,0.35
1,Random,2,40,2,0,1,Left,4.844,,,8,0,3.4255999999046325,0,3,0.9955,2.283600000143051,0,60,Male,2,40.0,63.0,25.2,57.0,58.0,33.059999999999995,-17.0,5.0,-7.859999999999996,1,0,20,0.571800000011921,0.35
1,Random,2,33,21,0,1,Left,3.0637999999523164,,,8,0,3.844700000047684,0,3,1.3640999999046326,2.180899999856949,0,60,Male,2,26.0,59.0,15.34,36.0,33.0,11.88,-10.0,26.0,3.459999999999999,5,0,13,0.5194124999940395,0.35
1,Random,3,41,22,0,1,Left,3.003599999904633,,,8,0,4.519400000095367,0,2,2.0877000000476835,2.9292999999523164,0,60,Male,1,24.0,95.0,22.8,53.0,71.0,37.63,-29.0,24.0,-14.829999999999998,0,0,1,0.4350749999880791,0.35
1,Random,2,27,32,1,0,Right,3.3093999998569488,,,8,0,5.320200000047684,0,1,1.4636000001430511,2.7044000000953674,0,60,Male,1,59.0,31.0,18.29,60.0,1.0,0.6,-1.0,30.0,17.689999999999998,7,0,7,0.3349749999940394,0.35
1,Random,3,51,33,1,0,Left,4.350099999904632,,,8,0,3.999700000047684,0,3,1.098,2.075,0,60,Male,2,57.0,51.0,29.07,62.0,48.0,29.76,-5.0,3.0,-0.6899999999999977,3,1,11,0.5000374999940396,0.35
1,Random,1,16,4,0,1,Left,4.843899999856949,,,8,0,4.2035,0,3,2.368900000095368,6.1625,0,60,Male,2,72.0,82.0,59.04,73.0,81.0,59.13,-1.0,1.0,-0.0900000000000034,3,0,16,0.4745625,0.35
1,Random,1,6,44,0,1,Right,4.190299999952316,,,8,0,5.041600000143051,0,4,1.6657999999523163,2.587100000143052,0,60,Male,3,19.0,86.0,16.34,45.0,71.0,31.95,-26.0,15.0,-15.61,0,1,6,0.3697999999821186,0.35
1,Random,2,34,47,1,0,Right,3.140600000143051,,,8,0,6.386,0,3,1.2255,2.0504000000953675,0,60,Male,2,68.0,30.0,20.4,89.0,16.0,14.24,-21.0,14.0,6.159999999999998,6,0,14,0.2017499999999999,0.35
1,Random,3,48,48,1,0,Right,3.520699999809265,,,8,0,4.761699999809265,0,3,0.9751000001430512,1.9275,0,60,Male,2,35.0,68.0,23.8,54.0,43.0,23.22,-19.0,25.0,0.5800000000000018,4,0,8,0.4047875000238419,0.35
1,Random,3,60,5,0,1,Left,3.755400000095368,,,8,0,3.857,0,3,1.171600000143051,2.044800000190735,0,60,Male,2,72.0,33.0,23.76,98.0,5.0,4.9,-26.0,28.0,18.86,7,0,20,0.517875,0.35
1,Random,1,18,51,0,1,Left,2.446,,,8,0,4.446299999952316,0,3,3.3492999999523163,4.118299999952316,0,60,Male,2,41.0,94.0,38.54,48.0,70.0,33.599999999999994,-7.0,24.0,4.940000000000005,5,0,18,0.4442125000059604,0.35
1,Random,2,31,56,0,1,Left,2.7005999999046324,,,8,0,4.833200000047683,0,4,3.0323999998569486,3.801,0,60,Male,3,62.0,34.0,21.08,86.0,15.0,12.9,-24.0,19.0,8.180000000000001,6,0,11,0.3958499999940396,0.35
1,Random,2,32,57,0,1,Right,3.708200000047684,,,8,0,4.461099999904633,0,2,1.2237999999523164,2.009,0,60,Male,1,59.0,94.0,55.46,86.0,89.0,76.54,-27.0,5.0,-21.080000000000013,0,1,12,0.4423625000119209,0.35
1,Random,3,44,58,0,1,Right,2.821200000047684,,,8,0,5.9065,0,3,1.0965,2.377200000047684,0,60,Male,2,36.0,54.0,19.44,48.0,53.0,25.44,-12.0,1.0,-6.0,1,1,4,0.2616874999999999,0.35
1,Random,3,55,59,1,0,Left,3.805799999952317,,,8,0,3.2495999999046328,0,4,1.0237999999523162,1.8095,0,60,Male,3,8.0,64.0,5.12,25.0,34.0,8.5,-17.0,30.0,-3.38,2,1,15,0.5938000000119209,0.35
1,Random,2,38,10,0,1,Right,3.347200000047684,,,10,0,6.758400000095367,0,2,0.8217000000476837,1.591,0,60,Male,1,5.0,55.0,2.75,35.0,36.0,12.6,-30.0,19.0,-9.85,1,1,18,0.3241599999904633,0.35
1,Random,2,36,11,0,1,Left,3.320200000047684,,,10,0,5.8335,0,2,1.0675,1.948799999952316,0,60,Male,1,72.0,85.0,61.2,86.0,66.0,56.760000000000005,-14.0,19.0,4.439999999999991,5,0,16,0.41665,0.35
1,Random,1,9,14,0,1,Right,5.144899999856949,,,10,0,4.982,0,3,2.453,3.0717000000476835,0,60,Male,2,33.0,61.0,20.13,51.0,44.0,22.44,-18.0,17.0,-2.3100000000000023,2,1,9,0.5018,0.35
1,Random,1,8,20,0,1,Left,2.733600000143051,,,10,0,5.149599999904632,0,3,2.1520999999046326,2.8255999999046324,0,60,Male,2,35.0,24.0,8.4,65.0,14.0,9.1,-30.0,10.0,-0.7000000000000011,3,0,8,0.4850400000095368,0.35
1,Random,2,22,23,1,0,Right,4.354100000143051,,,10,0,5.510799999952316,0,4,1.5027999999523165,2.2555,0,60,Male,3,52.0,36.0,18.72,63.0,27.0,17.01,-11.0,9.0,1.7099999999999973,4,0,2,0.4489200000047684,0.35
1,Random,1,12,26,1,0,Right,2.896100000143051,,,10,0,6.091,0,2,1.2432000000476835,2.005400000095368,0,60,Male,1,95.0,74.0,70.3,97.0,49.0,47.53,-2.0,25.0,22.77,7,0,12,0.3908999999999999,0.35
1,Random,2,25,27,0,1,Left,3.6435,,,10,0,4.9853999998569485,0,3,1.288,2.2730999999046326,0,60,Male,2,18.0,49.0,8.82,23.0,29.0,6.67,-5.0,20.0,2.1500000000000004,5,0,5,0.5014600000143051,0.35
1,Random,2,37,29,1,0,Right,2.296700000047684,,,10,0,6.341700000047684,0,1,0.8092000000476837,1.4652000000476837,0,60,Male,1,64.0,32.0,20.48,69.0,4.0,2.76,-5.0,28.0,17.72,7,0,17,0.3658299999952316,0.35
1,Random,3,42,30,0,1,Right,4.087200000047684,,,10,0,4.438799999952316,0,3,1.341100000143051,2.639,0,60,Male,2,71.0,82.0,58.22,80.0,78.0,62.400000000000006,-9.0,4.0,-4.180000000000007,2,1,2,0.5561200000047684,0.35
1,Random,3,50,31,1,0,Left,3.588099999904633,,,10,0,3.8765,0,2,0.7872999999523163,1.4928999998569488,0,60,Male,1,59.0,23.0,13.57,74.0,22.0,16.28,-15.0,1.0,-2.710000000000001,2,1,10,0.61235,0.35
1,Random,1,10,38,0,1,Right,4.979800000190735,,,10,0,6.6835,0,3,2.300600000143051,3.069200000047684,0,60,Male,2,43.0,54.0,23.22,63.0,45.0,28.35,-20.0,9.0,-5.129999999999999,1,1,10,0.3316499999999999,0.35
1,Random,2,23,40,1,0,Left,2.9547999999523165,,,10,0,5.207100000143051,0,4,1.0328999998569488,2.0420999999046328,0,60,Male,3,30.0,41.0,12.3,60.0,35.0,21.0,-30.0,6.0,-8.700000000000001,1,1,3,0.4792899999856949,0.35
1,Random,1,20,41,1,0,Right,2.7768000001907347,,,10,0,6.626799999952317,0,3,1.9640999999046325,3.292700000047684,0,60,Male,2,35.0,40.0,14.0,48.0,10.0,4.800000000000001,-13.0,30.0,9.2,6,0,20,0.3373200000047683,0.35
1,Random,3,43,45,1,0,Left,3.3235,,,10,0,5.057099999904633,0,1,1.914799999952316,4.956,0,60,Male,1,52.0,92.0,47.84,72.0,91.0,65.52,-20.0,1.0,-17.679999999999993,0,1,3,0.4942900000095367,0.35
1,Random,2,24,49,0,1,Right,3.780800000190735,,,10,0,8.881099999904633,0,2,3.3137999999523164,4.146799999952316,0,60,Male,1,69.0,87.0,60.03,99.0,86.0,85.14,-30.0,1.0,-25.11,0,1,4,0.1118900000095367,0.35
1,Random,3,52,52,1,0,Right,2.888799999952316,,,10,0,4.487400000095367,0,2,0.9317999999523164,1.7011000001430512,0,60,Male,1,62.0,92.0,57.04,83.0,62.0,51.46,-21.0,30.0,5.579999999999998,5,0,12,0.5512599999904633,0.35
1,Random,2,26,53,0,1,Right,4.695100000143051,,,10,0,4.523700000047684,0,4,1.202,2.0830999999046327,0,60,Male,3,69.0,28.0,19.32,81.0,23.0,18.630000000000003,-12.0,5.0,0.6899999999999977,4,1,6,0.5476299999952315,0.35
1,Random,3,46,54,1,0,Left,3.04,,,10,0,6.9085,0,3,1.2522999999523163,2.405900000095368,0,60,Male,2,47.0,37.0,17.39,77.0,23.0,17.71,-30.0,14.0,-0.3200000000000003,3,1,6,0.30915,0.35
1,Random,1,19,8,0,1,Left,3.0005,,,10,0,3.298299999952316,0,3,1.2587000000476838,2.124299999952316,0,60,Male,2,65.0,49.0,31.85,71.0,33.0,23.43,-6.0,16.0,8.419999999999998,6,0,19,0.6701700000047683,0.35
1,Random,1,11,9,1,0,Right,3.603,,,10,0,6.362900000095367,0,3,2.195899999856949,3.3565999999046325,0,60,Male,2,39.0,66.0,25.74,40.0,50.0,20.0,-1.0,16.0,5.740000000000002,6,0,11,0.3637099999904633,0.35
2,Random,2,39,1,1,0,Left,1.9315,,,6,0,6.706,0,3,2.2525,3.98979999999702,0,59,Male,2,18.0,44.0,7.92,40.0,39.0,15.6,-22.0,5.0,-7.6800000000000015,1,1,19,0.1176666666666667,0.3
2,Random,3,42,18,1,0,Right,2.2535,,,6,0,3.2667000000029804,0,2,2.3086000000089406,3.64490000000596,0,59,Male,1,73.0,32.0,23.36,82.0,2.0,1.64,-9.0,30.0,21.72,7,0,2,0.4555499999995032,0.3
2,Random,1,14,19,0,1,Left,2.268,,,6,0,3.96079999999702,0,3,3.45220000000298,5.33709999999404,0,59,Male,2,24.0,74.0,17.759999999999998,25.0,64.0,16.0,-1.0,10.0,1.759999999999998,5,0,14,0.3398666666671633,0.3
2,Random,2,26,24,0,1,Right,2.546,,,6,0,4.42509999999404,0,2,3.5285,4.69459999999404,0,59,Male,1,7.0,96.0,6.72,37.0,66.0,24.42,-30.0,30.0,-17.700000000000003,0,1,6,0.2624833333343266,0.3
2,Random,2,37,25,1,0,Left,2.205,,,6,0,5.22220000000298,0,3,2.818,4.123800000011921,0,59,Male,2,52.0,96.0,49.92,55.0,83.0,45.65,-3.0,13.0,4.270000000000003,5,1,17,0.1296333333328367,0.3
2,Random,2,29,28,1,0,,3.33379999999702,,,6,0,6.06429999999702,1,4,4.42329999999702,5.73589999999106,0,59,Male,3,11.0,72.0,7.92,33.0,45.0,14.85,-22.0,27.0,-6.93,1,0,9,0.01071666666617,0.3
2,Random,2,32,3,0,1,Left,3.02509999999404,,,6,0,3.58929999999702,0,3,1.9152000000029803,3.20529999999702,0,59,Male,2,76.0,72.0,54.72,99.0,48.0,47.52,-23.0,24.0,7.200000000000003,6,0,12,0.40178333333383,0.3
2,Random,3,47,34,1,0,Right,2.62379999999702,,,6,0,4.52640000000596,0,3,3.3764000000059604,5.391,0,59,Male,2,27.0,60.0,16.2,36.0,41.0,14.76,-9.0,19.0,1.4399999999999995,4,0,7,0.2455999999990066,0.3
2,Random,3,43,35,0,1,Left,2.16529999999702,,,6,0,3.22879999999702,0,3,2.089,3.2390999999940395,0,59,Male,2,36.0,37.0,13.32,51.0,10.0,5.1000000000000005,-15.0,27.0,8.219999999999999,6,0,3,0.4618666666671633,0.3
2,Random,3,44,36,1,0,Right,2.31220000000298,,,6,0,4.55870000000298,0,3,2.28070000000298,3.5939000000059607,0,59,Male,2,75.0,31.0,23.25,96.0,14.0,13.44,-21.0,17.0,9.81,7,0,4,0.24021666666617,0.3
2,Random,3,58,37,0,1,Left,2.528699999988079,,,6,0,2.932100000008941,0,3,1.5387999999970197,2.729,0,59,Male,2,48.0,35.0,16.799999999999997,61.0,19.0,11.59,-13.0,16.0,5.209999999999997,5,0,18,0.5113166666651765,0.3
2,Random,1,3,39,1,0,Right,2.079,,,6,0,4.485599999994039,0,3,3.455800000011921,5.757300000011921,0,59,Male,2,36.0,68.0,24.48,55.0,48.0,26.4,-19.0,20.0,-1.9199999999999984,2,0,3,0.2524000000009934,0.3
2,Random,3,45,42,1,0,Right,1.8399000000059604,,,6,0,4.594400000005961,0,3,2.562,3.86679999999702,0,59,Male,2,50.0,89.0,44.5,66.0,67.0,44.220000000000006,-16.0,22.0,0.279999999999994,4,0,5,0.2342666666656732,0.3
2,Random,2,38,43,0,1,Right,2.09559999999404,,,6,0,5.85320000000298,0,3,2.543,3.802400000005961,0,59,Male,2,17.0,73.0,12.41,42.0,63.0,26.46,-25.0,10.0,-14.05,0,1,18,0.0244666666661699,0.3
2,Random,1,4,46,1,0,Right,3.767899999991059,,,6,0,2.377,0,3,2.31979999999702,3.96579999999702,0,59,Male,2,78.0,38.0,29.64,90.0,15.0,13.5,-12.0,23.0,16.14,7,0,4,0.6038333333333333,0.3
2,Random,3,60,50,0,1,Left,2.2782000000029803,,,6,0,5.055700000002981,0,3,1.83779999999702,3.49,0,59,Male,2,2.0,34.0,0.68,29.0,13.0,3.77,-27.0,21.0,-3.09,2,0,20,0.1573833333328365,0.3
2,Random,1,8,55,0,1,Left,3.680200000002981,,,6,0,3.9806000000089408,0,3,2.90409999999404,4.333400000005961,0,59,Male,2,35.0,92.0,32.2,41.0,81.0,33.21,-6.0,11.0,-1.009999999999998,3,0,8,0.3365666666651765,0.3
2,Random,3,57,6,1,0,Right,5.404100000008941,,,6,0,4.19340000000596,0,3,1.80929999999702,3.11459999999404,0,59,Male,2,41.0,64.0,26.24,52.0,51.0,26.52,-11.0,13.0,-0.2799999999999976,3,0,17,0.3010999999990066,0.3
2,Random,1,5,60,0,1,Right,3.0959000000059604,,,6,0,2.438300000011921,0,3,2.88059999999404,4.53409999999404,0,59,Male,2,56.0,75.0,42.0,81.0,74.0,59.94,-25.0,1.0,-17.939999999999998,0,1,5,0.5936166666646798,0.3
2,Random,3,55,7,0,1,Right,2.6837000000029803,,,6,0,3.99070000000298,0,3,1.6907000000029802,3.0185,0,59,Male,2,61.0,62.0,37.82,69.0,61.0,42.09,-8.0,1.0,-4.269999999999996,2,1,15,0.3348833333328366,0.3
2,Random,2,25,12,0,1,Left,2.654899999991059,,,8,0,5.381800000011921,0,3,2.30709999999404,3.859399999991059,0,59,Male,2,72.0,98.0,70.56,73.0,77.0,56.21,-1.0,21.0,14.35,7,0,5,0.3272749999985098,0.3
2,Random,1,1,13,0,1,Left,4.00720000000298,,,8,0,4.120899999991059,0,3,2.60320000000298,4.07159999999404,0,59,Male,2,73.0,49.0,35.77,81.0,42.0,34.02,-8.0,7.0,1.75,4,0,1,0.4848875000011176,0.3
2,Random,1,15,15,0,1,Right,3.20029999999702,,,8,0,4.0869000000059605,0,4,3.44279999999702,5.674200000002981,0,59,Male,3,36.0,75.0,27.0,52.0,61.0,31.72,-16.0,14.0,-4.719999999999999,2,1,15,0.4891374999992549,0.3
2,Random,1,10,16,0,1,Left,3.726,,,8,0,4.361199999988079,0,3,1.92220000000298,4.369700000002981,0,59,Male,2,23.0,12.0,2.76,26.0,6.0,1.56,-3.0,6.0,1.1999999999999995,4,0,10,0.4548500000014901,0.3
2,Random,1,19,17,0,1,Right,3.42239999999106,,,8,0,6.238100000008941,0,3,2.1642000000029804,3.4159000000059603,0,59,Male,2,31.0,38.0,11.78,46.0,29.0,13.34,-15.0,9.0,-1.5600000000000005,3,1,19,0.2202374999988824,0.3
2,Random,3,59,2,0,1,Right,2.499,,,8,0,6.2295,0,3,3.42059999999404,5.010699999988079,0,59,Male,2,40.0,63.0,25.2,57.0,58.0,33.059999999999995,-17.0,5.0,-7.859999999999996,1,1,19,0.2213125,0.3
2,Random,1,20,21,0,1,Left,3.1096000000089408,,,8,0,6.78459999999404,0,3,2.17709999999404,3.2898999999910594,0,59,Male,2,26.0,59.0,15.34,36.0,33.0,11.88,-10.0,26.0,3.459999999999999,5,0,20,0.151925000000745,0.3
2,Random,2,30,22,1,0,Right,2.4530999999940395,,,8,0,3.98770000000298,0,3,2.1385,3.74609999999404,0,59,Male,2,24.0,95.0,22.8,53.0,71.0,37.63,-29.0,24.0,-14.829999999999998,0,0,10,0.5015374999996275,0.3
2,Random,1,12,32,1,0,Right,1.8875,,,8,0,6.92879999999702,0,3,2.32379999999702,3.95459999999404,0,59,Male,2,59.0,31.0,18.29,60.0,1.0,0.6,-1.0,30.0,17.689999999999998,7,0,12,0.1339000000003725,0.3
2,Random,2,31,33,1,0,Right,2.1646000000089405,,,8,0,5.17079999999702,0,3,3.70809999999404,5.044199999988079,0,59,Male,2,57.0,51.0,29.07,62.0,48.0,29.76,-5.0,3.0,-0.6899999999999977,3,0,11,0.3536500000003725,0.3
2,Random,1,9,4,1,0,Right,3.78729999999702,,,8,0,3.3007000000029803,0,3,2.33529999999702,3.75670000000298,0,59,Male,2,72.0,82.0,59.04,73.0,81.0,59.13,-1.0,1.0,-0.0900000000000034,3,0,9,0.5874124999996275,0.3
2,Random,1,7,44,1,0,Left,2.56579999999702,,,8,0,3.967600000008941,0,3,4.8705,6.73210000000894,0,59,Male,2,19.0,86.0,16.34,45.0,71.0,31.95,-26.0,15.0,-15.61,0,1,7,0.5040499999988823,0.3
2,Random,2,36,47,1,0,Right,2.66679999999702,,,8,0,6.44079999999702,0,3,2.027600000008941,3.4174000000059603,0,59,Male,2,68.0,30.0,20.4,89.0,16.0,14.24,-21.0,14.0,6.159999999999998,6,0,16,0.1949000000003725,0.3
2,Random,3,48,48,0,1,Left,2.851300000011921,,,8,0,5.214399999991059,0,3,1.9027000000029803,3.5162000000029803,0,59,Male,2,35.0,68.0,23.8,54.0,43.0,23.22,-19.0,25.0,0.5800000000000018,4,0,8,0.3482000000011176,0.3
2,Random,1,6,5,0,1,Left,3.478,,,8,0,3.7055,0,3,2.6125999999940395,4.2497000000029805,0,59,Male,2,72.0,33.0,23.76,98.0,5.0,4.9,-26.0,28.0,18.86,7,0,6,0.5368125,0.3
2,Random,1,18,51,0,1,Left,2.477,,,8,0,7.04290000000596,0,3,2.054899999991059,3.545699999988079,0,59,Male,2,41.0,94.0,38.54,48.0,70.0,33.599999999999994,-7.0,24.0,4.940000000000005,5,0,18,0.1196374999992549,0.3
2,Random,2,34,56,1,0,Right,2.6686000000089405,,,8,0,6.924900000005961,0,3,2.1383999999910595,3.868199999988079,0,59,Male,2,62.0,34.0,21.08,86.0,15.0,12.9,-24.0,19.0,8.180000000000001,6,0,14,0.1343874999992549,0.3
2,Random,2,35,57,0,1,Right,2.577699999988079,,,8,0,6.503400000005961,0,3,2.0215,3.53529999999702,0,59,Male,2,59.0,94.0,55.46,86.0,89.0,76.54,-27.0,5.0,-21.080000000000013,0,1,15,0.1870749999992549,0.3
2,Random,3,49,58,1,0,Right,3.61829999999702,,,8,0,3.0053999999910594,0,3,1.5532999999970198,2.71979999999702,0,59,Male,2,36.0,54.0,19.44,48.0,53.0,25.44,-12.0,1.0,-6.0,1,0,9,0.6243250000011176,0.3
2,Random,2,23,59,1,0,Left,2.556199999988079,,,8,0,6.83179999999702,0,3,2.2815,3.80290000000596,0,59,Male,2,8.0,64.0,5.12,25.0,34.0,8.5,-17.0,30.0,-3.38,2,1,3,0.1460250000003725,0.3
2,Random,2,33,10,0,1,Right,1.9196000000089408,,,10,0,5.501200000002981,0,3,2.1375,3.68970000000298,0,59,Male,2,5.0,55.0,2.75,35.0,36.0,12.6,-30.0,19.0,-9.85,1,1,13,0.4498799999997019,0.3
2,Random,1,11,11,0,1,Left,2.67079999999702,,,10,0,8.8335,0,4,2.8160999999940395,4.237899999991059,0,59,Male,3,72.0,85.0,61.2,86.0,66.0,56.760000000000005,-14.0,19.0,4.439999999999991,5,0,11,0.1166499999999999,0.3
2,Random,2,27,14,1,0,Left,4.7155,,,10,0,5.006800000011921,0,3,1.9016000000089408,3.4306000000089405,0,59,Male,2,33.0,61.0,20.13,51.0,44.0,22.44,-18.0,17.0,-2.3100000000000023,2,1,7,0.4993199999988079,0.3
2,Random,1,2,20,1,0,Right,2.433899999991059,,,10,0,7.64940000000596,0,3,2.58929999999702,4.96909999999404,0,59,Male,2,35.0,24.0,8.4,65.0,14.0,9.1,-30.0,10.0,-0.7000000000000011,3,0,2,0.235059999999404,0.3
2,Random,1,16,23,1,0,Right,2.6150999999940394,,,10,0,6.12969999998808,0,3,3.23679999999702,4.442099999994039,0,59,Male,2,52.0,36.0,18.72,63.0,27.0,17.01,-11.0,9.0,1.7099999999999973,4,0,16,0.387030000001192,0.3
2,Random,2,22,26,1,0,Right,3.7455,,,10,0,9.5395,0,3,2.05909999999404,4.65389999999106,0,59,Male,2,95.0,74.0,70.3,97.0,49.0,47.53,-2.0,25.0,22.77,7,0,2,0.0460499999999999,0.3
2,Random,3,46,27,1,0,Right,2.4731000000089405,,,10,0,4.704899999991059,0,3,2.6504000000059604,3.94779999999702,0,59,Male,2,18.0,49.0,8.82,23.0,29.0,6.67,-5.0,20.0,2.1500000000000004,5,0,6,0.5295100000008941,0.3
2,Random,3,41,29,0,1,Left,3.270800000011921,,,10,0,4.94589999999106,0,3,2.65920000000298,3.90229999999702,0,59,Male,2,64.0,32.0,20.48,69.0,4.0,2.76,-5.0,28.0,17.72,7,0,1,0.5054100000008941,0.3
2,Random,1,13,30,1,0,Right,3.3389000000059603,,,10,0,6.5549000000059605,0,3,1.913300000011921,3.3424000000059606,0,59,Male,2,71.0,82.0,58.22,80.0,78.0,62.400000000000006,-9.0,4.0,-4.180000000000007,2,0,13,0.3445099999994039,0.3
2,Random,2,21,31,1,0,Left,2.72329999999702,,,10,0,7.31739999999106,0,3,3.85270000000298,5.3281000000089405,0,59,Male,2,59.0,23.0,13.57,74.0,22.0,16.28,-15.0,1.0,-2.710000000000001,2,1,1,0.268260000000894,0.3
2,Random,3,50,38,0,1,Left,2.66979999999702,,,10,0,7.50090000000596,0,3,1.7293999999910592,3.0265,0,59,Male,2,43.0,54.0,23.22,63.0,45.0,28.35,-20.0,9.0,-5.129999999999999,1,0,10,0.2499099999994039,0.3
2,Random,2,24,40,0,1,Right,3.059199999988079,,,10,0,7.814400000005961,0,3,3.2116000000089406,4.69220000000298,0,59,Male,2,30.0,41.0,12.3,60.0,35.0,21.0,-30.0,6.0,-8.700000000000001,1,1,4,0.2185599999994039,0.3
2,Random,2,40,41,0,1,Left,2.7664000000059605,,,10,0,9.84870000000298,0,4,1.97759999999404,3.09829999999702,0,59,Male,3,35.0,40.0,14.0,48.0,10.0,4.800000000000001,-13.0,30.0,9.2,6,0,20,0.015129999999702,0.3
2,Random,3,53,45,1,0,Left,2.22279999999702,,,10,0,7.338400000005961,0,4,3.29309999999404,4.79870000000298,0,59,Male,3,52.0,92.0,47.84,72.0,91.0,65.52,-20.0,1.0,-17.679999999999993,0,1,13,0.2661599999994039,0.3
2,Random,3,56,49,0,1,Right,1.9475,,,10,0,7.802599999994039,0,3,2.08889999999106,3.2310999999940395,0,59,Male,2,69.0,87.0,60.03,99.0,86.0,85.14,-30.0,1.0,-25.11,0,1,16,0.219740000000596,0.3
2,Random,1,17,52,0,1,Left,3.76220000000298,,,10,0,5.55990000000596,0,3,2.6569000000059604,4.21670000000298,0,59,Male,2,62.0,92.0,57.04,83.0,62.0,51.46,-21.0,30.0,5.579999999999998,5,0,17,0.4440099999994039,0.3
2,Random,3,54,53,0,1,Left,2.79229999999702,,,10,0,6.293899999991059,0,3,1.8656000000089408,3.4407000000029804,0,59,Male,2,69.0,28.0,19.32,81.0,23.0,18.630000000000003,-12.0,5.0,0.6899999999999977,4,0,14,0.370610000000894,0.3
2,Random,2,28,54,1,0,Right,3.33379999999702,,,10,0,9.40109999999404,0,4,4.351299999997019,5.802899999991059,0,59,Male,3,47.0,37.0,17.39,77.0,23.0,17.71,-30.0,14.0,-0.3200000000000003,3,0,8,0.059890000000596,0.3
2,Random,3,52,8,0,1,Left,2.4641000000089406,,,10,0,6.9132000000029805,0,3,2.3005,3.7055,0,59,Male,2,65.0,49.0,31.85,71.0,33.0,23.43,-6.0,16.0,8.419999999999998,6,0,12,0.3086799999997019,0.3
2,Random,3,51,9,1,0,Right,2.2324000000059603,,,10,0,6.02120000000298,0,2,2.313,3.5254000000059604,0,59,Male,1,39.0,66.0,25.74,40.0,50.0,20.0,-1.0,16.0,5.740000000000002,6,0,11,0.3978799999997019,0.3
3,Random,3,52,1,1,0,Left,2.464,,,6,0,2.650200000286102,0,2,2.1650999999046325,2.6020999999046324,0,41,Male,1,18.0,44.0,7.92,40.0,39.0,15.6,-22.0,5.0,-7.6800000000000015,1,1,12,0.5582999999523163,0.3
3,Random,2,21,18,0,1,Left,1.7895999999046326,,,6,0,3.497,0,1,2.054699999809265,2.583199999809265,0,41,Male,1,73.0,32.0,23.36,82.0,2.0,1.64,-9.0,30.0,21.72,7,0,1,0.4171666666666667,0.3
3,Random,2,38,19,0,1,Left,2.356900000095368,,,6,0,5.960699999809266,0,1,1.3124000000953675,1.9687000002861024,0,41,Male,1,24.0,74.0,17.759999999999998,25.0,64.0,16.0,-1.0,10.0,1.759999999999998,5,0,18,0.006550000031789,0.3
3,Random,3,50,24,0,1,Right,3.2325,,,6,0,4.506900000095367,0,2,0.8495,1.3916999998092652,0,41,Male,1,7.0,96.0,6.72,37.0,66.0,24.42,-30.0,30.0,-17.700000000000003,0,1,10,0.2488499999841054,0.3
3,Random,3,60,25,1,0,Right,1.815,,,6,0,3.3033000001907347,0,1,1.5988000001907348,2.239900000095368,0,41,Male,1,52.0,96.0,49.92,55.0,83.0,45.65,-3.0,13.0,4.270000000000003,5,0,20,0.4494499999682109,0.3
3,Random,2,32,28,1,0,Right,2.927699999809265,,,6,0,5.005,0,2,0.9578000001907347,1.392699999809265,0,41,Male,1,11.0,72.0,7.92,33.0,45.0,14.85,-22.0,27.0,-6.93,1,0,12,0.1658333333333333,0.3
3,Random,1,9,3,0,1,Left,2.4912000002861023,,,6,0,2.6547000002861023,0,2,1.7699000000953675,2.5327999997138977,0,41,Male,1,76.0,72.0,54.72,99.0,48.0,47.52,-23.0,24.0,7.200000000000003,6,0,9,0.5575499999523162,0.3
3,Random,1,10,35,1,0,Right,2.2725999999046325,,,6,0,2.6454000000953672,0,2,0.9651999998092652,2.16039999961853,0,41,Male,1,36.0,37.0,13.32,51.0,10.0,5.1000000000000005,-15.0,27.0,8.219999999999999,6,0,10,0.5590999999841054,0.3
3,Random,3,59,36,1,0,Right,1.9742999997138977,,,6,0,3.951900000095368,0,2,1.1514000000953677,1.8411999998092647,0,41,Male,1,75.0,31.0,23.25,96.0,14.0,13.44,-21.0,17.0,9.81,7,0,19,0.3413499999841053,0.3
3,Random,1,18,37,0,1,Left,2.7890999999046326,,,6,0,3.0425999999046325,0,2,1.2593999996185303,1.7155999999046323,0,41,Male,1,48.0,35.0,16.799999999999997,61.0,19.0,11.59,-13.0,16.0,5.209999999999997,5,0,18,0.4929000000158945,0.3
3,Random,2,26,39,1,0,Right,2.9740999999046327,,,6,0,3.890199999809265,0,2,1.2002999997138977,1.6185,0,41,Male,1,36.0,68.0,24.48,55.0,48.0,26.4,-19.0,20.0,-1.9199999999999984,2,0,6,0.3516333333651225,0.3
3,Random,1,11,42,1,0,Right,2.337700000286102,,,6,0,2.997,0,2,0.7863999996185302,1.5405,0,41,Male,1,50.0,89.0,44.5,66.0,67.0,44.220000000000006,-16.0,22.0,0.279999999999994,4,0,11,0.5005000000000001,0.3
3,Random,2,39,43,0,1,Right,2.5704000000953675,,,6,0,4.047700000286103,0,2,1.1621999998092651,1.876699999809265,0,41,Male,1,17.0,73.0,12.41,42.0,63.0,26.46,-25.0,10.0,-14.05,0,1,19,0.3253833332856494,0.3
3,Random,2,29,46,1,0,Right,1.9191000003814696,,,6,0,2.3742000002861023,0,2,0.9657000002861024,1.4124000000953674,0,41,Male,1,78.0,38.0,29.64,90.0,15.0,13.5,-12.0,23.0,16.14,7,0,9,0.6042999999523163,0.3
3,Random,3,49,50,0,1,Right,3.2762000002861025,,,6,0,1.310800000190735,0,2,0.8761000003814697,1.2758000001907348,0,41,Male,1,2.0,34.0,0.68,29.0,13.0,3.77,-27.0,21.0,-3.09,2,1,9,0.7815333333015442,0.3
3,Random,3,54,55,1,0,Right,2.0348000001907347,,,6,0,4.713599999904632,0,2,2.2405999999046324,2.622599999904633,0,41,Male,1,35.0,92.0,32.2,41.0,81.0,33.21,-6.0,11.0,-1.009999999999998,3,0,14,0.2144000000158946,0.3
3,Random,1,13,6,1,0,Right,2.148199999809265,,,6,0,2.7431999998092653,0,2,0.7476999998092652,1.2552999997138976,0,41,Male,1,41.0,64.0,26.24,52.0,51.0,26.52,-11.0,13.0,-0.2799999999999976,3,0,13,0.5428000000317891,0.3
3,Random,2,25,60,1,0,Left,2.220700000286102,,,6,0,4.439199999809265,0,2,1.6505999999046326,2.102699999809265,0,41,Male,1,56.0,75.0,42.0,81.0,74.0,59.94,-25.0,1.0,-17.939999999999998,0,1,5,0.2601333333651225,0.3
3,Random,3,41,7,1,0,Left,3.429699999809265,,,6,0,3.940299999713898,0,3,2.7132000002861023,3.458300000190735,0,41,Male,2,61.0,62.0,37.82,69.0,61.0,42.09,-8.0,1.0,-4.269999999999996,2,1,1,0.343283333381017,0.3
3,Random,2,40,12,1,0,Right,1.9490999999046328,,,8,0,4.25639999961853,0,1,1.1152000002861022,1.5440999999046323,0,41,Male,1,72.0,98.0,70.56,73.0,77.0,56.21,-1.0,21.0,14.35,7,0,20,0.4679500000476837,0.3
3,Random,1,12,13,1,0,Right,1.9893999996185303,,,8,0,3.146599999904633,0,2,0.893,1.3540999999046326,0,41,Male,1,73.0,49.0,35.77,81.0,42.0,34.02,-8.0,7.0,1.75,4,0,12,0.6066750000119209,0.3
3,Random,2,34,16,0,1,Left,2.3168999996185304,,,8,0,3.489200000286102,0,2,0.8195999999046326,1.4140999999046326,0,41,Male,1,23.0,12.0,2.76,26.0,6.0,1.56,-3.0,6.0,1.1999999999999995,4,0,14,0.5638499999642372,0.3
3,Random,3,57,17,0,1,Left,4.643099999904632,,,8,0,3.00710000038147,0,3,0.6921000003814697,1.1529000000953675,0,41,Male,2,31.0,38.0,11.78,46.0,29.0,13.34,-15.0,9.0,-1.5600000000000005,3,0,17,0.6241124999523162,0.3
3,Random,1,6,2,1,0,Left,3.390599999904633,,,8,0,6.415400000095367,0,2,1.6438999996185302,2.02,0,41,Male,1,40.0,63.0,25.2,57.0,58.0,33.059999999999995,-17.0,5.0,-7.859999999999996,1,1,6,0.1980749999880791,0.3
3,Random,3,46,21,1,0,Right,2.9062000002861024,,,8,0,3.510300000190735,0,2,2.1326999998092653,2.8336999998092653,0,41,Male,1,26.0,59.0,15.34,36.0,33.0,11.88,-10.0,26.0,3.459999999999999,5,0,6,0.5612124999761581,0.3
3,Random,3,51,22,0,1,Right,3.8315,,,8,0,2.782699999809265,0,3,1.7707999997138977,2.464,0,41,Male,2,24.0,95.0,22.8,53.0,71.0,37.63,-29.0,24.0,-14.829999999999998,0,1,11,0.6521625000238418,0.3
3,Random,3,53,32,0,1,Left,2.039300000190735,,,8,0,3.493800000190735,0,1,2.047700000286102,2.4069000000953675,0,41,Male,1,59.0,31.0,18.29,60.0,1.0,0.6,-1.0,30.0,17.689999999999998,7,0,13,0.5632749999761582,0.3
3,Random,1,8,33,1,0,Right,2.5505,,,8,0,3.8705,0,2,0.9729000000953676,1.3650999999046325,0,41,Male,1,57.0,51.0,29.07,62.0,48.0,29.76,-5.0,3.0,-0.6899999999999977,3,0,8,0.5161875,0.3
3,Random,3,56,4,0,1,Right,4.014099999904633,,,8,0,3.8785,0,3,3.3938000001907347,4.084,0,41,Male,2,72.0,82.0,59.04,73.0,81.0,59.13,-1.0,1.0,-0.0900000000000034,3,1,16,0.5151875,0.3
3,Random,2,35,44,1,0,Left,3.384,,,8,0,6.388700000286102,0,2,4.2045,4.879599999904633,0,41,Male,1,19.0,86.0,16.34,45.0,71.0,31.95,-26.0,15.0,-15.61,0,1,15,0.2014124999642372,0.3
3,Random,2,24,47,1,0,Right,2.402400000095368,,,8,0,5.760199999809265,0,2,3.0556999998092653,3.4876999998092653,0,41,Male,1,68.0,30.0,20.4,89.0,16.0,14.24,-21.0,14.0,6.159999999999998,6,0,4,0.2799750000238419,0.3
3,Random,3,45,48,1,0,Right,2.4109000000953675,,,8,0,4.780300000190735,0,2,1.8342999997138976,2.279299999713898,0,41,Male,1,35.0,68.0,23.8,54.0,43.0,23.22,-19.0,25.0,0.5800000000000018,4,0,5,0.4024624999761581,0.3
3,Random,2,22,5,0,1,Left,1.5515999999046326,,,8,0,4.089799999713898,0,1,1.3827000002861023,1.7803000001907348,0,41,Male,1,72.0,33.0,23.76,98.0,5.0,4.9,-26.0,28.0,18.86,7,0,2,0.4887750000357628,0.3
3,Random,1,16,51,0,1,Left,1.8745,,,8,0,5.061400000095367,0,1,1.0035999999046326,1.4339000000953674,0,41,Male,1,41.0,94.0,38.54,48.0,70.0,33.599999999999994,-7.0,24.0,4.940000000000005,5,0,16,0.3673249999880791,0.3
3,Random,2,37,56,1,0,Right,2.222400000095368,,,8,0,5.534099999904632,0,2,2.904299999713898,3.336299999713898,0,41,Male,1,62.0,34.0,21.08,86.0,15.0,12.9,-24.0,19.0,8.180000000000001,6,0,17,0.3082375000119209,0.3
3,Random,2,31,57,0,1,Right,2.7665999999046327,,,8,0,3.6669000000953673,0,2,1.572,2.3895999999046325,0,41,Male,1,59.0,94.0,55.46,86.0,89.0,76.54,-27.0,5.0,-21.080000000000013,0,1,11,0.5416374999880791,0.3
3,Random,1,19,59,1,0,Right,3.6045,,,8,0,4.577300000190735,0,2,1.7948999996185302,2.623,0,41,Male,1,8.0,64.0,5.12,25.0,34.0,8.5,-17.0,30.0,-3.38,2,0,19,0.4278374999761581,0.3
3,Random,3,58,10,1,0,Left,2.441799999713897,,,10,0,4.244300000190735,0,3,1.2900999999046323,1.8572999997138977,0,41,Male,2,5.0,55.0,2.75,35.0,36.0,12.6,-30.0,19.0,-9.85,1,1,18,0.5755699999809265,0.3
3,Random,3,55,11,0,1,Left,3.631799999713898,,,10,0,3.729800000190735,0,2,2.1595,2.618799999713897,0,41,Male,1,72.0,85.0,61.2,86.0,66.0,56.760000000000005,-14.0,19.0,4.439999999999991,5,0,15,0.6270199999809265,0.3
3,Random,2,30,14,1,0,Right,2.68839999961853,,,10,0,6.441099999904632,0,2,1.9970999999046328,2.522199999809265,0,41,Male,1,33.0,61.0,20.13,51.0,44.0,22.44,-18.0,17.0,-2.3100000000000023,2,0,10,0.3558900000095367,0.3
3,Random,1,1,20,1,0,Right,2.2755,,,10,0,6.59010000038147,0,2,2.4735,2.9506999998092653,0,41,Male,1,35.0,24.0,8.4,65.0,14.0,9.1,-30.0,10.0,-0.7000000000000011,3,0,1,0.340989999961853,0.3
3,Random,2,23,23,0,1,Left,2.0421999998092653,,,10,0,6.439199999809265,0,1,1.272,1.735400000095367,0,41,Male,1,52.0,36.0,18.72,63.0,27.0,17.01,-11.0,9.0,1.7099999999999973,4,0,3,0.3560800000190735,0.3
3,Random,2,28,26,0,1,Left,1.8017000002861023,,,10,0,2.9230999999046325,0,2,1.1311999998092652,1.5431999998092651,0,41,Male,1,95.0,74.0,70.3,97.0,49.0,47.53,-2.0,25.0,22.77,7,0,8,0.7076900000095367,0.3
3,Random,3,43,29,1,0,Right,1.6272000002861022,,,10,0,5.26860000038147,0,1,1.1183000001907348,1.5029000000953674,0,41,Male,1,64.0,32.0,20.48,69.0,4.0,2.76,-5.0,28.0,17.72,7,0,3,0.4731399999618529,0.3
3,Random,1,3,30,0,1,Right,4.923300000190735,,,10,0,5.180800000190735,0,3,1.776,3.2244000000953674,0,41,Male,2,71.0,82.0,58.22,80.0,78.0,62.400000000000006,-9.0,4.0,-4.180000000000007,2,1,3,0.4819199999809265,0.3
3,Random,3,47,31,1,0,Left,4.742900000095368,,,10,0,3.853400000095368,0,3,0.9435,1.3917999997138977,0,41,Male,2,59.0,23.0,13.57,74.0,22.0,16.28,-15.0,1.0,-2.710000000000001,2,1,7,0.6146599999904632,0.3
3,Random,1,17,38,0,1,Left,3.406400000095368,,,10,0,4.270599999904633,0,2,2.920200000286102,3.509200000286102,0,41,Male,1,43.0,54.0,23.22,63.0,45.0,28.35,-20.0,9.0,-5.129999999999999,1,0,17,0.5729400000095367,0.3
3,Random,1,7,40,1,0,Left,3.1991999998092653,,,10,0,4.215599999904633,0,2,1.0965,1.4648000001907349,0,41,Male,1,30.0,41.0,12.3,60.0,35.0,21.0,-30.0,6.0,-8.700000000000001,1,1,7,0.5784400000095367,0.3
3,Random,3,48,41,0,1,Left,2.2020999999046325,,,10,0,6.372700000286103,0,2,3.237,3.636599999904633,0,41,Male,1,35.0,40.0,14.0,48.0,10.0,4.800000000000001,-13.0,30.0,9.2,6,0,8,0.3627299999713897,0.3
3,Random,1,2,49,0,1,Right,3.0940999999046324,,,10,0,5.513,0,3,2.2075999999046325,2.793799999713898,0,41,Male,2,69.0,87.0,60.03,99.0,86.0,85.14,-30.0,1.0,-25.11,0,1,2,0.4487,0.3
3,Random,2,27,52,0,1,Left,2.40360000038147,,,10,0,4.560099999904633,0,2,1.3619000000953674,1.8083000001907348,0,41,Male,1,62.0,92.0,57.04,83.0,62.0,51.46,-21.0,30.0,5.579999999999998,5,0,7,0.5439900000095367,0.3
3,Random,2,33,53,1,0,Right,3.0110999999046326,,,10,0,4.171900000095367,0,2,1.5744000000953675,1.926699999809265,0,41,Male,1,69.0,28.0,19.32,81.0,23.0,18.630000000000003,-12.0,5.0,0.6899999999999977,4,0,13,0.5828099999904632,0.3
3,Random,1,14,54,0,1,Left,3.0110999999046326,,,10,0,4.446900000095368,0,2,1.389800000190735,1.902400000095368,0,41,Male,1,47.0,37.0,17.39,77.0,23.0,17.71,-30.0,14.0,-0.3200000000000003,3,0,14,0.5553099999904633,0.3
3,Random,1,20,8,1,0,Right,2.013900000095368,,,10,0,4.804200000286103,0,2,2.1168999996185303,2.8370999999046327,0,41,Male,1,65.0,49.0,31.85,71.0,33.0,23.43,-6.0,16.0,8.419999999999998,6,0,20,0.5195799999713897,0.3
3,Random,1,4,9,0,1,Left,3.0905,,,10,0,4.42410000038147,0,2,2.112800000190735,2.8427000002861025,0,41,Male,1,39.0,66.0,25.74,40.0,50.0,20.0,-1.0,16.0,5.740000000000002,6,0,4,0.557589999961853,0.3
4,Random,2,39,1,0,1,Right,3.066,,,6,0,6.0495,0,4,2.866299999952316,3.958599999904632,0,34,Male,3,18.0,44.0,7.92,40.0,39.0,15.6,-22.0,5.0,-7.6800000000000015,1,1,19,0.00825,0.3666666666666666
4,Random,3,50,18,0,1,Left,2.562100000023842,,,6,0,6.4175,0,2,2.763399999976158,3.903399999976158,0,34,Male,1,73.0,32.0,23.36,82.0,2.0,1.64,-9.0,30.0,21.72,7,0,10,0.0695833333333334,0.3666666666666666
4,Random,1,10,19,1,0,Right,2.4198000000715254,,,6,0,7.442,0,1,2.874,3.9635,0,34,Male,1,24.0,74.0,17.759999999999998,25.0,64.0,16.0,-1.0,10.0,1.759999999999998,5,0,10,0.2403333333333333,0.3666666666666666
4,Random,3,48,24,1,0,Left,3.187700000047684,,,6,0,8.364299999952316,0,2,3.4698000000715257,4.352900000095367,0,34,Male,1,7.0,96.0,6.72,37.0,66.0,24.42,-30.0,30.0,-17.700000000000003,0,1,8,0.3940499999920526,0.3666666666666666
4,Random,1,3,25,1,0,Right,2.8011000000238417,,,6,0,5.1251999999284745,0,1,2.7743000000715257,3.738100000023842,0,34,Male,1,52.0,96.0,49.92,55.0,83.0,45.65,-3.0,13.0,4.270000000000003,5,0,3,0.1458000000119209,0.3666666666666666
4,Random,2,25,28,1,0,Left,3.7688000000715256,,,6,0,4.651399999976158,0,3,2.900899999976158,3.963099999904633,0,34,Male,2,11.0,72.0,7.92,33.0,45.0,14.85,-22.0,27.0,-6.93,1,1,5,0.2247666666706402,0.3666666666666666
4,Random,3,59,3,0,1,Left,3.1083000000715257,,,6,0,4.298600000023842,0,2,2.265,3.1013000000715256,0,34,Male,1,76.0,72.0,54.72,99.0,48.0,47.52,-23.0,24.0,7.200000000000003,6,0,19,0.283566666662693,0.3666666666666666
4,Random,1,16,34,1,0,Right,2.233899999976158,,,6,0,5.531700000047684,0,2,2.246299999952316,3.5167999999523163,0,34,Male,1,27.0,60.0,16.2,36.0,41.0,14.76,-9.0,19.0,1.4399999999999995,4,0,16,0.0780499999920526,0.3666666666666666
4,Random,2,21,35,0,1,Left,2.276,,,6,0,5.309,0,2,1.7840999999046323,2.8175,0,34,Male,1,36.0,37.0,13.32,51.0,10.0,5.1000000000000005,-15.0,27.0,8.219999999999999,6,0,1,0.1151666666666666,0.3666666666666666
4,Random,3,55,36,1,0,Right,2.5541999999284744,,,6,0,5.161100000023842,0,3,2.2451000000238417,3.550300000071525,0,34,Male,2,75.0,31.0,23.25,96.0,14.0,13.44,-21.0,17.0,9.81,7,0,15,0.139816666662693,0.3666666666666666
4,Random,2,32,37,1,0,Right,3.4753000000715257,,,6,0,4.932,0,3,1.7381000000238418,2.7091000000238417,0,34,Male,2,48.0,35.0,16.799999999999997,61.0,19.0,11.59,-13.0,16.0,5.209999999999997,5,0,12,0.1779999999999999,0.3666666666666666
4,Random,1,4,39,0,1,Left,3.659899999976158,,,6,0,7.3672999999523165,0,2,1.9436000000238416,3.632,0,34,Male,1,36.0,68.0,24.48,55.0,48.0,26.4,-19.0,20.0,-1.9199999999999984,2,0,4,0.2278833333253861,0.3666666666666666
4,Random,1,9,42,0,1,Left,2.166100000023842,,,6,0,5.375,0,2,2.457100000023842,3.5677000000476835,0,34,Male,1,50.0,89.0,44.5,66.0,67.0,44.220000000000006,-16.0,22.0,0.279999999999994,4,0,9,0.1041666666666666,0.3666666666666666
4,Random,1,17,43,0,1,Right,2.603600000023842,,,6,0,5.587699999928474,0,2,14.923900000095369,15.809700000047684,0,34,Male,1,17.0,73.0,12.41,42.0,63.0,26.46,-25.0,10.0,-14.05,0,1,17,0.0687166666785876,0.3666666666666666
4,Random,2,28,46,0,1,Left,3.043899999976158,,,6,0,7.466099999904633,0,1,2.5643000000715257,3.7023000000715256,0,34,Male,1,78.0,38.0,29.64,90.0,15.0,13.5,-12.0,23.0,16.14,7,0,8,0.2443499999841054,0.3666666666666666
4,Random,3,44,50,1,0,Left,3.271399999976158,,,6,0,5.598300000071526,0,3,2.8141000000238416,3.835,0,34,Male,2,2.0,34.0,0.68,29.0,13.0,3.77,-27.0,21.0,-3.09,2,1,4,0.066949999988079,0.3666666666666666
4,Random,1,18,55,1,0,Right,2.7655,,,6,0,5.888699999928474,0,4,4.153,5.068399999976158,0,34,Male,3,35.0,92.0,32.2,41.0,81.0,33.21,-6.0,11.0,-1.009999999999998,3,0,18,0.0185500000119209,0.3666666666666666
4,Random,3,49,6,0,1,Left,3.852399999976158,,,6,0,6.22,0,4,1.805,2.863700000047684,0,34,Male,3,41.0,64.0,26.24,52.0,51.0,26.52,-11.0,13.0,-0.2799999999999976,3,0,9,0.0366666666666666,0.3666666666666666
4,Random,2,27,60,0,1,Right,3.610899999976158,,,6,0,4.6045,0,2,2.385300000071525,4.4175,0,34,Male,1,56.0,75.0,42.0,81.0,74.0,59.94,-25.0,1.0,-17.939999999999998,0,1,7,0.2325833333333333,0.3666666666666666
4,Random,3,56,7,1,0,Left,2.7472000000476835,,,6,0,8.0325,0,1,3.716600000023842,4.630700000047684,0,34,Male,1,61.0,62.0,37.82,69.0,61.0,42.09,-8.0,1.0,-4.269999999999996,2,1,16,0.3387500000000001,0.3666666666666666
4,Random,2,33,12,1,0,Right,3.2263000000715256,,,8,0,8.324299999952316,0,1,2.689299999952316,4.0532999999523165,0,34,Male,1,72.0,98.0,70.56,73.0,77.0,56.21,-1.0,21.0,14.35,7,0,13,0.0405374999940395,0.3666666666666666
4,Random,3,54,13,1,0,Right,3.363399999976158,,,8,0,6.2671000000238415,0,2,4.044200000047684,5.0845,0,34,Male,1,73.0,49.0,35.77,81.0,42.0,34.02,-8.0,7.0,1.75,4,0,14,0.2166124999970198,0.3666666666666666
4,Random,1,15,15,1,0,Left,2.622899999976158,,,8,0,6.445800000071525,0,3,2.2665,3.1875,0,34,Male,2,36.0,75.0,27.0,52.0,61.0,31.72,-16.0,14.0,-4.719999999999999,2,1,15,0.1942749999910593,0.3666666666666666
4,Random,2,29,16,0,1,Left,2.2998999999761582,,,8,0,5.764399999976158,0,1,3.159899999976158,15.326399999976156,0,34,Male,1,23.0,12.0,2.76,26.0,6.0,1.56,-3.0,6.0,1.1999999999999995,4,0,9,0.2794500000029802,0.3666666666666666
4,Random,2,22,17,0,1,Right,4.226100000023842,,,8,0,6.0703000000715255,0,4,3.3141000000238416,4.358,0,34,Male,3,31.0,38.0,11.78,46.0,29.0,13.34,-15.0,9.0,-1.5600000000000005,3,1,2,0.2412124999910593,0.3666666666666666
4,Random,2,35,2,0,1,Right,2.784899999976158,,,8,0,5.714799999952317,0,2,3.177,4.160100000023842,0,34,Male,1,40.0,63.0,25.2,57.0,58.0,33.059999999999995,-17.0,5.0,-7.859999999999996,1,1,15,0.2856500000059604,0.3666666666666666
4,Random,3,42,21,0,1,Left,2.4902999999523163,,,8,0,9.457299999952316,0,2,2.2630999999046324,3.3635999999046327,0,34,Male,1,26.0,59.0,15.34,36.0,33.0,11.88,-10.0,26.0,3.459999999999999,5,0,2,0.1821624999940394,0.3666666666666666
4,Random,2,36,22,0,1,Right,2.814400000095368,,,8,0,7.3755,0,2,2.434600000023842,3.499899999976158,0,34,Male,1,24.0,95.0,22.8,53.0,71.0,37.63,-29.0,24.0,-14.829999999999998,0,1,16,0.0780625,0.3666666666666666
4,Random,3,43,32,1,0,Right,1.999,,,8,0,5.7225,0,1,2.0855999999046326,3.0026999999284745,0,34,Male,1,59.0,31.0,18.29,60.0,1.0,0.6,-1.0,30.0,17.689999999999998,7,0,3,0.2846875,0.3666666666666666
4,Random,1,20,33,1,0,Left,4.345099999904632,,,8,0,7.7965,0,4,1.7096000000238418,2.9584000000953674,0,34,Male,3,57.0,51.0,29.07,62.0,48.0,29.76,-5.0,3.0,-0.6899999999999977,3,1,20,0.0254375,0.3666666666666666
4,Random,3,51,4,1,0,Right,2.9565,,,8,0,8.9465,0,4,3.053400000095368,4.224600000023842,0,34,Male,3,72.0,82.0,59.04,73.0,81.0,59.13,-1.0,1.0,-0.0900000000000034,3,0,11,0.1183125,0.3666666666666666
4,Random,2,31,44,1,0,Left,2.9118999999761583,,,8,0,6.807799999952317,0,2,2.037400000095368,3.096600000023842,0,34,Male,1,19.0,86.0,16.34,45.0,71.0,31.95,-26.0,15.0,-15.61,0,1,11,0.1490250000059604,0.3666666666666666
4,Random,3,45,47,0,1,Left,2.741,,,8,0,6.36,0,3,6.489700000047684,7.458100000023842,0,34,Male,2,68.0,30.0,20.4,89.0,16.0,14.24,-21.0,14.0,6.159999999999998,6,0,5,0.2049999999999999,0.3666666666666666
4,Random,2,23,48,1,0,Right,2.510899999976158,,,8,0,5.422899999976158,0,2,2.6095,3.631100000023842,0,34,Male,1,35.0,68.0,23.8,54.0,43.0,23.22,-19.0,25.0,0.5800000000000018,4,0,3,0.3221375000029802,0.3666666666666666
4,Random,3,41,5,0,1,Left,2.2388000000715254,,,8,0,5.535799999952316,0,2,2.084800000071525,3.0488999999761583,0,34,Male,1,72.0,33.0,23.76,98.0,5.0,4.9,-26.0,28.0,18.86,7,0,1,0.3080250000059604,0.3666666666666666
4,Random,2,40,51,0,1,Left,3.465700000047684,,,8,0,10.856,0,3,2.0651999999284745,3.0611999999284745,0,34,Male,2,41.0,94.0,38.54,48.0,70.0,33.599999999999994,-7.0,24.0,4.940000000000005,5,0,20,0.357,0.3666666666666666
4,Random,3,57,56,1,0,Right,2.395700000047684,,,8,0,6.6181000000238415,0,3,1.5968999999761582,2.5953000000715254,0,34,Male,2,62.0,34.0,21.08,86.0,15.0,12.9,-24.0,19.0,8.180000000000001,6,0,17,0.1727374999970198,0.3666666666666666
4,Random,3,60,57,0,1,Right,2.749199999928474,,,8,0,7.971699999928474,0,2,1.6987999999523162,3.0355,0,34,Male,1,59.0,94.0,55.46,86.0,89.0,76.54,-27.0,5.0,-21.080000000000013,0,1,20,0.0035375000089407,0.3666666666666666
4,Random,2,38,58,1,0,Left,3.1177999999523163,,,8,0,7.2313999999761585,0,3,3.565,4.372700000047684,0,34,Male,2,36.0,54.0,19.44,48.0,53.0,25.44,-12.0,1.0,-6.0,1,1,18,0.0960750000029802,0.3666666666666666
4,Random,2,24,59,1,0,Right,3.8264000000953673,,,8,0,8.938899999976158,0,2,3.913599999904633,4.8882999999523165,0,34,Male,1,8.0,64.0,5.12,25.0,34.0,8.5,-17.0,30.0,-3.38,2,0,4,0.1173624999970197,0.3666666666666666
4,Random,3,52,10,0,1,Right,3.6125,,,10,0,6.981,0,2,1.9591999999284744,2.8546999999284743,0,34,Male,1,5.0,55.0,2.75,35.0,36.0,12.6,-30.0,19.0,-9.85,1,1,12,0.3019,0.3666666666666666
4,Random,3,58,11,0,1,Left,2.2965999999046325,,,10,0,7.684400000095367,0,2,2.785700000047684,3.674100000023842,0,34,Male,1,72.0,85.0,61.2,86.0,66.0,56.760000000000005,-14.0,19.0,4.439999999999991,5,0,18,0.2315599999904632,0.3666666666666666
4,Random,1,14,14,0,1,Left,3.191700000047684,,,10,0,8.485399999976158,0,3,2.2765999999046325,16.572599999904632,0,34,Male,2,33.0,61.0,20.13,51.0,44.0,22.44,-18.0,17.0,-2.3100000000000023,2,0,14,0.1514600000023842,0.3666666666666666
4,Random,2,26,20,1,0,Left,3.975,,,10,0,8.479,0,4,1.764,3.181399999976158,0,34,Male,3,35.0,24.0,8.4,65.0,14.0,9.1,-30.0,10.0,-0.7000000000000011,3,1,6,0.1521,0.3666666666666666
4,Random,1,12,23,0,1,Left,2.2188999999761583,,,10,0,7.616199999928474,0,3,2.769200000047684,4.022800000071525,0,34,Male,2,52.0,36.0,18.72,63.0,27.0,17.01,-11.0,9.0,1.7099999999999973,4,0,12,0.2383800000071526,0.3666666666666666
4,Random,2,30,26,0,1,Left,2.2845999999046325,,,10,0,6.697600000023842,0,1,1.513,2.6815,0,34,Male,1,95.0,74.0,70.3,97.0,49.0,47.53,-2.0,25.0,22.77,7,0,10,0.3302399999976158,0.3666666666666666
4,Random,1,13,27,1,0,Left,4.693899999976158,,,10,0,9.711299999952317,0,4,3.3575,4.692700000047684,0,34,Male,3,18.0,49.0,8.82,23.0,29.0,6.67,-5.0,20.0,2.1500000000000004,5,1,13,0.0288700000047683,0.3666666666666666
4,Random,1,2,29,1,0,Right,2.5335999999046326,,,10,0,9.674,0,1,2.488100000023842,3.721,0,34,Male,1,64.0,32.0,20.48,69.0,4.0,2.76,-5.0,28.0,17.72,7,0,2,0.0326,0.3666666666666666
4,Random,3,53,30,0,1,Left,3.504399999976158,,,10,0,7.8616000000238415,0,2,5.130399999976159,6.575899999976159,0,34,Male,1,71.0,82.0,58.22,80.0,78.0,62.400000000000006,-9.0,4.0,-4.180000000000007,2,0,13,0.2138399999976158,0.3666666666666666
4,Random,1,6,31,1,0,Left,3.480200000047684,,,10,0,8.406100000023843,0,4,3.9926000000238417,5.123,0,34,Male,3,59.0,23.0,13.57,74.0,22.0,16.28,-15.0,1.0,-2.710000000000001,2,1,6,0.1593899999976157,0.3666666666666666
4,Random,2,34,38,0,1,Left,3.060600000023842,,,10,0,8.567,0,2,2.7835,3.772399999976158,0,34,Male,1,43.0,54.0,23.22,63.0,45.0,28.35,-20.0,9.0,-5.129999999999999,1,0,14,0.1432999999999999,0.3666666666666666
4,Random,1,5,40,0,1,Right,3.436200000047684,,,10,0,6.737899999976158,0,4,3.3526999999284746,4.4625,0,34,Male,3,30.0,41.0,12.3,60.0,35.0,21.0,-30.0,6.0,-8.700000000000001,1,1,5,0.3262100000023841,0.3666666666666666
4,Random,1,7,41,1,0,Right,2.6666000000238417,,,10,0,7.193899999976158,0,3,12.332399999976158,13.298199999928476,0,34,Male,2,35.0,40.0,14.0,48.0,10.0,4.800000000000001,-13.0,30.0,9.2,6,0,7,0.2806100000023842,0.3666666666666666
4,Random,3,46,45,1,0,Left,1.6820999999046329,,,10,0,6.3843000000715255,0,1,2.8076000000238417,3.9311999999284746,0,34,Male,1,52.0,92.0,47.84,72.0,91.0,65.52,-20.0,1.0,-17.679999999999993,0,1,6,0.3615699999928474,0.3666666666666666
4,Random,1,1,49,0,1,Right,2.8785,,,10,0,8.270700000047684,0,4,3.181,4.904600000023842,0,34,Male,3,69.0,87.0,60.03,99.0,86.0,85.14,-30.0,1.0,-25.11,0,1,1,0.1729299999952315,0.3666666666666666
4,Random,3,47,52,0,1,Left,3.6175,,,10,0,8.34,0,2,1.9970999999046328,3.0992999999523163,0,34,Male,1,62.0,92.0,57.04,83.0,62.0,51.46,-21.0,30.0,5.579999999999998,5,0,7,0.166,0.3666666666666666
4,Random,2,37,53,0,1,Left,4.890300000071526,,,10,0,7.669899999976158,0,4,2.595200000047684,3.695700000047684,0,34,Male,3,69.0,28.0,19.32,81.0,23.0,18.630000000000003,-12.0,5.0,0.6899999999999977,4,0,17,0.2330100000023842,0.3666666666666666
4,Random,1,8,54,1,0,Right,3.2476000000238416,,,10,0,7.749200000047684,0,4,1.5625999999046325,2.7630999999046324,0,34,Male,3,47.0,37.0,17.39,77.0,23.0,17.71,-30.0,14.0,-0.3200000000000003,3,0,8,0.2250799999952316,0.3666666666666666
4,Random,1,19,8,1,0,Right,4.210700000047684,,,10,0,6.052800000071525,0,2,4.378199999928475,5.362299999952317,0,34,Male,1,65.0,49.0,31.85,71.0,33.0,23.43,-6.0,16.0,8.419999999999998,6,0,19,0.3947199999928474,0.3666666666666666
4,Random,1,11,9,1,0,Right,4.6325,,,10,0,8.966299999952316,0,2,7.273800000071525,8.964200000047684,0,34,Male,1,39.0,66.0,25.74,40.0,50.0,20.0,-1.0,16.0,5.740000000000002,6,0,11,0.1033700000047684,0.3666666666666666
5,Random,3,45,1,0,1,Right,2.3356000000089407,,,6,0,8.12420000000298,0,2,4.34770000000298,4.930100000008941,0,22,Male,1,18.0,44.0,7.92,40.0,39.0,15.6,-22.0,5.0,-7.6800000000000015,1,1,5,0.3540333333338301,0.5166666666666667
5,Random,2,22,18,0,1,Left,2.96129999999702,,,6,0,5.9765,0,2,4.077099999994039,4.42379999999702,0,22,Male,1,73.0,32.0,23.36,82.0,2.0,1.64,-9.0,30.0,21.72,7,0,2,0.0039166666666667,0.5166666666666667
5,Random,1,9,19,0,1,Left,2.3418999999910595,,,6,0,3.61459999999404,0,1,1.2872000000029802,1.5922999999970198,0,22,Male,1,24.0,74.0,17.759999999999998,25.0,64.0,16.0,-1.0,10.0,1.759999999999998,5,0,9,0.39756666666766,0.5166666666666667
5,Random,2,30,24,1,0,Left,2.185,,,6,0,5.24070000000298,0,2,5.2455,5.57590000000596,0,22,Male,1,7.0,96.0,6.72,37.0,66.0,24.42,-30.0,30.0,-17.700000000000003,0,1,10,0.1265499999995033,0.5166666666666667
5,Random,2,33,25,1,0,Right,2.9312000000029803,,,6,0,6.624899999991059,0,1,1.6425999999940395,2.1790999999940395,0,22,Male,1,52.0,96.0,49.92,55.0,83.0,45.65,-3.0,13.0,4.270000000000003,5,0,13,0.1041499999985098,0.5166666666666667
5,Random,1,5,28,0,1,Right,2.9594000000059606,,,6,0,1.7959000000059604,0,3,0.8612999999970198,1.21,0,22,Male,2,11.0,72.0,7.92,33.0,45.0,14.85,-22.0,27.0,-6.93,1,1,5,0.70068333333234,0.5166666666666667
5,Random,1,8,3,1,0,Right,2.47379999999702,,,6,0,2.21409999999404,0,2,0.8412999999970198,1.2307999999970198,0,22,Male,1,76.0,72.0,54.72,99.0,48.0,47.52,-23.0,24.0,7.200000000000003,6,0,8,0.6309833333343267,0.5166666666666667
5,Random,2,35,34,0,1,Left,2.875600000008941,,,6,0,4.21839999999106,0,3,1.158,1.8505,0,22,Male,2,27.0,60.0,16.2,36.0,41.0,14.76,-9.0,19.0,1.4399999999999995,4,0,15,0.2969333333348232,0.5166666666666667
5,Random,2,24,35,1,0,Right,3.391600000008941,,,6,0,3.9946999999880792,0,2,1.2728000000119208,1.6325,0,22,Male,1,36.0,37.0,13.32,51.0,10.0,5.1000000000000005,-15.0,27.0,8.219999999999999,6,0,4,0.3342166666686534,0.5166666666666667
5,Random,1,2,36,0,1,Left,2.01079999999702,,,6,0,4.59229999999702,0,2,0.516,1.3785999999940397,0,22,Male,1,75.0,31.0,23.25,96.0,14.0,13.44,-21.0,17.0,9.81,7,0,2,0.2346166666671633,0.5166666666666667
5,Random,3,54,37,1,0,Right,2.87770000000298,,,6,0,6.056600000008941,0,3,6.89770000000298,7.43579999999702,0,22,Male,2,48.0,35.0,16.799999999999997,61.0,19.0,11.59,-13.0,16.0,5.209999999999997,5,0,14,0.0094333333348234,0.5166666666666667
5,Random,3,53,39,1,0,Left,2.20989999999106,,,6,0,2.08429999999702,0,2,10.79110000000894,11.81479999999702,0,22,Male,1,36.0,68.0,24.48,55.0,48.0,26.4,-19.0,20.0,-1.9199999999999984,2,1,13,0.6526166666671633,0.5166666666666667
5,Random,2,28,42,0,1,Left,2.97870000000298,,,6,0,3.2400999999940394,0,2,1.1420999999940395,1.6762000000029802,0,22,Male,1,50.0,89.0,44.5,66.0,67.0,44.220000000000006,-16.0,22.0,0.279999999999994,4,0,8,0.4599833333343268,0.5166666666666667
5,Random,3,41,43,1,0,Left,2.062100000008941,,,6,0,4.06139999999106,0,1,4.93079999999702,5.4835,0,22,Male,1,17.0,73.0,12.41,42.0,63.0,26.46,-25.0,10.0,-14.05,0,1,1,0.3231000000014899,0.5166666666666667
5,Random,3,47,46,0,1,Left,2.8654000000059603,,,6,0,7.95829999999702,0,3,5.0695,6.50420000000298,0,22,Male,2,78.0,38.0,29.64,90.0,15.0,13.5,-12.0,23.0,16.14,7,0,7,0.3263833333328366,0.5166666666666667
5,Random,1,13,50,1,0,Left,1.83770000000298,,,6,0,3.60809999999404,0,1,1.92439999999106,2.31109999999404,0,22,Male,1,2.0,34.0,0.68,29.0,13.0,3.77,-27.0,21.0,-3.09,2,1,13,0.3986500000009933,0.5166666666666667
5,Random,3,51,55,0,1,Right,2.8234000000059605,,,6,0,6.84729999999702,0,2,1.87779999999702,2.44120000000298,0,22,Male,1,35.0,92.0,32.2,41.0,81.0,33.21,-6.0,11.0,-1.009999999999998,3,1,11,0.1412166666661699,0.5166666666666667
5,Random,3,59,6,1,0,Left,3.867,,,6,0,5.917699999988079,0,3,1.7585999999940396,2.93979999999702,0,22,Male,2,41.0,64.0,26.24,52.0,51.0,26.52,-11.0,13.0,-0.2799999999999976,3,1,19,0.0137166666686535,0.5166666666666667
5,Random,2,37,60,1,0,,3.202100000008941,,,6,0,3.987399999991059,1,2,1.325,2.1396999999880792,0,22,Male,1,56.0,75.0,42.0,81.0,74.0,59.94,-25.0,1.0,-17.939999999999998,0,0,17,0.3354333333348234,0.5166666666666667
5,Random,3,42,7,0,1,Right,2.4249000000059606,,,6,0,4.3845,0,1,1.8255,2.38029999999702,0,22,Male,1,61.0,62.0,37.82,69.0,61.0,42.09,-8.0,1.0,-4.269999999999996,2,1,2,0.26925,0.5166666666666667
5,Random,3,48,12,0,1,Left,2.349800000011921,,,8,0,5.60620000000298,0,2,4.355,4.709,0,22,Male,1,72.0,98.0,70.56,73.0,77.0,56.21,-1.0,21.0,14.35,7,0,8,0.2992249999996275,0.5166666666666667
5,Random,2,36,13,0,1,Right,3.202100000008941,,,8,0,5.17,0,3,10.0295,10.588,0,22,Male,2,73.0,49.0,35.77,81.0,42.0,34.02,-8.0,7.0,1.75,4,1,16,0.35375,0.5166666666666667
5,Random,2,34,15,0,1,Right,2.5047000000029804,,,8,0,3.3794000000059605,0,3,1.506,1.90409999999404,0,22,Male,2,36.0,75.0,27.0,52.0,61.0,31.72,-16.0,14.0,-4.719999999999999,2,1,14,0.577574999999255,0.5166666666666667
5,Random,2,39,16,0,1,Left,3.2009000000059604,,,8,0,6.829399999991059,0,3,1.2075,1.9095,0,22,Male,2,23.0,12.0,2.76,26.0,6.0,1.56,-3.0,6.0,1.1999999999999995,4,0,19,0.1463250000011176,0.5166666666666667
5,Random,3,60,17,0,1,Right,3.57170000000298,,,8,0,4.42070000000298,0,2,2.08559999999404,2.447699999988079,0,22,Male,1,31.0,38.0,11.78,46.0,29.0,13.34,-15.0,9.0,-1.5600000000000005,3,1,20,0.4474124999996275,0.5166666666666667
5,Random,3,50,2,1,0,Left,3.03829999999702,,,8,0,6.293,0,2,2.6075,2.89739999999106,0,22,Male,1,40.0,63.0,25.2,57.0,58.0,33.059999999999995,-17.0,5.0,-7.859999999999996,1,1,10,0.2133749999999999,0.5166666666666667
5,Random,1,12,21,0,1,Left,2.326,,,8,0,3.6306000000089407,0,2,2.1220999999940395,2.469199999988079,0,22,Male,1,26.0,59.0,15.34,36.0,33.0,11.88,-10.0,26.0,3.459999999999999,5,0,12,0.5461749999988824,0.5166666666666667
5,Random,2,26,22,0,1,Right,3.229800000011921,,,8,0,3.3169000000059605,0,3,2.565,2.99829999999702,0,22,Male,2,24.0,95.0,22.8,53.0,71.0,37.63,-29.0,24.0,-14.829999999999998,0,1,6,0.585387499999255,0.5166666666666667
5,Random,1,18,32,1,0,Right,1.81829999999702,,,8,0,6.123399999991059,0,1,0.9406999999880792,1.2842999999970195,0,22,Male,1,59.0,31.0,18.29,60.0,1.0,0.6,-1.0,30.0,17.689999999999998,7,0,18,0.2345750000011176,0.5166666666666667
5,Random,1,20,4,0,1,Left,2.8724000000059604,,,8,0,7.89829999999702,0,2,1.1065,1.3966000000089407,0,22,Male,1,72.0,82.0,59.04,73.0,81.0,59.13,-1.0,1.0,-0.0900000000000034,3,0,20,0.0127125000003724,0.5166666666666667
5,Random,3,57,44,1,0,Left,2.5555999999940395,,,8,0,7.049,0,3,1.4012000000029805,2.01609999999404,0,22,Male,2,19.0,86.0,16.34,45.0,71.0,31.95,-26.0,15.0,-15.61,0,1,17,0.1188749999999999,0.5166666666666667
5,Random,1,15,47,1,0,,3.0475,,,8,0,4.372800000011921,1,5,1.3692999999970197,2.0529000000059603,0,22,Male,3,68.0,30.0,20.4,89.0,16.0,14.24,-21.0,14.0,6.159999999999998,6,0,15,0.4533999999985099,0.5166666666666667
5,Random,1,10,48,1,0,Left,2.8635,,,8,0,4.66290000000596,0,4,0.7707999999970198,1.5455999999940395,0,22,Male,3,35.0,68.0,23.8,54.0,43.0,23.22,-19.0,25.0,0.5800000000000018,4,1,10,0.417137499999255,0.5166666666666667
5,Random,1,14,5,0,1,Left,3.0475,,,8,0,4.177899999991059,0,2,0.9123000000119208,1.2952000000029802,0,22,Male,1,72.0,33.0,23.76,98.0,5.0,4.9,-26.0,28.0,18.86,7,0,14,0.4777625000011176,0.5166666666666667
5,Random,3,56,51,1,0,Right,3.3925,,,8,0,4.8914000000059605,0,3,1.7192999999970198,2.319699999988079,0,22,Male,2,41.0,94.0,38.54,48.0,70.0,33.599999999999994,-7.0,24.0,4.940000000000005,5,0,16,0.3885749999992549,0.5166666666666667
5,Random,1,11,56,0,1,Left,2.706100000008941,,,8,0,3.47029999999702,0,2,6.48229999999702,6.9611000000089405,0,22,Male,1,62.0,34.0,21.08,86.0,15.0,12.9,-24.0,19.0,8.180000000000001,6,0,11,0.5662125000003725,0.5166666666666667
5,Random,2,23,57,0,1,Right,2.89470000000298,,,8,0,8.71309999999404,0,2,2.0863999999910594,3.4700999999940394,0,22,Male,1,59.0,94.0,55.46,86.0,89.0,76.54,-27.0,5.0,-21.080000000000013,0,1,3,0.0891374999992549,0.5166666666666667
5,Random,3,44,58,0,1,Right,2.0762000000029803,,,8,0,6.1605,0,2,2.529899999991059,2.8868999999910594,0,22,Male,1,36.0,54.0,19.44,48.0,53.0,25.44,-12.0,1.0,-6.0,1,1,4,0.2299375,0.5166666666666667
5,Random,3,49,59,0,1,Right,2.963800000011921,,,8,0,5.09479999999702,0,2,2.44420000000298,3.45439999999106,0,22,Male,1,8.0,64.0,5.12,25.0,34.0,8.5,-17.0,30.0,-3.38,2,1,9,0.3631500000003724,0.5166666666666667
5,Random,2,40,10,1,0,Left,2.05509999999404,,,10,0,6.42520000000298,0,3,1.0279000000059604,1.4757000000029803,0,22,Male,2,5.0,55.0,2.75,35.0,36.0,12.6,-30.0,19.0,-9.85,1,1,20,0.357479999999702,0.5166666666666667
5,Random,1,16,11,0,1,Left,4.59,,,10,0,6.699699999988079,0,3,1.662,2.203,0,22,Male,2,72.0,85.0,61.2,86.0,66.0,56.760000000000005,-14.0,19.0,4.439999999999991,5,0,16,0.3300300000011921,0.5166666666666667
5,Random,2,25,14,1,0,Left,2.99129999999702,,,10,0,6.44870000000298,0,2,1.1529000000059604,1.4706000000089408,0,22,Male,1,33.0,61.0,20.13,51.0,44.0,22.44,-18.0,17.0,-2.3100000000000023,2,1,5,0.3551299999997019,0.5166666666666667
5,Random,2,29,20,0,1,Left,5.5195,,,10,0,6.642200000002981,0,3,1.7622999999970197,2.31529999999702,0,22,Male,2,35.0,24.0,8.4,65.0,14.0,9.1,-30.0,10.0,-0.7000000000000011,3,0,9,0.3357799999997019,0.5166666666666667
5,Random,1,6,23,0,1,Right,2.516,,,10,0,5.99510000000894,0,2,0.9795,1.2757999999970198,0,22,Male,1,52.0,36.0,18.72,63.0,27.0,17.01,-11.0,9.0,1.7099999999999973,4,1,6,0.4004899999991059,0.5166666666666667
5,Random,1,1,26,0,1,Left,2.315800000011921,,,10,0,6.52309999999404,0,2,4.91940000000596,5.39479999999702,0,22,Male,1,95.0,74.0,70.3,97.0,49.0,47.53,-2.0,25.0,22.77,7,0,1,0.347690000000596,0.5166666666666667
5,Random,2,32,27,0,1,Left,2.037,,,10,0,6.064400000005961,0,2,1.4717999999970195,1.7509000000059605,0,22,Male,1,18.0,49.0,8.82,23.0,29.0,6.67,-5.0,20.0,2.1500000000000004,5,0,12,0.3935599999994039,0.5166666666666667
5,Random,3,43,29,0,1,Left,2.218,,,10,0,7.63509999999404,0,2,1.5388000000119209,1.8245,0,22,Male,1,64.0,32.0,20.48,69.0,4.0,2.76,-5.0,28.0,17.72,7,0,3,0.236490000000596,0.5166666666666667
5,Random,1,7,31,0,1,Right,2.0266000000089406,,,10,0,5.62820000000298,0,2,3.2465,3.5832000000029804,0,22,Male,1,59.0,23.0,13.57,74.0,22.0,16.28,-15.0,1.0,-2.710000000000001,2,1,7,0.437179999999702,0.5166666666666667
5,Random,2,21,38,1,0,Left,2.24070000000298,,,10,0,6.61470000000298,0,3,2.081,2.68279999999702,0,22,Male,2,43.0,54.0,23.22,63.0,45.0,28.35,-20.0,9.0,-5.129999999999999,1,1,1,0.338529999999702,0.5166666666666667
5,Random,1,17,40,1,0,Left,5.31579999999702,,,10,0,6.799400000005961,0,2,6.0865,6.56379999999702,0,22,Male,1,30.0,41.0,12.3,60.0,35.0,21.0,-30.0,6.0,-8.700000000000001,1,1,17,0.3200599999994039,0.5166666666666667
5,Random,3,52,49,1,0,Left,2.5740999999940395,,,10,0,6.256099999994039,0,1,1.2755999999940395,1.7992999999970198,0,22,Male,1,69.0,87.0,60.03,99.0,86.0,85.14,-30.0,1.0,-25.11,0,1,12,0.3743900000005961,0.5166666666666667
5,Random,2,38,52,0,1,Left,3.6829000000059606,,,10,0,7.856,0,2,2.02029999999702,2.3505,0,22,Male,1,62.0,92.0,57.04,83.0,62.0,51.46,-21.0,30.0,5.579999999999998,5,0,18,0.2144,0.5166666666666667
5,Random,3,58,53,1,0,Left,2.1423999999910595,,,10,0,6.389099999994039,0,3,3.0642000000029803,3.5916000000089405,0,22,Male,2,69.0,28.0,19.32,81.0,23.0,18.630000000000003,-12.0,5.0,0.6899999999999977,4,1,18,0.361090000000596,0.5166666666666667
5,Random,1,3,8,1,0,Right,2.30729999999702,,,10,0,5.30409999999404,0,2,1.1687999999970198,1.6175,0,22,Male,1,65.0,49.0,31.85,71.0,33.0,23.43,-6.0,16.0,8.419999999999998,6,0,3,0.469590000000596,0.5166666666666667
5,Random,2,31,9,1,0,Right,2.75409999999404,,,10,0,4.9372000000029805,0,1,7.089699999988079,7.34639999999106,0,22,Male,1,39.0,66.0,25.74,40.0,50.0,20.0,-1.0,16.0,5.740000000000002,6,0,11,0.506279999999702,0.5166666666666667
6,Random,1,18,1,0,1,Right,2.386800000000745,,,6,0,2.822699999999255,0,2,1.8137999999988823,3.078,0,40,Male,1,18.0,44.0,7.92,40.0,39.0,15.6,-22.0,5.0,-7.6800000000000015,1,1,18,0.5295500000001242,0.3666666666666666
6,Random,3,44,18,1,0,Right,1.681,,,6,0,4.869,0,1,1.828099999999628,2.236300000000745,0,40,Male,1,73.0,32.0,23.36,82.0,2.0,1.64,-9.0,30.0,21.72,7,0,4,0.1885,0.3666666666666666
6,Random,3,41,19,1,0,Right,2.915300000000745,,,6,0,4.7435,0,1,3.2758999999985097,3.7998999999985097,0,40,Male,1,24.0,74.0,17.759999999999998,25.0,64.0,16.0,-1.0,10.0,1.759999999999998,5,0,1,0.2094166666666666,0.3666666666666666
6,Random,3,56,24,1,0,Left,3.938300000000745,,,6,0,5.343800000000745,0,1,3.1975999999996274,4.485700000001118,0,40,Male,1,7.0,96.0,6.72,37.0,66.0,24.42,-30.0,30.0,-17.700000000000003,0,1,16,0.1093666666665424,0.3666666666666666
6,Random,2,35,25,1,0,Right,1.763199999999255,,,6,0,3.8882000000011177,0,1,2.299800000000745,2.8439000000003727,0,40,Male,1,52.0,96.0,49.92,55.0,83.0,45.65,-3.0,13.0,4.270000000000003,5,0,15,0.3519666666664804,0.3666666666666666
6,Random,2,23,28,1,0,Right,4.911400000000373,,,6,0,0.6445999999996275,0,2,1.6057999999988823,2.314099999999628,0,40,Male,1,11.0,72.0,7.92,33.0,45.0,14.85,-22.0,27.0,-6.93,1,0,3,0.8925666666667288,0.3666666666666666
6,Random,1,17,3,0,1,Left,5.154,,,6,0,1.886199999999255,0,3,2.085,2.5972000000011177,0,40,Male,2,76.0,72.0,54.72,99.0,48.0,47.52,-23.0,24.0,7.200000000000003,6,0,17,0.6856333333334576,0.3666666666666666
6,Random,1,10,34,0,1,Left,2.330699999999255,,,6,0,2.692099999999628,0,2,1.5049000000003725,1.953,0,40,Male,1,27.0,60.0,16.2,36.0,41.0,14.76,-9.0,19.0,1.4399999999999995,4,0,10,0.5513166666667287,0.3666666666666666
6,Random,2,39,35,1,0,Right,2.2194000000003724,,,6,0,3.875,0,2,2.6379000000003727,3.1782000000011177,0,40,Male,1,36.0,37.0,13.32,51.0,10.0,5.1000000000000005,-15.0,27.0,8.219999999999999,6,0,19,0.3541666666666667,0.3666666666666666
6,Random,2,21,36,1,0,Right,2.0367999999988826,,,6,0,3.095099999999628,0,2,2.17839999999851,3.3705,0,40,Male,1,75.0,31.0,23.25,96.0,14.0,13.44,-21.0,17.0,9.81,7,0,1,0.484150000000062,0.3666666666666666
6,Random,3,52,37,1,0,Right,5.489900000000373,,,6,0,4.9164000000003725,0,3,2.3245,3.028599999999628,0,40,Male,2,48.0,35.0,16.799999999999997,61.0,19.0,11.59,-13.0,16.0,5.209999999999997,5,0,12,0.1805999999999379,0.3666666666666666
6,Random,2,24,39,0,1,Left,3.5594000000003727,,,6,0,1.9624000000003723,0,3,2.067199999999255,2.59539999999851,0,40,Male,2,36.0,68.0,24.48,55.0,48.0,26.4,-19.0,20.0,-1.9199999999999984,2,0,4,0.6729333333332713,0.3666666666666666
6,Random,1,14,42,1,0,Right,1.813800000000745,,,6,0,4.106,0,3,1.78260000000149,2.294700000001117,0,40,Male,2,50.0,89.0,44.5,66.0,67.0,44.220000000000006,-16.0,22.0,0.279999999999994,4,0,14,0.3156666666666667,0.3666666666666666
6,Random,3,60,43,1,0,Left,1.2712999999988823,"Right, Right, Right, Right, Right, Right, Right, Right, Right, Right, Right, Right, Right, Right, Right, Right, Right, Right, Right, Right, Right, Right, Right, Right, Right, Right, Right, Right, Right, Right, Right, Right, Right, Right, Right, Right, Right, Right, Right, Right, Right, Right, Right, Right, Right, Right, Right, Right, Right, Right, Right, Right, Right, Right, Right, Right, Right, Right, Right, Right, Right, Right, Right, Right, Right, Right, Right, Right, Right, Right, Right, Right, Right, Right, Right, Right, Right, Right, Right, Right, Right","2.039199999999255, 2.911199999999255, 3.416699999999255, 3.4345, 3.467699999999255, 3.501, 3.5342999999988822, 3.567699999999255, 3.5997999999988823, 3.6334000000003726, 3.6650999999996277, 3.699699999999255, 3.732199999999255, 3.765, 3.7994000000003725, 3.833199999999255, 3.8665999999996274, 3.8999000000003727, 3.933199999999255, 3.9665999999996275, 3.9997999999988822, 4.0335, 4.066400000000373, 4.099900000000373, 4.133400000000372, 4.1664000000003725, 4.199900000000373, 4.234299999998883, 4.265099999999627, 4.299, 4.333299999998882, 4.365199999999255, 4.399599999999627, 4.433299999998883, 4.467599999999628, 4.5, 4.532099999999628, 4.5655, 4.599900000000373, 4.633400000000372, 4.666799999998882, 4.701099999999627, 4.733400000000373, 4.765599999999628, 4.7985, 4.832400000000373, 4.866599999999628, 4.9, 4.933400000000373, 4.966799999998883, 5, 5.033699999999255, 5.051699999999255, 5.1, 5.117599999999627, 5.151, 5.184299999998882, 5.216699999999255, 5.250599999999627, 5.282199999999255, 5.315299999998882, 5.349299999998882, 5.385799999998882, 5.416699999999255, 5.45, 5.483199999999255, 5.516599999999627, 5.55, 5.584199999999255, 5.616599999999628, 5.649900000000373, 5.683299999998883, 5.716699999999255, 5.750199999999255, 5.783299999998882, 5.815299999998882, 5.849299999998882, 5.883599999999627, 5.916699999999255, 5.950099999999628, 5.9832999999988825",6,0,4.263,0,2,1.655,2.243199999999255,0,40,Male,1,17.0,73.0,12.41,42.0,63.0,26.46,-25.0,10.0,-14.05,0,1,20,0.2895,0.3666666666666666
6,Random,2,25,46,1,0,Right,2.4644000000003725,,,6,0,2.8344000000003726,0,2,2.7019000000003723,3.1782000000011177,0,40,Male,1,78.0,38.0,29.64,90.0,15.0,13.5,-12.0,23.0,16.14,7,0,5,0.5275999999999379,0.3666666666666666
6,Random,2,22,50,1,0,Left,2.970699999999255,,,6,0,2.0474000000003727,0,1,2.270400000000373,3.8147000000011175,0,40,Male,1,2.0,34.0,0.68,29.0,13.0,3.77,-27.0,21.0,-3.09,2,1,2,0.6587666666666046,0.3666666666666666
6,Random,2,26,55,0,1,Left,2.667800000000745,,,6,0,2.917,0,1,1.1835,1.6555999999996274,0,40,Male,1,35.0,92.0,32.2,41.0,81.0,33.21,-6.0,11.0,-1.009999999999998,3,0,6,0.5138333333333334,0.3666666666666666
6,Random,3,47,6,0,1,Left,3.5449000000003723,,,6,0,5.52360000000149,0,3,1.8735,2.7935999999996275,0,40,Male,2,41.0,64.0,26.24,52.0,51.0,26.52,-11.0,13.0,-0.2799999999999976,3,0,7,0.0793999999997516,0.3666666666666666
6,Random,3,59,60,0,1,Right,1.8575,"Right, Right, Right","2.305300000000745, 3.737300000000745, 4.201300000000745",6,0,5.934,0,1,2.121199999999255,2.61739999999851,0,40,Male,1,56.0,75.0,42.0,81.0,74.0,59.94,-25.0,1.0,-17.939999999999998,0,1,19,0.0109999999999999,0.3666666666666666
6,Random,2,33,7,1,0,Left,3.080699999999255,,,6,0,2.5692000000011177,0,2,1.8439000000003725,4.328099999999628,0,40,Male,1,61.0,62.0,37.82,69.0,61.0,42.09,-8.0,1.0,-4.269999999999996,2,1,13,0.5717999999998137,0.3666666666666666
6,Random,2,40,12,1,0,Right,3.663099999999627,,,8,0,6.542799999998882,0,1,2.38310000000149,3.051200000001117,0,40,Male,1,72.0,98.0,70.56,73.0,77.0,56.21,-1.0,21.0,14.35,7,0,20,0.1821500000001397,0.3666666666666666
6,Random,3,49,13,0,1,Left,4.08960000000149,,,8,0,7.530299999998882,0,2,2.6848000000007453,3.1729000000003724,0,40,Male,1,73.0,49.0,35.77,81.0,42.0,34.02,-8.0,7.0,1.75,4,0,9,0.0587125000001397,0.3666666666666666
6,Random,1,11,15,1,0,Left,5.443,,,8,0,1.815800000000745,0,3,1.5442999999988825,2.0645,0,40,Male,2,36.0,75.0,27.0,52.0,61.0,31.72,-16.0,14.0,-4.719999999999999,2,1,11,0.7730249999999068,0.3666666666666666
6,Random,3,55,16,0,1,Left,5.933700000001117,,,8,0,7.252200000001117,0,3,5.927700000001118,6.867800000000745,0,40,Male,2,23.0,12.0,2.76,26.0,6.0,1.56,-3.0,6.0,1.1999999999999995,4,0,15,0.0934749999998604,0.3666666666666666
6,Random,1,15,17,1,0,Right,4.520099999999627,"Right, Right, Right, Right, Right, Right, Right, Right, Right, Right, Right, Right, Right, Right, Right, Right, Right, Right, Right, Right, Right, Right, Right, Right, Right, Right, Right, Right, Right, Right, Right, Right, Right, Right, Right, Right, Right, Right, Right, Right, Right, Right, Right, Right, Right, Right, Right, Right, Right, Right, Right, Right, Right, Right, Right, Right, Right, Right, Right, Right, Right, Right, Right, Right, Right, Right, Right, Right, Right, Right, Right, Right, Right, Right, Right","4.672699999999255, 5.171199999999255, 5.216099999999628, 5.249, 5.2835, 5.316699999999255, 5.35, 5.383299999998882, 5.416799999998882, 5.45, 5.487799999998883, 5.515199999999255, 5.54839999999851, 5.5675, 5.60039999999851, 5.634199999999255, 5.66739999999851, 5.7012999999988825, 5.734099999999628, 5.76739999999851, 5.8005, 5.834099999999627, 5.867099999999628, 5.900599999999628, 5.93439999999851, 5.9675, 6.00089999999851, 6.032599999999627, 6.065, 6.099799999998883, 6.134299999998882, 6.167199999999255, 6.200799999998883, 6.233799999998882, 6.267299999998882, 6.30039999999851, 6.333799999998883, 6.367099999999628, 6.400699999999255, 6.43439999999851, 6.4675, 6.5005, 6.534099999999627, 6.565299999998882, 6.599, 6.633799999998883, 6.667599999999627, 6.70039999999851, 6.73239999999851, 6.765699999999255, 6.800199999999255, 6.8338999999985095, 6.867199999999255, 6.901099999999627, 6.93439999999851, 6.9672999999988825, 6.9985, 7.033, 7.066199999999255, 7.099, 7.118199999999255, 7.151599999999627, 7.1845, 7.218099999999628, 7.25089999999851, 7.284599999999627, 7.3175999999996275, 7.350699999999255, 7.384599999999628, 7.41739999999851, 7.451099999999627, 7.484599999999627, 7.516799999998883, 7.551099999999628, 7.5835",8,0,3.59,0,2,5.709699999999255,6.366300000000745,0,40,Male,1,31.0,38.0,11.78,46.0,29.0,13.34,-15.0,9.0,-1.5600000000000005,3,0,15,0.55125,0.3666666666666666
6,Random,3,53,2,0,1,Right,3.8005,Right,3.8960999999996275,8,0,7.166099999999627,0,2,1.1667000000011176,1.6589000000003726,0,40,Male,1,40.0,63.0,25.2,57.0,58.0,33.059999999999995,-17.0,5.0,-7.859999999999996,1,1,13,0.1042375000000466,0.3666666666666666
6,Random,1,8,21,0,1,Left,3.0157000000011176,,,8,0,3.8325,0,2,2.402300000000745,2.822699999999255,0,40,Male,1,26.0,59.0,15.34,36.0,33.0,11.88,-10.0,26.0,3.459999999999999,5,0,8,0.5209375,0.3666666666666666
6,Random,3,46,22,0,1,Right,4.491099999999627,,,8,0,7.289199999999255,0,3,1.8740999999996275,2.346300000000745,0,40,Male,2,24.0,95.0,22.8,53.0,71.0,37.63,-29.0,24.0,-14.829999999999998,0,1,6,0.0888500000000931,0.3666666666666666
6,Random,3,43,32,0,1,Left,1.8997000000011173,,,8,0,7.791900000000372,0,1,2.123599999999628,2.627800000000745,0,40,Male,1,59.0,31.0,18.29,60.0,1.0,0.6,-1.0,30.0,17.689999999999998,7,0,3,0.0260124999999534,0.3666666666666666
6,Random,1,6,33,1,0,Right,4.133400000000372,,,8,0,2.500300000000745,0,2,3.113599999999628,3.741599999999627,0,40,Male,1,57.0,51.0,29.07,62.0,48.0,29.76,-5.0,3.0,-0.6899999999999977,3,0,6,0.6874624999999068,0.3666666666666666
6,Random,1,19,4,1,0,Left,3.275800000000745,Right,3.3805,8,0,3.960699999999255,0,1,3.3704000000003727,3.99460000000149,0,40,Male,1,72.0,82.0,59.04,73.0,81.0,59.13,-1.0,1.0,-0.0900000000000034,3,1,19,0.5049125000000931,0.3666666666666666
6,Random,2,29,44,1,0,Left,2.4964000000003725,,,8,0,5.223,0,2,4.438900000000372,5.9465,0,40,Male,1,19.0,86.0,16.34,45.0,71.0,31.95,-26.0,15.0,-15.61,0,1,9,0.347125,0.3666666666666666
6,Random,1,20,47,0,1,Left,2.519199999999255,,,8,0,4.193800000000745,0,2,3.266199999999255,3.766300000000745,0,40,Male,1,68.0,30.0,20.4,89.0,16.0,14.24,-21.0,14.0,6.159999999999998,6,0,20,0.4757749999999069,0.3666666666666666
6,Random,3,50,48,1,0,Right,5.4045,,,8,0,7.771299999998883,0,3,2.6719000000003725,3.584,0,40,Male,2,35.0,68.0,23.8,54.0,43.0,23.22,-19.0,25.0,0.5800000000000018,4,0,10,0.0285875000001396,0.3666666666666666
6,Random,1,4,5,1,0,Right,2.9439000000003723,,,8,0,3.9065,0,1,2.0734000000003725,2.549800000000745,0,40,Male,1,72.0,33.0,23.76,98.0,5.0,4.9,-26.0,28.0,18.86,7,0,4,0.5116875000000001,0.3666666666666666
6,Random,1,16,51,0,1,Left,2.023300000000745,,,8,0,5.362,0,2,2.89639999999851,3.3805,0,40,Male,1,41.0,94.0,38.54,48.0,70.0,33.599999999999994,-7.0,24.0,4.940000000000005,5,0,16,0.32975,0.3666666666666666
6,Random,1,12,56,1,0,Right,3.2449000000003725,,,8,0,4.021599999999627,0,2,3.069,3.6177999999988826,0,40,Male,1,62.0,34.0,21.08,86.0,15.0,12.9,-24.0,19.0,8.180000000000001,6,0,12,0.4973000000000466,0.3666666666666666
6,Random,3,45,57,1,0,Left,2.804199999999255,"Right, Right, Right, Right, Right, Right, Right, Right, Right, Right, Right, Right, Right, Right, Right, Right, Right, Right, Right, Right, Right, Right, Right, Right, Right, Right, Right","6.657300000000745, 7.1435, 7.1765999999996275, 7.223800000000745, 7.2575, 7.275699999999255, 7.309300000000745, 7.3425, 7.375699999999255, 7.409199999999255, 7.442400000000372, 7.476099999999628, 7.509300000000745, 7.542400000000373, 7.576, 7.609, 7.6425, 7.676300000000745, 7.709199999999255, 7.740599999999628, 7.775300000000745, 7.808699999999255, 7.842599999999628, 7.875800000000745, 7.909699999999255, 7.9425, 7.970099999999627",8,0,7.924400000000372,0,1,2.855,3.307300000000745,0,40,Male,1,59.0,94.0,55.46,86.0,89.0,76.54,-27.0,5.0,-21.080000000000013,0,1,5,0.0094499999999535,0.3666666666666666
6,Random,1,2,58,1,0,Left,3.5735,,,8,0,3.3730999999996274,0,1,2.2124000000003727,2.880599999999628,0,40,Male,1,36.0,54.0,19.44,48.0,53.0,25.44,-12.0,1.0,-6.0,1,1,2,0.5783625000000465,0.3666666666666666
6,Random,2,34,59,0,1,Right,6.010700000001117,,,8,0,1.7459000000003726,0,3,1.5939000000003725,2.0339000000003726,0,40,Male,2,8.0,64.0,5.12,25.0,34.0,8.5,-17.0,30.0,-3.38,2,1,14,0.7817624999999534,0.3666666666666666
6,Random,2,37,10,1,0,Left,4.754699999999255,,,10,0,4.018799999998882,0,2,4.096599999999627,4.584700000001118,0,40,Male,1,5.0,55.0,2.75,35.0,36.0,12.6,-30.0,19.0,-9.85,1,1,17,0.5981200000001118,0.3666666666666666
6,Random,2,32,11,0,1,Left,2.387,,,10,0,5.704300000000745,0,1,4.251900000000372,4.688,0,40,Male,1,72.0,85.0,61.2,86.0,66.0,56.760000000000005,-14.0,19.0,4.439999999999991,5,0,12,0.4295699999999255,0.3666666666666666
6,Random,1,5,14,1,0,Right,8.198599999999628,,,10,0,1.2437999999988825,0,3,1.799,3.015,0,40,Male,2,33.0,61.0,20.13,51.0,44.0,22.44,-18.0,17.0,-2.3100000000000023,2,0,5,0.8756200000001118,0.3666666666666666
6,Random,2,38,20,1,0,,4.754699999999255,,,10,0,5.397900000000373,1,4,2.476699999999255,3.045,0,40,Male,3,35.0,24.0,8.4,65.0,14.0,9.1,-30.0,10.0,-0.7000000000000011,3,0,18,0.4602099999999627,0.3666666666666666
6,Random,2,36,23,1,0,Right,3.767,,,10,0,5.418200000001118,0,2,5.587299999998883,6.4675,0,40,Male,1,52.0,36.0,18.72,63.0,27.0,17.01,-11.0,9.0,1.7099999999999973,4,0,16,0.4581799999998882,0.3666666666666666
6,Random,2,27,26,0,1,Left,3.266099999999628,,,10,0,6.100400000000373,0,1,1.5824000000003726,2.2665,0,40,Male,1,95.0,74.0,70.3,97.0,49.0,47.53,-2.0,25.0,22.77,7,0,7,0.3899599999999627,0.3666666666666666
6,Random,3,54,27,1,0,Right,3.4441999999992547,,,10,0,8.122900000000373,0,2,10.157200000001115,10.733300000000746,0,40,Male,1,18.0,49.0,8.82,23.0,29.0,6.67,-5.0,20.0,2.1500000000000004,5,0,14,0.1877099999999627,0.3666666666666666
6,Random,3,57,29,0,1,Left,2.282099999999628,,,10,0,7.764400000000372,0,2,1.7279000000003726,2.264,0,40,Male,1,64.0,32.0,20.48,69.0,4.0,2.76,-5.0,28.0,17.72,7,0,17,0.2235599999999627,0.3666666666666666
6,Random,1,13,30,1,0,Left,2.883,Right,2.9709000000003725,10,0,6.131,0,3,1.692699999999255,3.124800000000745,0,40,Male,2,71.0,82.0,58.22,80.0,78.0,62.400000000000006,-9.0,4.0,-4.180000000000007,2,1,13,0.3868999999999999,0.3666666666666666
6,Random,1,1,31,0,1,Right,2.9017999999988824,Right,2.9572999999988823,10,0,6.965299999998883,0,1,2.9062999999988826,3.526599999999628,0,40,Male,1,59.0,23.0,13.57,74.0,22.0,16.28,-15.0,1.0,-2.710000000000001,2,1,1,0.3034700000001117,0.3666666666666666
6,Random,2,31,38,0,1,Right,5.183599999999627,,,10,0,3.3662000000011174,0,3,2.6196999999992547,4.367699999999255,0,40,Male,2,43.0,54.0,23.22,63.0,45.0,28.35,-20.0,9.0,-5.129999999999999,1,1,11,0.6633799999998883,0.3666666666666666
6,Random,1,9,40,0,1,Right,2.8109000000003723,,,10,0,7.045099999999628,0,2,2.363300000000745,2.8674000000003725,0,40,Male,1,30.0,41.0,12.3,60.0,35.0,21.0,-30.0,6.0,-8.700000000000001,1,1,9,0.2954900000000371,0.3666666666666666
6,Random,3,58,41,1,0,Right,3.387,,,10,0,10.637599999999628,0,2,1.858599999999628,2.5787999999988824,0,40,Male,1,35.0,40.0,14.0,48.0,10.0,4.800000000000001,-13.0,30.0,9.2,6,0,18,0.0637599999999627,0.3666666666666666
6,Random,1,3,45,0,1,Right,2.4979000000003726,,,10,0,5.445599999999628,0,1,1.895,2.3872000000011178,0,40,Male,1,52.0,92.0,47.84,72.0,91.0,65.52,-20.0,1.0,-17.679999999999993,0,1,3,0.4554400000000372,0.3666666666666666
6,Random,2,28,49,0,1,Right,3.1527000000011176,,,10,0,6.339700000001118,0,3,6.855,7.390799999998882,0,40,Male,2,69.0,87.0,60.03,99.0,86.0,85.14,-30.0,1.0,-25.11,0,1,8,0.3660299999998882,0.3666666666666666
6,Random,3,42,52,1,0,Right,7.126400000000372,,,10,0,8.153799999998883,0,3,3.411699999999255,3.939900000000372,0,40,Male,2,62.0,92.0,57.04,83.0,62.0,51.46,-21.0,30.0,5.579999999999998,5,0,2,0.1846200000001117,0.3666666666666666
6,Random,1,7,53,0,1,Left,6.450300000000745,,,10,0,1.8054000000003725,0,3,1.853099999999628,2.4132999999988822,0,40,Male,2,69.0,28.0,19.32,81.0,23.0,18.630000000000003,-12.0,5.0,0.6899999999999977,4,0,7,0.8194599999999628,0.3666666666666666
6,Random,3,51,54,1,0,Left,5.8685,"Right, Right, Right, Right, Right, Right, Right, Right, Right, Right, Right, Right","6.543300000000745, 7.0349000000003725, 7.068200000001117, 7.101300000000745, 7.134900000000372, 7.167300000000745, 7.200800000000745, 7.234400000000372, 7.266400000000372, 7.2987000000011175, 7.33310000000149, 7.367900000000373",10,0,9.0655,0,3,1.7716000000014902,2.2599000000003726,0,40,Male,2,47.0,37.0,17.39,77.0,23.0,17.71,-30.0,14.0,-0.3200000000000003,3,1,11,0.0934499999999999,0.3666666666666666
6,Random,3,48,8,0,1,Left,3.296199999999255,,,10,0,10.283199999999256,0,2,5.398400000000373,5.878599999999628,0,40,Male,1,65.0,49.0,31.85,71.0,33.0,23.43,-6.0,16.0,8.419999999999998,6,0,8,0.0283199999999256,0.3666666666666666
6,Random,2,30,9,1,0,Right,2.756599999999628,,,10,0,6.2529000000003725,0,2,5.0182000000011175,5.454400000000373,0,40,Male,1,39.0,66.0,25.74,40.0,50.0,20.0,-1.0,16.0,5.740000000000002,6,0,10,0.3747099999999627,0.3666666666666666
7,Random,2,40,1,0,1,Right,3.984299999952316,,,6,0,1.7706999999284745,0,4,1.7726999999284745,2.829600000023842,1,54,Male,3,18.0,44.0,7.92,40.0,39.0,15.6,-22.0,5.0,-7.6800000000000015,1,1,20,0.7048833333452542,0.2333333333333333
7,Random,3,51,18,0,1,Left,2.743899999976158,,,6,0,3.3253000000715254,0,2,1.118100000023842,1.795,1,54,Male,1,73.0,32.0,23.36,82.0,2.0,1.64,-9.0,30.0,21.72,7,0,11,0.4457833333214124,0.2333333333333333
7,Random,3,60,19,0,1,Left,3.031899999976158,,,6,0,2.716,0,2,1.0962999999523162,1.8448999999761584,1,54,Male,1,24.0,74.0,17.759999999999998,25.0,64.0,16.0,-1.0,10.0,1.759999999999998,5,0,20,0.5473333333333333,0.2333333333333333
7,Random,3,43,24,1,0,Right,3.974100000023842,,,6,0,1.5388000000715256,0,4,1.002,1.738600000023842,1,54,Male,3,7.0,96.0,6.72,37.0,66.0,24.42,-30.0,30.0,-17.700000000000003,0,0,3,0.7435333333214125,0.2333333333333333
7,Random,3,58,25,0,1,Left,2.401899999976158,,,6,0,3.655399999976158,0,2,1.1947999999523162,1.9112999999523164,1,54,Male,1,52.0,96.0,49.92,55.0,83.0,45.65,-3.0,13.0,4.270000000000003,5,0,18,0.3907666666706403,0.2333333333333333
7,Random,3,57,28,0,1,Left,3.217200000047684,,,6,0,2.438899999976158,0,2,1.0338000000715255,1.6591000000238418,1,54,Male,1,11.0,72.0,7.92,33.0,45.0,14.85,-22.0,27.0,-6.93,1,0,17,0.5935166666706403,0.2333333333333333
7,Random,2,21,3,1,0,Right,2.244,,,6,0,3.0585999999046325,0,2,1.2938999999761582,2.1106999999284746,1,54,Male,1,76.0,72.0,54.72,99.0,48.0,47.52,-23.0,24.0,7.200000000000003,6,0,1,0.4902333333492279,0.2333333333333333
7,Random,1,19,34,1,0,Right,2.2651000000238417,,,6,0,3.5652999999523165,0,2,1.012,1.8125,1,54,Male,1,27.0,60.0,16.2,36.0,41.0,14.76,-9.0,19.0,1.4399999999999995,4,0,19,0.4057833333412806,0.2333333333333333
7,Random,2,22,35,0,1,Left,2.0870999999046327,,,6,0,3.710900000095368,0,2,2.042899999976158,2.931600000023842,1,54,Male,1,36.0,37.0,13.32,51.0,10.0,5.1000000000000005,-15.0,27.0,8.219999999999999,6,0,2,0.381516666650772,0.2333333333333333
7,Random,2,28,36,1,0,Right,2.1233999999761584,,,6,0,3.264300000071525,0,2,1.5677999999523162,2.2805999999046325,1,54,Male,1,75.0,31.0,23.25,96.0,14.0,13.44,-21.0,17.0,9.81,7,0,8,0.4559499999880791,0.2333333333333333
7,Random,3,55,37,0,1,Left,3.8943999999761583,,,6,0,1.8423000000715253,0,3,1.2120999999046325,1.968899999976158,1,54,Male,2,48.0,35.0,16.799999999999997,61.0,19.0,11.59,-13.0,16.0,5.209999999999997,5,0,15,0.6929499999880792,0.2333333333333333
7,Random,1,1,39,1,0,Right,2.9901999999284743,,,6,0,5.294199999928474,0,3,2.0168000000715254,4.124100000023842,1,54,Male,2,36.0,68.0,24.48,55.0,48.0,26.4,-19.0,20.0,-1.9199999999999984,2,0,1,0.1176333333452543,0.2333333333333333
7,Random,1,20,42,1,0,Right,1.7447999999523165,,,6,0,3.5418999999761582,0,2,1.0222000000476836,1.6462000000476835,1,54,Male,1,50.0,89.0,44.5,66.0,67.0,44.220000000000006,-16.0,22.0,0.279999999999994,4,0,20,0.4096833333373069,0.2333333333333333
7,Random,2,32,43,0,1,Right,3.5451999999284745,,,6,0,2.268799999952316,0,4,1.155,1.867899999976158,1,54,Male,3,17.0,73.0,12.41,42.0,63.0,26.46,-25.0,10.0,-14.05,0,1,12,0.621866666674614,0.2333333333333333
7,Random,3,54,46,0,1,Left,2.597700000047684,,,6,0,3.915200000047684,0,2,1.1251999999284743,1.834,1,54,Male,1,78.0,38.0,29.64,90.0,15.0,13.5,-12.0,23.0,16.14,7,0,14,0.3474666666587193,0.2333333333333333
7,Random,1,11,50,0,1,Right,4.375399999976159,,,6,0,1.4114000000953677,0,4,1.2315,1.880300000071525,1,54,Male,3,2.0,34.0,0.68,29.0,13.0,3.77,-27.0,21.0,-3.09,2,1,11,0.7647666666507721,0.2333333333333333
7,Random,1,4,55,0,1,Left,2.8456999999284744,,,6,0,3.035300000071526,0,3,1.8951000000238416,2.495899999976158,1,54,Male,2,35.0,92.0,32.2,41.0,81.0,33.21,-6.0,11.0,-1.009999999999998,3,0,4,0.4941166666547457,0.2333333333333333
7,Random,3,48,6,1,0,Right,2.9078999999761583,,,6,0,3.161200000047684,0,2,1.0715,1.7232999999523162,1,54,Male,1,41.0,64.0,26.24,52.0,51.0,26.52,-11.0,13.0,-0.2799999999999976,3,0,8,0.473133333325386,0.2333333333333333
7,Random,3,52,60,1,0,Left,2.9198999999761583,,,6,0,2.8917999999523163,0,2,1.1511000000238418,1.7958999999761582,1,54,Male,1,56.0,75.0,42.0,81.0,74.0,59.94,-25.0,1.0,-17.939999999999998,0,1,12,0.5180333333412807,0.2333333333333333
7,Random,3,59,7,0,1,Right,3.903100000023842,,,6,0,2.015599999904633,0,2,1.276899999976158,1.9801000000238416,1,54,Male,1,61.0,62.0,37.82,69.0,61.0,42.09,-8.0,1.0,-4.269999999999996,2,1,19,0.6640666666825612,0.2333333333333333
7,Random,2,35,12,1,0,Right,2.3665,,,8,0,5.439799999952316,0,2,2.914600000023842,4.159700000047684,1,54,Male,1,72.0,98.0,70.56,73.0,77.0,56.21,-1.0,21.0,14.35,7,0,15,0.3200250000059604,0.2333333333333333
7,Random,1,7,13,0,1,Left,2.1621999999284744,,,8,0,4.856,0,3,1.7617999999523162,2.377,1,54,Male,2,73.0,49.0,35.77,81.0,42.0,34.02,-8.0,7.0,1.75,4,0,7,0.393,0.2333333333333333
7,Random,2,37,15,1,0,Right,3.0868000000715257,,,8,0,4.6085,0,3,1.0558000000715255,1.7598000000715257,1,54,Male,2,36.0,75.0,27.0,52.0,61.0,31.72,-16.0,14.0,-4.719999999999999,2,0,17,0.4239374999999999,0.2333333333333333
7,Random,1,9,16,1,0,Right,2.273,,,8,0,5.173399999976158,0,3,1.3743999999761582,1.9595,1,54,Male,2,23.0,12.0,2.76,26.0,6.0,1.56,-3.0,6.0,1.1999999999999995,4,0,9,0.3533250000029803,0.2333333333333333
7,Random,2,25,17,1,0,Right,3.0351000000238417,,,8,0,4.989899999976158,0,2,1.838299999952316,2.494899999976158,1,54,Male,1,31.0,38.0,11.78,46.0,29.0,13.34,-15.0,9.0,-1.5600000000000005,3,0,5,0.3762625000029802,0.2333333333333333
7,Random,1,17,2,0,1,Right,2.262100000023842,,,8,0,5.094299999952316,0,2,1.421899999976158,2.298700000047684,1,54,Male,1,40.0,63.0,25.2,57.0,58.0,33.059999999999995,-17.0,5.0,-7.859999999999996,1,1,17,0.3632125000059605,0.2333333333333333
7,Random,1,14,21,1,0,Right,2.0328000000715254,,,8,0,5.003699999928474,0,2,1.1355,1.694,1,54,Male,1,26.0,59.0,15.34,36.0,33.0,11.88,-10.0,26.0,3.459999999999999,5,0,14,0.3745375000089407,0.2333333333333333
7,Random,1,6,22,0,1,Left,2.5363000000715257,,,8,0,4.628899999976158,0,3,1.4793000000715255,2.0603000000715257,1,54,Male,2,24.0,95.0,22.8,53.0,71.0,37.63,-29.0,24.0,-14.829999999999998,0,0,6,0.4213875000029802,0.2333333333333333
7,Random,1,18,44,0,1,Left,3.0735,,,8,0,4.140600000023841,0,2,1.0057000000476837,1.926600000023842,1,54,Male,1,19.0,86.0,16.34,45.0,71.0,31.95,-26.0,15.0,-15.61,0,0,18,0.4824249999970198,0.2333333333333333
7,Random,3,49,47,0,1,Left,2.5527999999523163,,,8,0,4.909899999976158,0,2,1.346100000023842,2.118799999952316,1,54,Male,1,68.0,30.0,20.4,89.0,16.0,14.24,-21.0,14.0,6.159999999999998,6,0,9,0.3862625000029802,0.2333333333333333
7,Random,1,15,48,0,1,Left,1.5689000000953677,,,8,0,5.170300000071526,0,2,1.950399999976158,2.8108999999761584,1,54,Male,1,35.0,68.0,23.8,54.0,43.0,23.22,-19.0,25.0,0.5800000000000018,4,0,15,0.3537124999910592,0.2333333333333333
7,Random,1,10,5,1,0,Right,1.772899999976158,,,8,0,5.030800000071525,0,2,2.1665,2.816100000023842,1,54,Male,1,72.0,33.0,23.76,98.0,5.0,4.9,-26.0,28.0,18.86,7,0,10,0.3711499999910593,0.2333333333333333
7,Random,3,41,51,0,1,Left,2.200200000047684,,,8,0,5.2375,0,2,1.442099999904633,2.1705,1,54,Male,1,41.0,94.0,38.54,48.0,70.0,33.599999999999994,-7.0,24.0,4.940000000000005,5,0,1,0.3453125,0.2333333333333333
7,Random,3,44,56,0,1,Left,2.6110999999046327,,,8,0,4.141399999976158,0,2,1.2320999999046325,2.4086999999284746,1,54,Male,1,62.0,34.0,21.08,86.0,15.0,12.9,-24.0,19.0,8.180000000000001,6,0,4,0.4823250000029803,0.2333333333333333
7,Random,2,33,58,1,0,Left,2.857200000047684,,,8,0,4.703,0,2,1.4856999999284743,2.1656999999284743,1,54,Male,1,36.0,54.0,19.44,48.0,53.0,25.44,-12.0,1.0,-6.0,1,1,13,0.4121249999999999,0.2333333333333333
7,Random,3,46,10,0,1,Right,5.028399999976158,,,10,0,4.396799999952316,0,4,1.630399999976158,2.4031999999284746,1,54,Male,3,5.0,55.0,2.75,35.0,36.0,12.6,-30.0,19.0,-9.85,1,1,6,0.5603200000047683,0.2333333333333333
7,Random,2,27,11,0,1,Left,2.3515,,,10,0,6.7883000000715255,0,2,1.529,2.186100000023842,1,54,Male,1,72.0,85.0,61.2,86.0,66.0,56.760000000000005,-14.0,19.0,4.439999999999991,5,0,7,0.3211699999928474,0.2333333333333333
7,Random,3,45,14,0,1,Left,2.348399999976158,,,10,0,6.550200000047684,0,2,1.349600000023842,2.1582000000476835,1,54,Male,1,33.0,61.0,20.13,51.0,44.0,22.44,-18.0,17.0,-2.3100000000000023,2,0,5,0.3449799999952316,0.2333333333333333
7,Random,2,29,23,0,1,Left,2.735,,,10,0,6.376699999928475,0,3,1.427100000023842,2.0917000000476835,1,54,Male,2,52.0,36.0,18.72,63.0,27.0,17.01,-11.0,9.0,1.7099999999999973,4,0,9,0.3623300000071525,0.2333333333333333
7,Random,2,30,26,0,1,Left,2.534200000047684,,,10,0,7.373099999904633,0,1,1.373,2.229700000047684,1,54,Male,1,95.0,74.0,70.3,97.0,49.0,47.53,-2.0,25.0,22.77,7,0,10,0.2626900000095367,0.2333333333333333
7,Random,3,42,27,0,1,Left,2.8005,,,10,0,5.982,0,2,1.2825,1.971299999952316,1,54,Male,1,18.0,49.0,8.82,23.0,29.0,6.67,-5.0,20.0,2.1500000000000004,5,0,2,0.4018,0.2333333333333333
7,Random,1,16,29,1,0,Right,1.627,,,10,0,6.8995,0,1,1.0857999999523162,2.019199999928474,1,54,Male,1,64.0,32.0,20.48,69.0,4.0,2.76,-5.0,28.0,17.72,7,0,16,0.31005,0.2333333333333333
7,Random,2,36,30,0,1,Right,5.474600000023842,,,10,0,4.151400000095367,0,3,1.5305,2.167,1,54,Male,2,71.0,82.0,58.22,80.0,78.0,62.400000000000006,-9.0,4.0,-4.180000000000007,2,1,16,0.5848599999904633,0.2333333333333333
7,Random,1,13,31,1,0,Left,2.6866000000238417,,,10,0,6.162700000047684,0,2,1.0282000000476836,1.6451000000238418,1,54,Male,1,59.0,23.0,13.57,74.0,22.0,16.28,-15.0,1.0,-2.710000000000001,2,1,13,0.3837299999952316,0.2333333333333333
7,Random,2,26,38,0,1,Left,3.139799999952316,,,10,0,6.1516000000238416,0,3,1.2955,1.948100000023841,1,54,Male,2,43.0,54.0,23.22,63.0,45.0,28.35,-20.0,9.0,-5.129999999999999,1,0,6,0.3848399999976158,0.2333333333333333
7,Random,3,50,40,0,1,Right,3.4109000000953675,,,10,0,5.461100000023841,0,3,1.2777000000476837,2.038100000023842,1,54,Male,2,30.0,41.0,12.3,60.0,35.0,21.0,-30.0,6.0,-8.700000000000001,1,1,10,0.4538899999976158,0.2333333333333333
7,Random,1,3,41,0,1,Left,1.717,,,10,0,6.677299999952316,0,2,2.163300000071525,2.693800000071525,1,54,Male,1,35.0,40.0,14.0,48.0,10.0,4.800000000000001,-13.0,30.0,9.2,6,0,3,0.3322700000047683,0.2333333333333333
7,Random,2,31,45,0,1,Right,2.8105,,,10,0,6.2351000000238415,0,2,2.122100000023842,2.735100000023842,1,54,Male,1,52.0,92.0,47.84,72.0,91.0,65.52,-20.0,1.0,-17.679999999999993,0,1,11,0.3764899999976158,0.2333333333333333
7,Random,3,53,49,0,1,Right,3.686699999928474,,,10,0,5.556100000023842,0,2,1.672100000023842,2.344700000047684,1,54,Male,1,69.0,87.0,60.03,99.0,86.0,85.14,-30.0,1.0,-25.11,0,1,13,0.4443899999976158,0.2333333333333333
7,Random,1,12,52,0,1,Left,1.636100000023842,,,10,0,7.550199999928474,0,2,1.7701000000238418,2.8109000000953674,1,54,Male,1,62.0,92.0,57.04,83.0,62.0,51.46,-21.0,30.0,5.579999999999998,5,0,12,0.2449800000071525,0.2333333333333333
7,Random,3,47,53,0,1,Left,4.995300000071525,,,10,0,4.379399999976158,0,3,1.1516000000238418,2.0003000000715256,1,54,Male,2,69.0,28.0,19.32,81.0,23.0,18.630000000000003,-12.0,5.0,0.6899999999999977,4,0,7,0.5620600000023842,0.2333333333333333
7,Random,1,2,54,1,0,Right,2.6428000000715257,,,10,0,5.542399999976158,0,4,2.063,2.7562999999523163,1,54,Male,3,47.0,37.0,17.39,77.0,23.0,17.71,-30.0,14.0,-0.3200000000000003,3,0,2,0.4457600000023841,0.2333333333333333
7,Random,2,39,8,0,1,Left,2.495,,,10,0,7.2671000000238415,0,3,1.425,2.385600000023842,1,54,Male,2,65.0,49.0,31.85,71.0,33.0,23.43,-6.0,16.0,8.419999999999998,6,0,19,0.2732899999976158,0.2333333333333333
7,Random,1,5,9,1,0,Right,2.3461999999284746,,,10,0,6.018299999952316,0,2,1.2156000000238418,1.7803000000715257,1,54,Male,1,39.0,66.0,25.74,40.0,50.0,20.0,-1.0,16.0,5.740000000000002,6,0,5,0.3981700000047684,0.2333333333333333
8,Random,1,7,1,1,0,Left,2.662699999809265,,,6,0,7.176700000047684,0,4,1.7352999999523162,2.424,0,35,Male,3,18.0,44.0,7.92,40.0,39.0,15.6,-22.0,5.0,-7.6800000000000015,1,1,7,0.196116666674614,0.3333333333333333
8,Random,2,22,18,0,1,Left,2.1699000000953674,,,6,0,5.363200000047684,0,4,1.5053000001907348,2.117600000143052,0,35,Male,3,73.0,32.0,23.36,82.0,2.0,1.64,-9.0,30.0,21.72,7,0,2,0.106133333325386,0.3333333333333333
8,Random,1,19,19,1,0,Right,2.4055999999046325,,,6,0,6.330200000047684,0,4,2.6530999999046325,7.051099999904633,0,35,Male,3,24.0,74.0,17.759999999999998,25.0,64.0,16.0,-1.0,10.0,1.759999999999998,5,0,19,0.0550333333412806,0.3333333333333333
8,Random,2,23,24,0,1,Right,2.696900000095368,,,6,0,6.238800000190735,0,3,1.7159000000953677,2.5372000000476835,0,35,Male,2,7.0,96.0,6.72,37.0,66.0,24.42,-30.0,30.0,-17.700000000000003,0,1,3,0.0398000000317891,0.3333333333333333
8,Random,2,31,25,1,0,Right,2.4347999999523164,,,6,0,8.595,0,2,1.573099999904633,2.199700000047684,0,35,Male,1,52.0,96.0,49.92,55.0,83.0,45.65,-3.0,13.0,4.270000000000003,5,0,11,0.4325000000000001,0.3333333333333333
8,Random,1,20,28,0,1,Left,2.5382999999523164,,,6,0,5.639200000047683,0,4,2.488199999809265,3.03,0,35,Male,3,11.0,72.0,7.92,33.0,45.0,14.85,-22.0,27.0,-6.93,1,0,20,0.0601333333253861,0.3333333333333333
8,Random,1,2,3,1,0,Right,2.761299999952316,,,6,0,5.046900000095367,0,2,1.5278000001907348,2.701300000190735,0,35,Male,1,76.0,72.0,54.72,99.0,48.0,47.52,-23.0,24.0,7.200000000000003,6,0,2,0.1588499999841054,0.3333333333333333
8,Random,3,51,34,0,1,Left,2.807400000095368,,,6,0,5.619400000095367,0,3,1.5715,2.185199999809265,0,35,Male,2,27.0,60.0,16.2,36.0,41.0,14.76,-9.0,19.0,1.4399999999999995,4,0,11,0.0634333333174388,0.3333333333333333
8,Random,3,57,36,0,1,Left,1.6577999999523163,,,6,0,5.169100000143051,0,3,1.5174000000953674,1.9725,0,35,Male,2,75.0,31.0,23.25,96.0,14.0,13.44,-21.0,17.0,9.81,7,0,17,0.1384833333094914,0.3333333333333333
8,Random,2,34,37,0,1,Left,2.105200000047684,,,6,0,9.120400000095367,0,3,1.3922000000476835,2.054700000047684,0,35,Male,2,48.0,35.0,16.799999999999997,61.0,19.0,11.59,-13.0,16.0,5.209999999999997,5,0,14,0.5200666666825612,0.3333333333333333
8,Random,2,33,39,1,0,Right,4.176599999904632,,,6,0,8.943599999904633,0,3,2.191799999952316,2.751100000143051,0,35,Male,2,36.0,68.0,24.48,55.0,48.0,26.4,-19.0,20.0,-1.9199999999999984,2,0,13,0.4905999999841055,0.3333333333333333
8,Random,1,17,42,0,1,Left,1.757899999856949,,,6,0,6.876600000143051,0,2,2.041900000095368,2.6914000000953675,0,35,Male,1,50.0,89.0,44.5,66.0,67.0,44.220000000000006,-16.0,22.0,0.279999999999994,4,0,17,0.1461000000238418,0.3333333333333333
8,Random,2,26,43,0,1,Right,2.799400000095368,,,6,0,6.452,0,3,1.4139000000953674,2.007200000047684,0,35,Male,2,17.0,73.0,12.41,42.0,63.0,26.46,-25.0,10.0,-14.05,0,1,6,0.0753333333333333,0.3333333333333333
8,Random,3,46,46,1,0,Right,2.4593999998569487,,,6,0,6.820799999952317,0,3,1.9725,2.8970999999046327,0,35,Male,2,78.0,38.0,29.64,90.0,15.0,13.5,-12.0,23.0,16.14,7,0,6,0.1367999999920527,0.3333333333333333
8,Random,2,35,50,1,0,Left,3.814700000047684,,,6,0,5.820099999904633,0,5,0.9660999999046326,1.642399999856949,0,35,Male,3,2.0,34.0,0.68,29.0,13.0,3.77,-27.0,21.0,-3.09,2,1,15,0.0299833333492278,0.3333333333333333
8,Random,1,5,55,1,0,Right,2.7795999999046326,,,6,0,7.297,0,3,1.4907999999523165,4.062,0,35,Male,2,35.0,92.0,32.2,41.0,81.0,33.21,-6.0,11.0,-1.009999999999998,3,0,5,0.2161666666666666,0.3333333333333333
8,Random,3,48,6,1,0,Right,2.724300000190735,,,6,0,6.800700000047684,0,4,1.873,2.363200000047684,0,35,Male,3,41.0,64.0,26.24,52.0,51.0,26.52,-11.0,13.0,-0.2799999999999976,3,0,8,0.1334500000079472,0.3333333333333333
8,Random,3,45,60,0,1,Right,2.3525,,,6,0,4.721299999952317,0,2,1.6044000000953675,3.081,0,35,Male,1,56.0,75.0,42.0,81.0,74.0,59.94,-25.0,1.0,-17.939999999999998,0,1,5,0.2131166666746139,0.3333333333333333
8,Random,2,39,7,1,0,Left,2.267599999904633,,,6,0,6.977699999809265,0,1,1.4565999999046326,2.4479000000953675,0,35,Male,1,61.0,62.0,37.82,69.0,61.0,42.09,-8.0,1.0,-4.269999999999996,2,1,19,0.1629499999682108,0.3333333333333333
8,Random,3,52,12,0,1,Left,1.2660999999046323,,,8,0,8.33960000014305,0,1,1.903900000095368,2.794200000047684,0,35,Male,1,72.0,98.0,70.56,73.0,77.0,56.21,-1.0,21.0,14.35,7,0,12,0.0424500000178813,0.3333333333333333
8,Random,3,43,13,0,1,Left,3.5710999999046327,,,8,0,6.251,0,3,1.8105,2.4320999999046324,0,35,Male,2,73.0,49.0,35.77,81.0,42.0,34.02,-8.0,7.0,1.75,4,0,3,0.2186249999999999,0.3333333333333333
8,Random,3,56,15,1,0,Right,2.775,,,8,0,4.354599999904632,0,2,1.1555,1.7902000000476836,0,35,Male,1,36.0,75.0,27.0,52.0,61.0,31.72,-16.0,14.0,-4.719999999999999,2,0,16,0.4556750000119209,0.3333333333333333
8,Random,3,41,16,1,0,Right,2.786299999952316,,,8,0,8.244,0,4,1.3902000000476835,1.942099999904633,0,35,Male,3,23.0,12.0,2.76,26.0,6.0,1.56,-3.0,6.0,1.1999999999999995,4,0,1,0.0304999999999999,0.3333333333333333
8,Random,1,18,17,0,1,Left,3.3790999999046325,,,8,0,6.204400000095368,0,4,2.991,3.612899999856949,0,35,Male,3,31.0,38.0,11.78,46.0,29.0,13.34,-15.0,9.0,-1.5600000000000005,3,0,18,0.224449999988079,0.3333333333333333
8,Random,2,29,2,0,1,Right,2.743400000095368,,,8,0,6.57,0,3,1.9778000001907348,6.175100000143051,0,35,Male,2,40.0,63.0,25.2,57.0,58.0,33.059999999999995,-17.0,5.0,-7.859999999999996,1,1,9,0.1787499999999999,0.3333333333333333
8,Random,2,38,21,1,0,Right,2.492700000047684,,,8,0,8.872300000190736,0,2,0.7929000000953674,1.3381000001430512,0,35,Male,1,26.0,59.0,15.34,36.0,33.0,11.88,-10.0,26.0,3.459999999999999,5,0,18,0.1090375000238419,0.3333333333333333
8,Random,1,13,22,1,0,Right,1.6987999999523162,,,8,0,5.636899999856949,0,3,2.8900999999046326,4.924099999904633,0,35,Male,2,24.0,95.0,22.8,53.0,71.0,37.63,-29.0,24.0,-14.829999999999998,0,0,13,0.2953875000178814,0.3333333333333333
8,Random,2,32,32,1,0,Right,2.119,,,8,0,8.120400000095367,0,4,2.560199999809265,3.1875999999046325,0,35,Male,3,59.0,31.0,18.29,60.0,1.0,0.6,-1.0,30.0,17.689999999999998,7,0,12,0.0150500000119209,0.3333333333333333
8,Random,2,21,33,1,0,Right,2.832700000047684,,,8,0,7.434200000047683,0,4,2.457700000047684,3.2389000000953674,0,35,Male,3,57.0,51.0,29.07,62.0,48.0,29.76,-5.0,3.0,-0.6899999999999977,3,0,1,0.0707249999940395,0.3333333333333333
8,Random,2,28,4,1,0,Right,3.170900000095368,,,8,0,4.5376999998092655,0,3,9.839799999952316,10.964,0,35,Male,2,72.0,82.0,59.04,73.0,81.0,59.13,-1.0,1.0,-0.0900000000000034,3,0,8,0.4327875000238418,0.3333333333333333
8,Random,1,4,44,0,1,Right,4.9145,,,8,0,8.46,0,3,1.969299999952316,2.7205,0,35,Male,2,19.0,86.0,16.34,45.0,71.0,31.95,-26.0,15.0,-15.61,0,1,4,0.0575000000000001,0.3333333333333333
8,Random,2,37,47,0,1,Left,3.376,,,8,0,10.909099999904631,0,3,1.9457999999523163,2.4285,0,35,Male,2,68.0,30.0,20.4,89.0,16.0,14.24,-21.0,14.0,6.159999999999998,6,0,17,0.3636374999880789,0.3333333333333333
8,Random,2,27,48,0,1,Left,2.9347999999523164,,,8,0,4.325,0,3,2.062899999856949,3.206699999809265,0,35,Male,2,35.0,68.0,23.8,54.0,43.0,23.22,-19.0,25.0,0.5800000000000018,4,0,7,0.459375,0.3333333333333333
8,Random,3,47,5,1,0,Right,1.6603000001907349,,,8,0,7.380900000095368,0,1,1.6365,2.2642999999523163,0,35,Male,1,72.0,33.0,23.76,98.0,5.0,4.9,-26.0,28.0,18.86,7,0,7,0.077387499988079,0.3333333333333333
8,Random,1,8,51,0,1,Left,2.326600000143052,,,8,0,6.952899999856949,0,2,7.065400000095368,10.822599999904632,0,35,Male,1,41.0,94.0,38.54,48.0,70.0,33.599999999999994,-7.0,24.0,4.940000000000005,5,0,8,0.1308875000178814,0.3333333333333333
8,Random,3,50,56,0,1,Left,2.073799999952316,,,8,0,5.753299999952317,0,3,1.3380999999046326,1.821099999904633,0,35,Male,2,62.0,34.0,21.08,86.0,15.0,12.9,-24.0,19.0,8.180000000000001,6,0,10,0.2808375000059604,0.3333333333333333
8,Random,1,12,57,1,0,Left,2.961200000047684,,,8,0,9.5755,0,2,1.6,2.3860999999046326,0,35,Male,1,59.0,94.0,55.46,86.0,89.0,76.54,-27.0,5.0,-21.080000000000013,0,1,12,0.1969375,0.3333333333333333
8,Random,3,53,58,0,1,Right,1.808200000047684,,,8,0,7.412,0,1,1.2452999999523162,1.8112999999523165,0,35,Male,1,36.0,54.0,19.44,48.0,53.0,25.44,-12.0,1.0,-6.0,1,1,13,0.0735,0.3333333333333333
8,Random,1,15,59,0,1,Right,2.9344000000953674,,,8,0,5.845300000190735,0,3,1.52,2.168,0,35,Male,2,8.0,64.0,5.12,25.0,34.0,8.5,-17.0,30.0,-3.38,2,1,15,0.2693374999761581,0.3333333333333333
8,Random,1,6,10,0,1,Right,4.049,,,10,0,5.765700000047684,0,4,2.6289000000953675,3.2915,0,35,Male,3,5.0,55.0,2.75,35.0,36.0,12.6,-30.0,19.0,-9.85,1,1,6,0.4234299999952315,0.3333333333333333
8,Random,1,10,11,1,0,Right,1.67,,,10,0,9.655,0,2,2.6830999999046328,3.344799999952316,0,35,Male,1,72.0,85.0,61.2,86.0,66.0,56.760000000000005,-14.0,19.0,4.439999999999991,5,0,10,0.0345,0.3333333333333333
8,Random,3,59,14,0,1,Left,2.6835,,,10,0,6.682700000047683,0,3,1.5144000000953677,2.1219000000953674,0,35,Male,2,33.0,61.0,20.13,51.0,44.0,22.44,-18.0,17.0,-2.3100000000000023,2,0,19,0.3317299999952317,0.3333333333333333
8,Random,3,44,20,0,1,Right,3.682099999904632,,,10,0,3.4807999999523163,0,4,1.4836000001430512,2.0212999999523165,0,35,Male,3,35.0,24.0,8.4,65.0,14.0,9.1,-30.0,10.0,-0.7000000000000011,3,1,4,0.6519200000047685,0.3333333333333333
8,Random,3,60,23,1,0,Right,1.9272999999523164,,,10,0,6.610200000047684,0,3,1.8885,2.4750999999046326,0,35,Male,2,52.0,36.0,18.72,63.0,27.0,17.01,-11.0,9.0,1.7099999999999973,4,0,20,0.3389799999952315,0.3333333333333333
8,Random,2,30,26,0,1,Left,2.476399999856949,,,10,0,5.760799999952316,0,3,2.597299999952316,4.630599999904633,0,35,Male,2,95.0,74.0,70.3,97.0,49.0,47.53,-2.0,25.0,22.77,7,0,10,0.4239200000047683,0.3333333333333333
8,Random,3,54,27,0,1,Left,1.9222999999523165,,,10,0,7.218099999904632,0,3,1.3622000000476835,1.81,0,35,Male,2,18.0,49.0,8.82,23.0,29.0,6.67,-5.0,20.0,2.1500000000000004,5,0,14,0.2781900000095368,0.3333333333333333
8,Random,3,58,29,1,0,Right,1.4602000000476838,,,10,0,6.113400000095368,0,1,1.3772999999523163,1.880899999856949,0,35,Male,1,64.0,32.0,20.48,69.0,4.0,2.76,-5.0,28.0,17.72,7,0,18,0.3886599999904632,0.3333333333333333
8,Random,3,49,30,1,0,Left,2.6900999999046324,,,10,0,5.0160999999046325,0,2,1.2545,1.8685,0,35,Male,1,71.0,82.0,58.22,80.0,78.0,62.400000000000006,-9.0,4.0,-4.180000000000007,2,1,9,0.4983900000095367,0.3333333333333333
8,Random,1,3,31,0,1,Right,3.709200000047684,,,10,0,7.855700000047683,0,4,1.6365999999046326,2.2907999999523163,0,35,Male,3,59.0,23.0,13.57,74.0,22.0,16.28,-15.0,1.0,-2.710000000000001,2,1,3,0.2144299999952316,0.3333333333333333
8,Random,2,36,38,1,0,Left,2.900799999952316,,,10,0,7.358299999952316,0,2,4.724599999904632,5.262099999904633,0,35,Male,1,43.0,54.0,23.22,63.0,45.0,28.35,-20.0,9.0,-5.129999999999999,1,1,16,0.2641700000047683,0.3333333333333333
8,Random,2,25,40,0,1,Right,4.4725,,,10,0,6.532200000047684,0,3,1.8909000000953675,2.574,0,35,Male,2,30.0,41.0,12.3,60.0,35.0,21.0,-30.0,6.0,-8.700000000000001,1,1,5,0.3467799999952315,0.3333333333333333
8,Random,1,11,41,1,0,Right,2.6335999999046327,,,10,0,7.955600000143051,0,3,1.5769000000953677,2.175900000095367,0,35,Male,2,35.0,40.0,14.0,48.0,10.0,4.800000000000001,-13.0,30.0,9.2,6,0,11,0.2044399999856948,0.3333333333333333
8,Random,1,9,45,1,0,Left,2.407600000143052,,,10,0,9.709299999952316,0,2,2.064200000047684,2.7543000001907347,0,35,Male,1,52.0,92.0,47.84,72.0,91.0,65.52,-20.0,1.0,-17.679999999999993,0,1,9,0.0290700000047683,0.3333333333333333
8,Random,1,14,49,0,1,Right,2.687399999856949,,,10,0,4.954400000095368,0,3,1.2552000000476835,1.938799999952316,0,35,Male,2,69.0,87.0,60.03,99.0,86.0,85.14,-30.0,1.0,-25.11,0,1,14,0.5045599999904632,0.3333333333333333
8,Random,1,1,52,0,1,Left,2.518699999809265,,,10,0,8.723399999856948,0,2,2.0235,2.974900000095368,0,35,Male,1,62.0,92.0,57.04,83.0,62.0,51.46,-21.0,30.0,5.579999999999998,5,0,1,0.1276600000143052,0.3333333333333333
8,Random,3,42,53,1,0,Left,2.6512999999523164,,,10,0,6.869700000047684,0,4,2.602700000047684,3.575200000047684,0,35,Male,3,69.0,28.0,19.32,81.0,23.0,18.630000000000003,-12.0,5.0,0.6899999999999977,4,1,2,0.3130299999952315,0.3333333333333333
8,Random,2,40,54,1,0,Right,3.816400000095368,,,10,0,5.277700000047684,0,3,1.9383999998569488,2.622399999856949,0,35,Male,2,47.0,37.0,17.39,77.0,23.0,17.71,-30.0,14.0,-0.3200000000000003,3,0,20,0.4722299999952316,0.3333333333333333
8,Random,2,24,8,1,0,Right,2.6760999999046327,,,10,0,4.941600000143051,0,3,2.0205,2.6742000000476835,0,35,Male,2,65.0,49.0,31.85,71.0,33.0,23.43,-6.0,16.0,8.419999999999998,6,0,4,0.5058399999856948,0.3333333333333333
8,Random,3,55,9,0,1,Left,1.950200000047684,,,10,0,7.159600000143051,0,3,6.423299999952317,7.058,0,35,Male,2,39.0,66.0,25.74,40.0,50.0,20.0,-1.0,16.0,5.740000000000002,6,0,15,0.2840399999856949,0.3333333333333333
9,Random,2,23,1,0,1,Right,2.044600000143052,,,6,0,6.637900000095367,0,1,2.262100000143051,3.095,0,35,Male,1,18.0,44.0,7.92,40.0,39.0,15.6,-22.0,5.0,-7.6800000000000015,1,1,3,0.1063166666825612,0.4333333333333333
9,Random,2,39,18,1,0,Right,2.505600000143051,,,6,0,3.7985,0,1,1.3966000001430512,2.6638000001907347,0,35,Male,1,73.0,32.0,23.36,82.0,2.0,1.64,-9.0,30.0,21.72,7,0,19,0.3669166666666666,0.4333333333333333
9,Random,2,22,19,1,0,Right,2.1582000000476835,,,6,0,5.796299999952316,0,1,3.0730999999046325,4.1585,0,35,Male,1,24.0,74.0,17.759999999999998,25.0,64.0,16.0,-1.0,10.0,1.759999999999998,5,0,2,0.0339500000079473,0.4333333333333333
9,Random,1,17,24,1,0,Left,3.6761000001430513,,,6,0,7.222400000095368,0,4,1.663,4.714199999809265,0,35,Male,3,7.0,96.0,6.72,37.0,66.0,24.42,-30.0,30.0,-17.700000000000003,0,1,17,0.2037333333492279,0.4333333333333333
9,Random,2,34,25,0,1,Left,2.131200000047684,,,6,0,5.547400000095368,0,1,1.3442000000476837,2.1425,0,35,Male,1,52.0,96.0,49.92,55.0,83.0,45.65,-3.0,13.0,4.270000000000003,5,0,14,0.0754333333174386,0.4333333333333333
9,Random,1,8,28,0,1,Right,2.483100000143051,,,6,0,5.471599999904632,0,2,2.1965,3.047600000143051,0,35,Male,1,11.0,72.0,7.92,33.0,45.0,14.85,-22.0,27.0,-6.93,1,1,8,0.0880666666825612,0.4333333333333333
9,Random,1,10,34,0,1,Left,2.3825,,,6,0,5.364799999952316,0,2,2.409,3.2097999999523164,0,35,Male,1,27.0,60.0,16.2,36.0,41.0,14.76,-9.0,19.0,1.4399999999999995,4,0,10,0.1058666666746139,0.4333333333333333
9,Random,1,14,35,1,0,Right,2.134600000143051,,,6,0,7.355799999952317,0,2,2.4433999998569487,3.359199999809265,0,35,Male,1,36.0,37.0,13.32,51.0,10.0,5.1000000000000005,-15.0,27.0,8.219999999999999,6,0,14,0.2259666666587194,0.4333333333333333
9,Random,2,32,36,1,0,Right,3.306200000047684,,,6,0,5.848700000047684,0,2,1.292,2.0452000000476835,0,35,Male,1,75.0,31.0,23.25,96.0,14.0,13.44,-21.0,17.0,9.81,7,0,12,0.0252166666587193,0.4333333333333333
9,Random,1,7,37,0,1,Left,2.942900000095368,,,6,0,4.785,0,3,3.544700000047684,4.478099999904632,0,35,Male,2,48.0,35.0,16.799999999999997,61.0,19.0,11.59,-13.0,16.0,5.209999999999997,5,0,7,0.2024999999999999,0.4333333333333333
9,Random,1,12,39,0,1,Right,3.073900000095368,,,6,0,5.443,0,4,1.3474000000953674,2.7780999999046325,0,35,Male,3,36.0,68.0,24.48,55.0,48.0,26.4,-19.0,20.0,-1.9199999999999984,2,1,12,0.0928333333333333,0.4333333333333333
9,Random,2,24,42,1,0,Right,2.139,,,6,0,6.312299999952316,0,1,2.294299999952316,3.611700000047684,0,35,Male,1,50.0,89.0,44.5,66.0,67.0,44.220000000000006,-16.0,22.0,0.279999999999994,4,0,4,0.0520499999920526,0.4333333333333333
9,Random,3,43,43,0,1,Right,2.180200000047684,,,6,0,4.495199999809265,0,3,1.408899999856949,2.326200000047684,0,35,Male,2,17.0,73.0,12.41,42.0,63.0,26.46,-25.0,10.0,-14.05,0,1,3,0.2508000000317891,0.4333333333333333
9,Random,2,28,46,0,1,Left,3.310099999904633,,,6,0,5.068400000095368,0,3,2.929899999856949,4.027699999809265,0,35,Male,2,78.0,38.0,29.64,90.0,15.0,13.5,-12.0,23.0,16.14,7,0,8,0.155266666650772,0.4333333333333333
9,Random,2,29,50,0,1,Right,2.393399999856949,,,6,0,4.704599999904633,0,1,1.3085999999046325,2.1277999999523165,0,35,Male,1,2.0,34.0,0.68,29.0,13.0,3.77,-27.0,21.0,-3.09,2,1,9,0.2159000000158945,0.4333333333333333
9,Random,3,58,55,1,0,Right,1.823200000047684,,,6,0,4.849400000095367,0,1,1.5930999999046325,2.394,0,35,Male,1,35.0,92.0,32.2,41.0,81.0,33.21,-6.0,11.0,-1.009999999999998,3,0,18,0.1917666666507721,0.4333333333333333
9,Random,2,26,6,0,1,Left,3.294199999809265,,,6,0,7.724200000047683,0,4,2.2932999999523163,3.2762999999523164,0,35,Male,3,41.0,64.0,26.24,52.0,51.0,26.52,-11.0,13.0,-0.2799999999999976,3,0,6,0.2873666666746139,0.4333333333333333
9,Random,1,20,60,1,0,Left,2.0332000000476835,,,6,0,3.160400000095368,0,1,1.1977999999523163,2.0015,0,35,Male,1,56.0,75.0,42.0,81.0,74.0,59.94,-25.0,1.0,-17.939999999999998,0,1,20,0.473266666650772,0.4333333333333333
9,Random,2,36,7,0,1,Right,3.334,,,6,0,5.211799999952317,0,2,2.044100000143051,2.9122000000476835,0,35,Male,1,61.0,62.0,37.82,69.0,61.0,42.09,-8.0,1.0,-4.269999999999996,2,1,16,0.1313666666746139,0.4333333333333333
9,Random,3,56,12,0,1,Left,1.937900000095368,,,8,0,9.59539999985695,0,1,1.207800000190735,1.96,0,35,Male,1,72.0,98.0,70.56,73.0,77.0,56.21,-1.0,21.0,14.35,7,0,16,0.1994249999821187,0.4333333333333333
9,Random,1,1,13,0,1,Right,2.6087999999523164,,,8,0,6.820699999809265,0,3,2.992399999856949,4.076099999904633,0,35,Male,2,73.0,49.0,35.77,81.0,42.0,34.02,-8.0,7.0,1.75,4,1,1,0.1474125000238418,0.4333333333333333
9,Random,1,19,15,1,0,Right,2.904400000095368,,,8,0,6.476700000047684,0,3,1.6942000000476838,3.545400000095368,0,35,Male,2,36.0,75.0,27.0,52.0,61.0,31.72,-16.0,14.0,-4.719999999999999,2,0,19,0.1904124999940395,0.4333333333333333
9,Random,3,48,16,1,0,Right,2.7343000001907347,,,8,0,5.463,0,1,1.4272999999523164,2.210700000047684,0,35,Male,1,23.0,12.0,2.76,26.0,6.0,1.56,-3.0,6.0,1.1999999999999995,4,0,8,0.317125,0.4333333333333333
9,Random,1,11,17,1,0,Left,2.409100000143052,,,8,0,9.009200000047684,0,3,2.0592999999523163,3.476699999809265,0,35,Male,2,31.0,38.0,11.78,46.0,29.0,13.34,-15.0,9.0,-1.5600000000000005,3,1,11,0.1261500000059605,0.4333333333333333
9,Random,1,15,2,1,0,Left,2.679700000047684,,,8,0,7.142200000047684,0,2,2.242100000143051,3.8555,0,35,Male,1,40.0,63.0,25.2,57.0,58.0,33.059999999999995,-17.0,5.0,-7.859999999999996,1,1,15,0.1072249999940394,0.4333333333333333
9,Random,3,51,21,0,1,Left,2.311799999952316,,,8,0,6.387,0,2,1.242600000143051,2.411700000047684,0,35,Male,1,26.0,59.0,15.34,36.0,33.0,11.88,-10.0,26.0,3.459999999999999,5,0,11,0.201625,0.4333333333333333
9,Random,3,45,22,1,0,Right,3.716800000190735,,,8,0,6.836099999904633,0,4,2.608600000143051,3.492,0,35,Male,3,24.0,95.0,22.8,53.0,71.0,37.63,-29.0,24.0,-14.829999999999998,0,0,5,0.1454875000119209,0.4333333333333333
9,Random,1,9,32,0,1,Left,1.5084000000953677,,,8,0,6.7945,0,1,1.5575,2.4775,0,35,Male,1,59.0,31.0,18.29,60.0,1.0,0.6,-1.0,30.0,17.689999999999998,7,0,9,0.1506874999999999,0.4333333333333333
9,Random,1,6,33,1,0,Left,2.6137999999523163,,,8,0,7.192099999904633,0,2,2.7272999999523164,3.824400000095368,0,35,Male,1,57.0,51.0,29.07,62.0,48.0,29.76,-5.0,3.0,-0.6899999999999977,3,1,6,0.1009875000119209,0.4333333333333333
9,Random,2,21,4,0,1,Left,3.173200000047684,,,8,0,4.629599999904633,0,2,3.8903999998569487,4.707,0,35,Male,1,72.0,82.0,59.04,73.0,81.0,59.13,-1.0,1.0,-0.0900000000000034,3,0,1,0.4213000000119209,0.4333333333333333
9,Random,3,57,44,0,1,Right,2.532200000047684,,,8,0,7.289800000190735,0,3,1.5791999998092652,2.6595999999046325,0,35,Male,2,19.0,86.0,16.34,45.0,71.0,31.95,-26.0,15.0,-15.61,0,1,17,0.0887749999761581,0.4333333333333333
9,Random,3,50,47,1,0,Right,3.094,,,8,0,8.216799999952316,0,2,1.175800000190735,1.9448000001907348,0,35,Male,1,68.0,30.0,20.4,89.0,16.0,14.24,-21.0,14.0,6.159999999999998,6,0,10,0.0270999999940395,0.4333333333333333
9,Random,2,37,48,0,1,Left,3.4675999999046327,,,8,0,7.4463000001907345,0,3,1.7761000001430511,3.4378000001907347,0,35,Male,2,35.0,68.0,23.8,54.0,43.0,23.22,-19.0,25.0,0.5800000000000018,4,0,17,0.0692124999761581,0.4333333333333333
9,Random,3,41,5,1,0,Right,2.2535,,,8,0,8.716099999904632,0,1,2.659799999952316,3.4454000000953675,0,35,Male,1,72.0,33.0,23.76,98.0,5.0,4.9,-26.0,28.0,18.86,7,0,1,0.0895124999880789,0.4333333333333333
9,Random,2,30,51,0,1,Left,2.122400000095368,,,8,0,5.060700000047683,0,1,1.0619000000953671,1.8815,0,35,Male,1,41.0,94.0,38.54,48.0,70.0,33.599999999999994,-7.0,24.0,4.940000000000005,5,0,10,0.3674124999940396,0.4333333333333333
9,Random,3,42,56,0,1,Left,2.428,,,8,0,8.203700000047684,0,2,1.894799999952316,3.377700000047684,0,35,Male,1,62.0,34.0,21.08,86.0,15.0,12.9,-24.0,19.0,8.180000000000001,6,0,2,0.0254625000059605,0.4333333333333333
9,Random,2,31,57,1,0,Left,2.273299999952316,,,8,0,8.509200000047684,0,2,2.902200000047684,3.700200000047684,0,35,Male,1,59.0,94.0,55.46,86.0,89.0,76.54,-27.0,5.0,-21.080000000000013,0,1,11,0.0636500000059605,0.4333333333333333
9,Random,1,13,58,0,1,Right,2.0165999999046327,,,8,0,5.9495,0,1,1.1207000000476837,2.0405,0,35,Male,1,36.0,54.0,19.44,48.0,53.0,25.44,-12.0,1.0,-6.0,1,1,13,0.2563125,0.4333333333333333
9,Random,2,35,59,0,1,Right,3.167899999856949,,,8,0,6.18,0,2,0.9827999999523164,5.535200000047683,0,35,Male,1,8.0,64.0,5.12,25.0,34.0,8.5,-17.0,30.0,-3.38,2,1,15,0.2275,0.4333333333333333
9,Random,1,18,10,0,1,Right,2.929899999856949,,,10,0,6.085699999809266,0,2,1.759899999856949,2.6430999999046327,0,35,Male,1,5.0,55.0,2.75,35.0,36.0,12.6,-30.0,19.0,-9.85,1,1,18,0.3914300000190734,0.4333333333333333
9,Random,1,5,11,0,1,Left,2.517,,,10,0,6.0895,0,3,9.868700000047683,11.034799999952316,0,35,Male,2,72.0,85.0,61.2,86.0,66.0,56.760000000000005,-14.0,19.0,4.439999999999991,5,0,5,0.39105,0.4333333333333333
9,Random,3,53,14,1,0,Left,3.222800000190735,,,10,0,6.431200000047684,0,3,1.359,2.4262999999523163,0,35,Male,2,33.0,61.0,20.13,51.0,44.0,22.44,-18.0,17.0,-2.3100000000000023,2,1,13,0.3568799999952315,0.4333333333333333
9,Random,1,2,20,1,0,Right,2.5572999999523165,,,10,0,7.496,0,3,1.6962999999523165,2.7327000000476835,0,35,Male,2,35.0,24.0,8.4,65.0,14.0,9.1,-30.0,10.0,-0.7000000000000011,3,0,2,0.2503999999999999,0.4333333333333333
9,Random,2,38,23,0,1,Right,3.610599999904633,,,10,0,8.274799999952316,0,3,1.3125,2.276799999952316,0,35,Male,2,52.0,36.0,18.72,63.0,27.0,17.01,-11.0,9.0,1.7099999999999973,4,1,18,0.1725200000047683,0.4333333333333333
9,Random,1,16,26,0,1,Left,2.2977999999523164,,,10,0,10.05010000014305,0,1,1.2897000000476837,2.342299999952316,0,35,Male,1,95.0,74.0,70.3,97.0,49.0,47.53,-2.0,25.0,22.77,7,0,16,0.005010000014305,0.4333333333333333
9,Random,1,3,27,0,1,Left,2.2497999999523164,,,10,0,6.590299999952316,0,2,1.943,2.7949000000953674,0,35,Male,1,18.0,49.0,8.82,23.0,29.0,6.67,-5.0,20.0,2.1500000000000004,5,0,3,0.3409700000047683,0.4333333333333333
9,Random,3,55,29,0,1,Left,2.211700000047684,,,10,0,11.190799999952317,0,1,1.7290999999046326,2.5621999998092653,0,35,Male,1,64.0,32.0,20.48,69.0,4.0,2.76,-5.0,28.0,17.72,7,0,15,0.1190799999952316,0.4333333333333333
9,Random,1,4,30,1,0,Left,3.036400000095368,,,10,0,6.6455,0,2,3.957200000047684,5.104400000095367,0,35,Male,1,71.0,82.0,58.22,80.0,78.0,62.400000000000006,-9.0,4.0,-4.180000000000007,2,1,4,0.3354499999999999,0.4333333333333333
9,Random,3,54,31,0,1,Right,1.915700000047684,,,10,0,8.557299999952317,0,1,1.0802999999523162,1.899,0,35,Male,1,59.0,23.0,13.57,74.0,22.0,16.28,-15.0,1.0,-2.710000000000001,2,1,14,0.1442700000047683,0.4333333333333333
9,Random,3,49,38,1,0,Left,2.3235,,,10,0,7.4675,0,2,2.7760999999046327,3.9115999999046327,0,35,Male,1,43.0,54.0,23.22,63.0,45.0,28.35,-20.0,9.0,-5.129999999999999,1,1,9,0.25325,0.4333333333333333
9,Random,2,40,40,1,0,Left,2.210799999952316,,,10,0,5.116899999856948,0,2,1.0600999999046326,1.8440999999046328,0,35,Male,1,30.0,41.0,12.3,60.0,35.0,21.0,-30.0,6.0,-8.700000000000001,1,1,20,0.4883100000143051,0.4333333333333333
9,Random,3,44,41,0,1,Left,2.125200000047684,,,10,0,7.8465,0,2,1.5454000000953674,2.46,0,35,Male,1,35.0,40.0,14.0,48.0,10.0,4.800000000000001,-13.0,30.0,9.2,6,0,4,0.21535,0.4333333333333333
9,Random,2,25,45,0,1,Right,2.0620999999046328,,,10,0,6.363800000190735,0,1,2.143600000143051,2.9959000000953675,0,35,Male,1,52.0,92.0,47.84,72.0,91.0,65.52,-20.0,1.0,-17.679999999999993,0,1,5,0.3636199999809265,0.4333333333333333
9,Random,2,27,49,0,1,Right,2.438200000047684,,,10,0,7.137400000095368,0,1,2.591200000047684,3.4587999999523165,0,35,Male,1,69.0,87.0,60.03,99.0,86.0,85.14,-30.0,1.0,-25.11,0,1,7,0.2862599999904632,0.4333333333333333
9,Random,2,33,52,0,1,Left,2.2272999999523164,,,10,0,7.502199999809265,0,2,2.258,3.420199999809265,0,35,Male,1,62.0,92.0,57.04,83.0,62.0,51.46,-21.0,30.0,5.579999999999998,5,0,13,0.2497800000190735,0.4333333333333333
9,Random,3,60,53,0,1,Right,2.4288999998569487,,,10,0,9.233700000047683,0,2,5.482800000190735,6.203600000143052,0,35,Male,1,69.0,28.0,19.32,81.0,23.0,18.630000000000003,-12.0,5.0,0.6899999999999977,4,1,20,0.0766299999952316,0.4333333333333333
9,Random,3,46,54,0,1,Left,3.5995999999046324,,,10,0,6.993,0,4,1.1282000000476835,1.9943999998569488,0,35,Male,3,47.0,37.0,17.39,77.0,23.0,17.71,-30.0,14.0,-0.3200000000000003,3,0,6,0.3006999999999999,0.4333333333333333
9,Random,3,59,8,0,1,Left,2.1170999999046325,,,10,0,8.1665,0,3,1.5577000000476835,2.3757999999523163,0,35,Male,2,65.0,49.0,31.85,71.0,33.0,23.43,-6.0,16.0,8.419999999999998,6,0,19,0.18335,0.4333333333333333
9,Random,3,47,9,0,1,Left,2.7667999999523163,,,10,0,8.7225,0,2,1.5439000000953675,2.334099999904633,0,35,Male,1,39.0,66.0,25.74,40.0,50.0,20.0,-1.0,16.0,5.740000000000002,6,0,7,0.1277499999999999,0.4333333333333333
10,Random,3,56,1,1,0,Left,2.6665,,,6,0,5.240099999994039,0,3,0.9528000000119208,1.803300000011921,0,50,Male,2,18.0,44.0,7.92,40.0,39.0,15.6,-22.0,5.0,-7.6800000000000015,1,1,16,0.1266500000009934,0.4833333333333333
10,Random,1,4,18,0,1,Left,1.9862999999821187,,,6,0,3.6001000000238417,0,3,1.1875999999940396,1.9215,0,50,Male,2,73.0,32.0,23.36,82.0,2.0,1.64,-9.0,30.0,21.72,7,0,4,0.3999833333293597,0.4833333333333333
10,Random,2,29,19,1,0,Right,3.3625,,,6,0,3.716300000011921,0,3,2.523,3.257,0,50,Male,2,24.0,74.0,17.759999999999998,25.0,64.0,16.0,-1.0,10.0,1.759999999999998,5,0,9,0.3806166666646798,0.4833333333333333
10,Random,3,49,24,1,0,Left,2.930199999988079,,,6,0,4.943900000005961,0,4,1.3837000000178814,2.267800000011921,0,50,Male,3,7.0,96.0,6.72,37.0,66.0,24.42,-30.0,30.0,-17.700000000000003,0,1,9,0.1760166666656732,0.4833333333333333
10,Random,1,8,25,0,1,Left,4.475,,,6,0,0.9526999999880792,0,3,0.944199999988079,1.5789000000059603,0,50,Male,2,52.0,96.0,49.92,55.0,83.0,45.65,-3.0,13.0,4.270000000000003,5,0,8,0.8412166666686535,0.4833333333333333
10,Random,1,15,28,1,0,Left,2.61,,,6,0,3.1910999999940395,0,3,1.158800000011921,2.5429000000059605,0,50,Male,2,11.0,72.0,7.92,33.0,45.0,14.85,-22.0,27.0,-6.93,1,1,15,0.4681500000009934,0.4833333333333333
10,Random,2,34,34,0,1,Left,2.3869000000059604,,,6,0,4.391099999994039,0,4,1.7776999999880791,2.5445999999940394,0,50,Male,3,27.0,60.0,16.2,36.0,41.0,14.76,-9.0,19.0,1.4399999999999995,4,0,14,0.2681500000009935,0.4833333333333333
10,Random,1,20,35,1,0,Right,3.8115,,,6,0,3.643900000005961,0,4,1.724800000011921,2.6921000000238418,0,50,Male,3,36.0,37.0,13.32,51.0,10.0,5.1000000000000005,-15.0,27.0,8.219999999999999,6,0,20,0.3926833333323398,0.4833333333333333
10,Random,3,45,36,1,0,Left,3.3229000000059603,,,6,0,3.701699999988079,0,4,0.8007000000178814,1.4176000000238418,0,50,Male,3,75.0,31.0,23.25,96.0,14.0,13.44,-21.0,17.0,9.81,7,1,5,0.3830500000019868,0.4833333333333333
10,Random,2,31,37,0,1,Left,4.9465,,,6,0,3.007199999988079,0,3,4.206199999988079,5.273199999988079,0,50,Male,2,48.0,35.0,16.799999999999997,61.0,19.0,11.59,-13.0,16.0,5.209999999999997,5,0,11,0.4988000000019868,0.4833333333333333
10,Random,3,41,39,1,0,Left,5.017899999976158,,,6,0,3.9982000000178815,0,3,2.22909999999404,3.2625,0,50,Male,2,36.0,68.0,24.48,55.0,48.0,26.4,-19.0,20.0,-1.9199999999999984,2,1,1,0.3336333333303531,0.4833333333333333
10,Random,3,51,42,1,0,Right,2.866899999976158,,,6,0,4.504700000017881,0,4,2.1114000000059603,2.878300000011921,0,50,Male,3,50.0,89.0,44.5,66.0,67.0,44.220000000000006,-16.0,22.0,0.279999999999994,4,0,11,0.2492166666636864,0.4833333333333333
10,Random,3,52,43,1,0,Left,2.2747999999821187,,,6,0,4.3185,0,4,1.7799000000059604,2.5139000000059606,0,50,Male,3,17.0,73.0,12.41,42.0,63.0,26.46,-25.0,10.0,-14.05,0,1,12,0.2802499999999999,0.4833333333333333
10,Random,3,46,46,1,0,Right,2.91409999999404,,,6,0,3.2804000000059603,0,4,1.717100000023842,2.434300000011921,0,50,Male,3,78.0,38.0,29.64,90.0,15.0,13.5,-12.0,23.0,16.14,7,0,6,0.4532666666656733,0.4833333333333333
10,Random,3,44,50,1,0,Left,2.4977999999821185,,,6,0,2.0265,0,4,1.5437999999821186,2.2105,0,50,Male,3,2.0,34.0,0.68,29.0,13.0,3.77,-27.0,21.0,-3.09,2,1,4,0.66225,0.4833333333333333
10,Random,2,24,55,0,1,Left,3.0177999999821186,,,6,0,3.1075,0,3,1.5349000000059605,2.2854000000059607,0,50,Male,2,35.0,92.0,32.2,41.0,81.0,33.21,-6.0,11.0,-1.009999999999998,3,0,4,0.4820833333333333,0.4833333333333333
10,Random,2,33,6,0,1,Left,5.363200000017882,,,6,0,1.9764000000059605,0,4,0.9612999999821186,1.6785999999940395,0,50,Male,3,41.0,64.0,26.24,52.0,51.0,26.52,-11.0,13.0,-0.2799999999999976,3,0,13,0.6705999999990065,0.4833333333333333
10,Random,2,23,60,0,1,Right,2.051300000011921,,,6,0,5.57140000000596,0,4,2.579300000011921,3.4965,0,50,Male,3,56.0,75.0,42.0,81.0,74.0,59.94,-25.0,1.0,-17.939999999999998,0,1,3,0.0714333333323399,0.4833333333333333
10,Random,2,36,7,1,0,Left,3.713699999988079,,,6,0,3.12809999999404,0,4,1.8455,2.47909999999404,0,50,Male,3,61.0,62.0,37.82,69.0,61.0,42.09,-8.0,1.0,-4.269999999999996,2,1,16,0.4786500000009934,0.4833333333333333
10,Random,1,19,12,0,1,Left,2.4099000000059605,,,8,0,2.234799999982118,0,4,1.1852000000178813,1.9358000000119209,0,50,Male,3,72.0,98.0,70.56,73.0,77.0,56.21,-1.0,21.0,14.35,7,0,19,0.7206500000022352,0.4833333333333333
10,Random,1,7,13,0,1,Left,3.89759999999404,,,8,0,3.734699999988079,0,3,1.813800000011921,2.631100000023842,0,50,Male,2,73.0,49.0,35.77,81.0,42.0,34.02,-8.0,7.0,1.75,4,0,7,0.5331625000014901,0.4833333333333333
10,Random,2,22,15,1,0,Left,2.130699999988079,,,8,0,2.4693000000119207,0,4,2.431699999988079,3.2482999999821187,0,50,Male,3,36.0,75.0,27.0,52.0,61.0,31.72,-16.0,14.0,-4.719999999999999,2,1,2,0.6913374999985099,0.4833333333333333
10,Random,3,47,16,0,1,Left,3.2494000000059606,,,8,0,4.538599999994039,0,4,1.3317000000178814,2.048700000017881,0,50,Male,3,23.0,12.0,2.76,26.0,6.0,1.56,-3.0,6.0,1.1999999999999995,4,0,7,0.4326750000007451,0.4833333333333333
10,Random,2,32,17,0,1,Right,6.25909999999404,,,8,0,2.4653000000119207,0,4,1.160300000011921,2.0105,0,50,Male,3,31.0,38.0,11.78,46.0,29.0,13.34,-15.0,9.0,-1.5600000000000005,3,1,12,0.69183749999851,0.4833333333333333
10,Random,3,54,2,0,1,Right,5.01040000000596,,,8,0,4.9225,0,4,1.2503000000119209,1.93409999999404,0,50,Male,3,40.0,63.0,25.2,57.0,58.0,33.059999999999995,-17.0,5.0,-7.859999999999996,1,1,14,0.3846874999999999,0.4833333333333333
10,Random,1,12,21,1,0,Right,2.0335,,,8,0,3.8,0,4,1.2962000000178815,2.463800000011921,0,50,Male,3,26.0,59.0,15.34,36.0,33.0,11.88,-10.0,26.0,3.459999999999999,5,0,12,0.525,0.4833333333333333
10,Random,2,28,22,0,1,Right,2.402199999988079,,,8,0,4.794600000023842,0,4,1.1599000000059605,1.959800000011921,0,50,Male,3,24.0,95.0,22.8,53.0,71.0,37.63,-29.0,24.0,-14.829999999999998,0,1,8,0.4006749999970197,0.4833333333333333
10,Random,1,3,32,0,1,Left,2.1857999999821187,,,8,0,2.9650999999940395,0,4,2.126199999988079,3.0435,0,50,Male,3,59.0,31.0,18.29,60.0,1.0,0.6,-1.0,30.0,17.689999999999998,7,0,3,0.629362500000745,0.4833333333333333
10,Random,3,43,33,0,1,Right,3.698,,,8,0,4.281,0,3,1.3122000000178813,2.0126000000238418,0,50,Male,2,57.0,51.0,29.07,62.0,48.0,29.76,-5.0,3.0,-0.6899999999999977,3,1,3,0.464875,0.4833333333333333
10,Random,3,55,4,1,0,Left,2.9547999999821184,,,8,0,5.963600000023842,0,3,1.1667999999821186,2.0174000000059604,0,50,Male,2,72.0,82.0,59.04,73.0,81.0,59.13,-1.0,1.0,-0.0900000000000034,3,1,15,0.2545499999970197,0.4833333333333333
10,Random,1,13,44,1,0,Left,2.1784000000059605,,,8,0,3.47859999999404,0,3,1.1585,1.9587999999821184,0,50,Male,2,19.0,86.0,16.34,45.0,71.0,31.95,-26.0,15.0,-15.61,0,1,13,0.5651750000007449,0.4833333333333333
10,Random,2,27,47,1,0,Left,5.665699999988079,,,8,0,3.4095,0,4,1.2696999999880791,2.02,0,50,Male,3,68.0,30.0,20.4,89.0,16.0,14.24,-21.0,14.0,6.159999999999998,6,1,7,0.5738125000000001,0.4833333333333333
10,Random,2,30,48,1,0,Left,2.779,,,8,0,3.906300000011921,0,4,1.283199999988079,2.0495,0,50,Male,3,35.0,68.0,23.8,54.0,43.0,23.22,-19.0,25.0,0.5800000000000018,4,1,10,0.5117124999985099,0.4833333333333333
10,Random,1,6,5,1,0,Right,2.9385,,,8,0,3.3075,0,3,1.3725999999940397,2.456200000017881,0,50,Male,2,72.0,33.0,23.76,98.0,5.0,4.9,-26.0,28.0,18.86,7,0,6,0.5865625,0.4833333333333333
10,Random,1,16,51,1,0,Right,2.5787999999821185,,,8,0,2.0915,0,3,1.3189000000059603,2.1692999999821185,0,50,Male,2,41.0,94.0,38.54,48.0,70.0,33.599999999999994,-7.0,24.0,4.940000000000005,5,0,16,0.7385625,0.4833333333333333
10,Random,1,1,56,0,1,Left,3.6988999999761583,,,8,0,3.1642000000178814,0,4,1.917699999988079,3.568,0,50,Male,3,62.0,34.0,21.08,86.0,15.0,12.9,-24.0,19.0,8.180000000000001,6,0,1,0.6044749999977648,0.4833333333333333
10,Random,1,18,57,1,0,Left,2.3782999999821186,,,8,0,2.723,0,3,1.786,2.57,0,50,Male,2,59.0,94.0,55.46,86.0,89.0,76.54,-27.0,5.0,-21.080000000000013,0,1,18,0.659625,0.4833333333333333
10,Random,3,50,58,1,0,Left,2.497100000023842,,,8,0,5.28590000000596,0,3,1.1126999999880791,1.913,0,50,Male,2,36.0,54.0,19.44,48.0,53.0,25.44,-12.0,1.0,-6.0,1,1,10,0.3392624999992549,0.4833333333333333
10,Random,1,2,59,0,1,Right,2.578199999988079,,,8,0,2.2325,0,4,1.7939000000059604,2.844199999988079,0,50,Male,3,8.0,64.0,5.12,25.0,34.0,8.5,-17.0,30.0,-3.38,2,1,2,0.7209375,0.4833333333333333
10,Random,1,5,10,1,0,Left,3.0024000000059603,,,10,0,4.321199999988079,0,4,1.697,2.347300000011921,0,50,Male,3,5.0,55.0,2.75,35.0,36.0,12.6,-30.0,19.0,-9.85,1,1,5,0.5678800000011921,0.4833333333333333
10,Random,3,42,11,1,0,Right,2.14609999999404,,,10,0,5.0525,0,3,1.0285,1.8289000000059603,0,50,Male,2,72.0,85.0,61.2,86.0,66.0,56.760000000000005,-14.0,19.0,4.439999999999991,5,0,2,0.4947499999999999,0.4833333333333333
10,Random,1,10,14,1,0,Right,2.4505999999940395,,,10,0,4.055700000017882,0,3,1.1199000000059605,2.3869000000059604,0,50,Male,2,33.0,61.0,20.13,51.0,44.0,22.44,-18.0,17.0,-2.3100000000000023,2,0,10,0.5944299999982119,0.4833333333333333
10,Random,3,53,20,0,1,Left,4.794599999994039,,,10,0,4.409700000017882,0,3,1.0797000000178814,1.763100000023842,0,50,Male,2,35.0,24.0,8.4,65.0,14.0,9.1,-30.0,10.0,-0.7000000000000011,3,0,13,0.5590299999982118,0.4833333333333333
10,Random,2,39,23,1,0,Left,5.722700000017881,,,10,0,4.384400000005961,0,4,1.202,1.9857999999821183,0,50,Male,3,52.0,36.0,18.72,63.0,27.0,17.01,-11.0,9.0,1.7099999999999973,4,1,19,0.5615599999994039,0.4833333333333333
10,Random,2,21,26,0,1,Left,2.2739000000059604,,,10,0,3.967,0,3,4.091200000017881,4.958599999994039,0,50,Male,2,95.0,74.0,70.3,97.0,49.0,47.53,-2.0,25.0,22.77,7,0,1,0.6033,0.4833333333333333
10,Random,1,14,27,0,1,Left,3.61040000000596,,,10,0,4.265,0,3,1.119,1.8695,0,50,Male,2,18.0,49.0,8.82,23.0,29.0,6.67,-5.0,20.0,2.1500000000000004,5,0,14,0.5735,0.4833333333333333
10,Random,1,9,29,1,0,Right,2.5307999999821185,,,10,0,5.322,0,3,1.066300000011921,1.8000999999940397,0,50,Male,2,64.0,32.0,20.48,69.0,4.0,2.76,-5.0,28.0,17.72,7,0,9,0.4678,0.4833333333333333
10,Random,2,26,30,1,0,Left,3.0340999999940395,,,10,0,4.402299999982119,0,3,1.6579000000059605,2.3917000000178814,0,50,Male,2,71.0,82.0,58.22,80.0,78.0,62.400000000000006,-9.0,4.0,-4.180000000000007,2,1,6,0.5597700000017881,0.4833333333333333
10,Random,1,11,31,1,0,Left,3.3859000000059605,,,10,0,3.3515,0,4,2.224300000011921,3.0074000000059606,0,50,Male,3,59.0,23.0,13.57,74.0,22.0,16.28,-15.0,1.0,-2.710000000000001,2,1,11,0.66485,0.4833333333333333
10,Random,3,57,38,1,0,Right,3.76190000000596,,,10,0,5.51040000000596,0,4,2.6735999999940394,3.5072999999821186,0,50,Male,3,43.0,54.0,23.22,63.0,45.0,28.35,-20.0,9.0,-5.129999999999999,1,0,17,0.4489599999994039,0.4833333333333333
10,Random,2,40,40,1,0,Left,3.3622999999821186,,,10,0,5.5895,0,4,0.989,1.8061999999880791,0,50,Male,3,30.0,41.0,12.3,60.0,35.0,21.0,-30.0,6.0,-8.700000000000001,1,1,20,0.44105,0.4833333333333333
10,Random,2,25,41,1,0,Right,2.63559999999404,,,10,0,4.503700000017881,0,3,1.019,1.8527999999821183,0,50,Male,2,35.0,40.0,14.0,48.0,10.0,4.800000000000001,-13.0,30.0,9.2,6,0,5,0.5496299999982119,0.4833333333333333
10,Random,3,60,45,0,1,Right,3.242,,,10,0,4.305200000017882,0,4,1.5685999999940394,2.369199999988079,0,50,Male,3,52.0,92.0,47.84,72.0,91.0,65.52,-20.0,1.0,-17.679999999999993,0,1,20,0.5694799999982119,0.4833333333333333
10,Random,3,59,49,1,0,Left,3.449899999976158,,,10,0,5.577700000017882,0,4,1.4951999999880792,2.5119000000059604,0,50,Male,3,69.0,87.0,60.03,99.0,86.0,85.14,-30.0,1.0,-25.11,0,1,19,0.4422299999982118,0.4833333333333333
10,Random,3,58,52,0,1,Left,2.601799999982118,,,10,0,5.3885,0,4,1.236399999976158,2.086699999988079,0,50,Male,3,62.0,92.0,57.04,83.0,62.0,51.46,-21.0,30.0,5.579999999999998,5,0,18,0.46115,0.4833333333333333
10,Random,2,37,54,0,1,Left,4.242099999994039,,,10,0,4.600100000023842,0,3,1.0855,1.85259999999404,0,50,Male,2,47.0,37.0,17.39,77.0,23.0,17.71,-30.0,14.0,-0.3200000000000003,3,0,17,0.5399899999976159,0.4833333333333333
10,Random,1,17,8,1,0,Right,3.0495,,,10,0,3.8411000000238418,0,3,1.2257999999821183,2.1434000000059603,0,50,Male,2,65.0,49.0,31.85,71.0,33.0,23.43,-6.0,16.0,8.419999999999998,6,0,17,0.6158899999976158,0.4833333333333333
10,Random,3,48,9,0,1,Left,2.8425,,,10,0,5.453700000017881,0,4,2.2538000000119207,3.0539000000059606,0,50,Male,3,39.0,66.0,25.74,40.0,50.0,20.0,-1.0,16.0,5.740000000000002,6,0,8,0.4546299999982118,0.4833333333333333
11,Random,1,9,1,1,0,Left,5.5157000000029806,,,6,0,4.45939999999851,0,3,2.73380000000447,3.4337000000029803,0,55,Male,2,18.0,44.0,7.92,40.0,39.0,15.6,-22.0,5.0,-7.6800000000000015,1,1,9,0.256766666666915,0.4
11,Random,3,58,18,1,0,Right,2.6830999999940395,,,6,0,4.855100000001491,0,2,3.2514000000059604,4.21880000000447,0,55,Male,1,73.0,32.0,23.36,82.0,2.0,1.64,-9.0,30.0,21.72,7,0,18,0.1908166666664182,0.4
11,Random,1,15,19,0,1,Left,2.5815,,,6,0,6.26529999999702,0,2,2.1925,2.96029999999702,0,55,Male,1,24.0,74.0,17.759999999999998,25.0,64.0,16.0,-1.0,10.0,1.759999999999998,5,0,15,0.04421666666617,0.4
11,Random,1,18,24,1,0,Left,2.7494000000059606,,,6,0,5.21660000000149,0,2,1.7143999999985098,2.61529999999702,0,55,Male,1,7.0,96.0,6.72,37.0,66.0,24.42,-30.0,30.0,-17.700000000000003,0,1,18,0.1305666666664183,0.4
11,Random,3,43,25,0,1,Left,2.6031000000014903,,,6,0,5.58660000000149,0,2,1.3993999999985098,1.99939999999851,0,55,Male,1,52.0,96.0,49.92,55.0,83.0,45.65,-3.0,13.0,4.270000000000003,5,0,3,0.0688999999997516,0.4
11,Random,2,29,28,0,1,Right,4.168,,,6,0,3.98,0,3,2.228,3.19529999999702,0,55,Male,2,11.0,72.0,7.92,33.0,45.0,14.85,-22.0,27.0,-6.93,1,1,9,0.3366666666666666,0.4
11,Random,2,27,3,1,0,Right,4.22260000000149,,,6,0,3.77670000000298,0,2,1.7483000000044704,2.43210000000149,0,55,Male,1,76.0,72.0,54.72,99.0,48.0,47.52,-23.0,24.0,7.200000000000003,6,0,7,0.3705499999995034,0.4
11,Random,1,8,34,0,1,Left,4.59569999999553,,,6,0,3.3542000000029804,0,3,0.0,5.5115,0,55,Male,2,27.0,60.0,16.2,36.0,41.0,14.76,-9.0,19.0,1.4399999999999995,4,0,8,0.4409666666661699,0.4
11,Random,2,24,35,0,1,Right,1.961,,,6,0,5.551,0,3,3.0186999999955297,3.569,0,55,Male,2,36.0,37.0,13.32,51.0,10.0,5.1000000000000005,-15.0,27.0,8.219999999999999,6,1,4,0.0748333333333333,0.4
11,Random,2,30,36,1,0,Right,4.04329999999702,,,6,0,3.57060000000149,0,3,2.393,3.1099000000059607,0,55,Male,2,75.0,31.0,23.25,96.0,14.0,13.44,-21.0,17.0,9.81,7,0,10,0.4048999999997516,0.4
11,Random,1,19,37,1,0,Right,5.0785,,,6,0,3.15979999999702,0,3,1.8839000000059605,2.7508000000044706,0,55,Male,2,48.0,35.0,16.799999999999997,61.0,19.0,11.59,-13.0,16.0,5.209999999999997,5,0,19,0.4733666666671633,0.4
11,Random,1,17,39,0,1,Left,3.593,,,6,0,5.08460000000149,0,3,2.41210000000149,2.962,0,55,Male,2,36.0,68.0,24.48,55.0,48.0,26.4,-19.0,20.0,-1.9199999999999984,2,0,17,0.1525666666664182,0.4
11,Random,1,16,42,1,0,Right,2.12060000000149,,,6,0,5.70679999999702,0,3,2.9542000000029804,3.70460000000149,0,55,Male,2,50.0,89.0,44.5,66.0,67.0,44.220000000000006,-16.0,22.0,0.279999999999994,4,0,16,0.0488666666671634,0.4
11,Random,3,50,43,1,0,Left,3.32429999999702,,,6,0,5.16629999999702,0,1,1.87909999999404,2.71259999999404,0,55,Male,1,17.0,73.0,12.41,42.0,63.0,26.46,-25.0,10.0,-14.05,0,1,10,0.1389500000004967,0.4
11,Random,3,60,46,1,0,Right,3.72789999999851,,,6,0,4.3957000000029804,0,3,1.86110000000149,3.06139999999851,0,55,Male,2,78.0,38.0,29.64,90.0,15.0,13.5,-12.0,23.0,16.14,7,0,20,0.2673833333328366,0.4
11,Random,3,45,50,0,1,Right,2.0068000000044703,,,6,0,4.22520000000298,0,3,1.6361999999955297,2.38609999999404,0,55,Male,2,2.0,34.0,0.68,29.0,13.0,3.77,-27.0,21.0,-3.09,2,1,5,0.2957999999995033,0.4
11,Random,1,4,55,0,1,Left,5.505,,,6,0,4.5135,0,1,2.05129999999702,2.9847000000029804,0,55,Male,1,35.0,92.0,32.2,41.0,81.0,33.21,-6.0,11.0,-1.009999999999998,3,0,4,0.24775,0.4
11,Random,2,40,6,0,1,Right,2.85,,,6,0,5.27680000000447,0,3,1.68939999999851,2.62359999999404,0,55,Male,2,41.0,64.0,26.24,52.0,51.0,26.52,-11.0,13.0,-0.2799999999999976,3,1,20,0.1205333333325883,0.4
11,Random,3,49,60,1,0,Left,2.188,,,6,0,5.29219999999553,0,1,3.66989999999851,4.30360000000149,0,55,Male,1,56.0,75.0,42.0,81.0,74.0,59.94,-25.0,1.0,-17.939999999999998,0,1,9,0.1179666666674116,0.4
11,Random,2,23,7,0,1,Right,2.4345,,,6,0,5.36760000000149,0,3,1.6977999999970197,2.56470000000298,0,55,Male,2,61.0,62.0,37.82,69.0,61.0,42.09,-8.0,1.0,-4.269999999999996,2,1,3,0.1053999999997516,0.4
11,Random,1,3,13,1,0,Right,4.9435,,,8,0,7.73809999999404,0,2,1.906,2.6893000000044704,0,55,Male,1,73.0,49.0,35.77,81.0,42.0,34.02,-8.0,7.0,1.75,4,0,3,0.032737500000745,0.4
11,Random,2,33,15,1,0,Left,3.66139999999851,,,8,0,5.29530000000447,0,3,1.25,2.9835,0,55,Male,2,36.0,75.0,27.0,52.0,61.0,31.72,-16.0,14.0,-4.719999999999999,2,1,13,0.3380874999994412,0.4
11,Random,2,28,16,1,0,Right,2.4124000000059604,,,8,0,5.71409999999404,0,2,1.8726000000014904,2.6402000000029804,0,55,Male,1,23.0,12.0,2.76,26.0,6.0,1.56,-3.0,6.0,1.1999999999999995,4,0,8,0.285737500000745,0.4
11,Random,3,53,17,0,1,Right,3.0409000000059603,,,8,0,5.404,0,3,2.40010000000149,3.2002000000029804,0,55,Male,2,31.0,38.0,11.78,46.0,29.0,13.34,-15.0,9.0,-1.5600000000000005,3,1,13,0.3245,0.4
11,Random,1,12,2,1,0,Left,3.695,,,8,0,8.03330000000447,0,2,2.55629999999702,3.32289999999851,0,55,Male,1,40.0,63.0,25.2,57.0,58.0,33.059999999999995,-17.0,5.0,-7.859999999999996,1,1,12,0.0041625000005587,0.4
11,Random,2,31,21,1,0,Right,1.88360000000149,,,8,0,6.514099999994039,0,2,2.6523000000044705,3.18580000000447,0,55,Male,1,26.0,59.0,15.34,36.0,33.0,11.88,-10.0,26.0,3.459999999999999,5,0,11,0.185737500000745,0.4
11,Random,1,13,22,0,1,Left,2.35489999999851,,,8,0,7.66409999999404,0,2,2.54620000000298,3.1628999999985097,0,55,Male,1,24.0,95.0,22.8,53.0,71.0,37.63,-29.0,24.0,-14.829999999999998,0,0,13,0.041987500000745,0.4
11,Random,2,26,32,0,1,Left,2.07420000000298,,,8,0,5.20639999999851,0,1,4.23079999999702,5.114,0,55,Male,1,59.0,31.0,18.29,60.0,1.0,0.6,-1.0,30.0,17.689999999999998,7,0,6,0.3492000000001862,0.4
11,Random,1,2,33,1,0,Right,4.457,,,8,0,6.90580000000447,0,2,3.1175,3.86810000000149,0,55,Male,1,57.0,51.0,29.07,62.0,48.0,29.76,-5.0,3.0,-0.6899999999999977,3,0,2,0.1367749999994412,0.4
11,Random,3,47,4,0,1,Left,5.6848999999985095,,,8,0,6.6777000000029805,0,2,1.9612000000029803,2.71270000000298,0,55,Male,1,72.0,82.0,59.04,73.0,81.0,59.13,-1.0,1.0,-0.0900000000000034,3,0,7,0.1652874999996274,0.4
11,Random,3,48,44,0,1,Right,3.30170000000298,,,8,0,5.57070000000298,0,3,1.6689000000059604,2.42010000000149,0,55,Male,2,19.0,86.0,16.34,45.0,71.0,31.95,-26.0,15.0,-15.61,0,1,8,0.3036624999996274,0.4
11,Random,3,52,47,0,1,Left,1.9718999999985096,,,8,0,5.8595,0,2,2.66929999999702,3.35289999999851,0,55,Male,1,68.0,30.0,20.4,89.0,16.0,14.24,-21.0,14.0,6.159999999999998,6,0,12,0.2675625,0.4
11,Random,3,56,48,0,1,Left,2.6376000000014903,,,8,0,8.65719999999553,0,2,1.9026999999955296,3.1203999999985097,0,55,Male,1,35.0,68.0,23.8,54.0,43.0,23.22,-19.0,25.0,0.5800000000000018,4,0,16,0.0821499999994412,0.4
11,Random,1,7,5,1,0,Right,2.7035,,,8,0,7.79429999999702,0,3,2.79279999999702,3.34279999999702,0,55,Male,2,72.0,33.0,23.76,98.0,5.0,4.9,-26.0,28.0,18.86,7,0,7,0.0257125000003725,0.4
11,Random,3,51,51,1,0,Right,2.68189999999851,,,8,0,6.5847000000029805,0,2,8.6515,9.41790000000596,0,55,Male,1,41.0,94.0,38.54,48.0,70.0,33.599999999999994,-7.0,24.0,4.940000000000005,5,0,11,0.1769124999996274,0.4
11,Random,1,6,56,0,1,Left,3.3451000000014903,,,8,0,7.90110000000149,0,3,2.13179999999702,3.19960000000149,0,55,Male,2,62.0,34.0,21.08,86.0,15.0,12.9,-24.0,19.0,8.180000000000001,6,0,6,0.0123624999998137,0.4
11,Random,3,59,57,0,1,Left,1.636,,,8,0,5.66,0,3,2.14269999999553,2.79289999999851,0,55,Male,2,59.0,94.0,55.46,86.0,89.0,76.54,-27.0,5.0,-21.080000000000013,0,0,19,0.2925,0.4
11,Random,1,20,58,0,1,Right,3.391,,,8,0,8.21380000000447,0,2,3.81120000000298,4.54530000000447,0,55,Male,1,36.0,54.0,19.44,48.0,53.0,25.44,-12.0,1.0,-6.0,1,1,20,0.0267250000005587,0.4
11,Random,2,36,59,1,0,Left,3.8176999999955297,,,8,0,9.08310000000149,0,3,9.42890000000596,10.32910000000149,0,55,Male,2,8.0,64.0,5.12,25.0,34.0,8.5,-17.0,30.0,-3.38,2,1,16,0.1353875000001863,0.4
11,Random,2,39,10,1,0,Left,2.33389999999851,,,10,0,9.53290000000596,0,3,2.16239999999851,2.846,0,55,Male,2,5.0,55.0,2.75,35.0,36.0,12.6,-30.0,19.0,-9.85,1,1,19,0.046709999999404,0.4
11,Random,1,10,11,1,0,Right,3.54929999999702,,,10,0,8.93319999999553,0,2,2.19629999999702,2.79660000000149,0,55,Male,1,72.0,85.0,61.2,86.0,66.0,56.760000000000005,-14.0,19.0,4.439999999999991,5,0,10,0.106680000000447,0.4
11,Random,2,35,14,1,0,Left,4.47029999999702,,,10,0,7.77329999999702,0,4,2.02889999999851,2.64639999999851,0,55,Male,3,33.0,61.0,20.13,51.0,44.0,22.44,-18.0,17.0,-2.3100000000000023,2,1,15,0.222670000000298,0.4
11,Random,3,55,20,1,0,Left,2.108,,,10,0,6.864,0,3,3.1508999999985097,4.00139999999851,0,55,Male,2,35.0,24.0,8.4,65.0,14.0,9.1,-30.0,10.0,-0.7000000000000011,3,1,15,0.3136,0.4
11,Random,2,32,23,1,0,Right,2.15429999999702,,,10,0,7.14480000000447,0,2,3.3845,3.93539999999851,0,55,Male,1,52.0,36.0,18.72,63.0,27.0,17.01,-11.0,9.0,1.7099999999999973,4,0,12,0.2855199999995529,0.4
11,Random,3,42,26,1,0,Right,2.4248999999985097,,,10,0,4.61789999999851,0,2,4.255199999995529,4.95619999999553,0,55,Male,1,95.0,74.0,70.3,97.0,49.0,47.53,-2.0,25.0,22.77,7,0,2,0.538210000000149,0.4
11,Random,1,11,27,1,0,Right,5.8665,,,10,0,7.25590000000596,0,3,1.99810000000149,2.58179999999702,0,55,Male,2,18.0,49.0,8.82,23.0,29.0,6.67,-5.0,20.0,2.1500000000000004,5,0,11,0.2744099999994039,0.4
11,Random,2,22,29,0,1,Left,2.2545,,,10,0,7.60330000000447,0,3,1.8988000000044705,2.54910000000149,0,55,Male,2,64.0,32.0,20.48,69.0,4.0,2.76,-5.0,28.0,17.72,7,0,2,0.239669999999553,0.4
11,Random,3,41,30,0,1,Right,3.12210000000149,,,10,0,7.47439999999851,0,2,2.99229999999702,3.7925,0,55,Male,1,71.0,82.0,58.22,80.0,78.0,62.400000000000006,-9.0,4.0,-4.180000000000007,2,1,1,0.252560000000149,0.4
11,Random,1,5,31,0,1,Right,2.26489999999851,,,10,0,8.84560000000149,0,3,2.1185,2.98520000000298,0,55,Male,2,59.0,23.0,13.57,74.0,22.0,16.28,-15.0,1.0,-2.710000000000001,2,1,5,0.115439999999851,0.4
11,Random,2,34,38,1,0,Right,3.09879999999702,,,10,0,6.01779999999702,0,2,2.5013000000044703,3.18510000000149,0,55,Male,1,43.0,54.0,23.22,63.0,45.0,28.35,-20.0,9.0,-5.129999999999999,1,0,14,0.3982200000002979,0.4
11,Random,3,57,40,1,0,Left,3.04309999999404,,,10,0,7.0485,0,2,1.6837999999970197,3.0842000000029803,0,55,Male,1,30.0,41.0,12.3,60.0,35.0,21.0,-30.0,6.0,-8.700000000000001,1,1,17,0.29515,0.4
11,Random,2,21,41,0,1,Left,2.3781000000014902,,,10,0,9.8255,0,3,3.721300000004472,4.4385,0,55,Male,2,35.0,40.0,14.0,48.0,10.0,4.800000000000001,-13.0,30.0,9.2,6,0,1,0.01745,0.4
11,Random,1,14,45,0,1,Right,3.37889999999851,,,10,0,7.87090000000596,0,1,1.568,2.18460000000149,0,55,Male,1,52.0,92.0,47.84,72.0,91.0,65.52,-20.0,1.0,-17.679999999999993,0,1,14,0.2129099999994039,0.4
11,Random,2,37,49,1,0,Left,3.3906999999955296,,,10,0,5.9115,0,2,5.9065,7.22429999999702,0,55,Male,1,69.0,87.0,60.03,99.0,86.0,85.14,-30.0,1.0,-25.11,0,1,17,0.40885,0.4
11,Random,2,25,52,0,1,Left,1.82789999999851,,,10,0,9.69589999999851,0,2,1.69739999999851,2.34739999999851,0,55,Male,1,62.0,92.0,57.04,83.0,62.0,51.46,-21.0,30.0,5.579999999999998,5,0,5,0.030410000000149,0.4
11,Random,2,38,53,0,1,Right,2.73789999999851,,,10,0,5.8005,0,2,1.8828999999985097,2.91639999999851,0,55,Male,1,69.0,28.0,19.32,81.0,23.0,18.630000000000003,-12.0,5.0,0.6899999999999977,4,1,18,0.4199499999999999,0.4
11,Random,3,46,8,1,0,Right,2.24320000000298,,,10,0,8.30670000000298,0,3,6.3125,7.1795,0,55,Male,2,65.0,49.0,31.85,71.0,33.0,23.43,-6.0,16.0,8.419999999999998,6,0,6,0.169329999999702,0.4
11,Random,1,1,9,1,0,Right,4.6065,,,10,0,9.24870000000298,0,1,4.09479999999702,4.67939999999851,0,55,Male,1,39.0,66.0,25.74,40.0,50.0,20.0,-1.0,16.0,5.740000000000002,6,0,1,0.0751299999997019,0.4
12,Random,1,19,1,0,1,Right,2.2093999999985097,,,6,0,5.5068999999985095,0,2,1.1250999999996274,1.76289999999851,0,43,Male,1,18.0,44.0,7.92,40.0,39.0,15.6,-22.0,5.0,-7.6800000000000015,1,1,19,0.0821833333335817,0.45
12,Random,3,53,18,1,0,Right,1.841300000000745,,,6,0,5.562199999999255,0,2,1.787300000000745,2.20610000000149,0,43,Male,1,73.0,32.0,23.36,82.0,2.0,1.64,-9.0,30.0,21.72,7,0,13,0.0729666666667909,0.45
12,Random,2,35,24,1,0,Left,2.42439999999851,,,6,0,5.011199999999255,0,2,1.83639999999851,2.37689999999851,0,43,Male,1,7.0,96.0,6.72,37.0,66.0,24.42,-30.0,30.0,-17.700000000000003,0,1,15,0.1648000000001241,0.45
12,Random,1,18,25,0,1,Left,3.249,,,6,0,5.29060000000149,0,2,81.5865,96.73230000000076,0,43,Male,1,52.0,96.0,49.92,55.0,83.0,45.65,-3.0,13.0,4.270000000000003,5,0,18,0.118233333333085,0.45
12,Random,3,54,28,1,0,Left,3.85629999999702,,,6,0,4.772400000002235,0,2,1.7656999999992549,2.30589999999851,0,43,Male,1,11.0,72.0,7.92,33.0,45.0,14.85,-22.0,27.0,-6.93,1,1,14,0.2045999999996275,0.45
12,Random,3,41,3,0,1,Left,2.59170000000298,,,6,0,5.15189999999851,0,2,1.231800000000745,11.68010000000149,0,43,Male,1,76.0,72.0,54.72,99.0,48.0,47.52,-23.0,24.0,7.200000000000003,6,0,1,0.1413500000002483,0.45
12,Random,2,33,34,1,0,Right,3.631900000002235,,,6,0,5.478300000000745,0,2,1.738,2.51820000000298,0,43,Male,1,27.0,60.0,16.2,36.0,41.0,14.76,-9.0,19.0,1.4399999999999995,4,0,13,0.0869499999998758,0.45
12,Random,3,50,35,0,1,Left,3.30239999999851,,,6,0,5.7135,0,2,1.694699999999255,2.1,0,43,Male,1,36.0,37.0,13.32,51.0,10.0,5.1000000000000005,-15.0,27.0,8.219999999999999,6,0,10,0.04775,0.45
12,Random,3,47,36,0,1,Left,2.613800000000745,,,6,0,6.194800000000745,0,2,1.4804000000022353,2.394800000000745,0,43,Male,1,75.0,31.0,23.25,96.0,14.0,13.44,-21.0,17.0,9.81,7,0,7,0.0324666666667908,0.45
12,Random,3,51,37,1,0,Right,3.317300000000745,,,6,0,5.66910000000149,0,2,1.633099999997765,2.189699999999255,0,43,Male,1,48.0,35.0,16.799999999999997,61.0,19.0,11.59,-13.0,16.0,5.209999999999997,5,0,11,0.0551499999997517,0.45
12,Random,1,17,39,1,0,Left,3.257800000000745,,,6,0,6.501900000000372,0,2,2.889599999999628,3.655300000000745,0,43,Male,1,36.0,68.0,24.48,55.0,48.0,26.4,-19.0,20.0,-1.9199999999999984,2,1,17,0.083650000000062,0.45
12,Random,1,8,42,1,0,Right,2.606300000000745,,,6,0,6.395700000001118,0,2,1.6433000000007452,2.1654000000003726,0,43,Male,1,50.0,89.0,44.5,66.0,67.0,44.220000000000006,-16.0,22.0,0.279999999999994,4,0,8,0.0659500000001863,0.45
12,Random,2,37,43,0,1,Right,2.19429999999702,,,6,0,5.9175,0,2,2.171199999999255,2.7035999999977647,0,43,Male,1,17.0,73.0,12.41,42.0,63.0,26.46,-25.0,10.0,-14.05,0,1,17,0.0137499999999999,0.45
12,Random,2,40,46,1,0,Right,2.643,,,6,0,5.57639999999851,0,2,1.2635,1.867800000000745,0,43,Male,1,78.0,38.0,29.64,90.0,15.0,13.5,-12.0,23.0,16.14,7,0,20,0.0706000000002483,0.45
12,Random,1,9,50,1,0,Left,3.069599999999628,,,6,0,6.311599999999627,0,2,4.620699999999255,6.964599999999628,0,43,Male,1,2.0,34.0,0.68,29.0,13.0,3.77,-27.0,21.0,-3.09,2,1,9,0.0519333333332712,0.45
12,Random,3,56,55,0,1,Left,3.3783999999985097,,,6,0,5.431300000000745,0,2,1.3829000000022351,2.039300000000745,0,43,Male,1,35.0,92.0,32.2,41.0,81.0,33.21,-6.0,11.0,-1.009999999999998,3,0,16,0.0947833333332091,0.45
12,Random,1,1,60,1,0,Left,2.6456000000014903,,,6,0,5.275099999999627,0,2,3.014,4.556,0,43,Male,1,56.0,75.0,42.0,81.0,74.0,59.94,-25.0,1.0,-17.939999999999998,0,1,1,0.1208166666667288,0.45
12,Random,3,48,7,0,1,Right,3.136400000002235,,,6,0,5.506800000000745,0,2,1.37210000000149,1.7741000000014902,0,43,Male,1,61.0,62.0,37.82,69.0,61.0,42.09,-8.0,1.0,-4.269999999999996,2,1,8,0.0821999999998757,0.45
12,Random,2,34,12,1,0,Right,1.943599999997765,,,8,0,7.751199999999255,0,2,1.56860000000149,2.168800000000745,0,43,Male,1,72.0,98.0,70.56,73.0,77.0,56.21,-1.0,21.0,14.35,7,0,14,0.0311000000000931,0.45
12,Random,1,2,13,1,0,Right,3.7907000000011175,,,8,0,6.9925,0,2,1.7847999999988824,3.150699999999255,0,43,Male,1,73.0,49.0,35.77,81.0,42.0,34.02,-8.0,7.0,1.75,4,0,2,0.1259375,0.45
12,Random,3,60,15,1,0,Left,3.70639999999851,,,8,0,7.180900000002235,0,2,1.09639999999851,1.5490999999977648,0,43,Male,1,36.0,75.0,27.0,52.0,61.0,31.72,-16.0,14.0,-4.719999999999999,2,1,20,0.1023874999997206,0.45
12,Random,2,28,16,0,1,Left,2.943300000000745,,,8,0,6.474300000000745,0,2,1.23289999999851,2.0811999999992548,0,43,Male,1,23.0,12.0,2.76,26.0,6.0,1.56,-3.0,6.0,1.1999999999999995,4,0,8,0.1907124999999069,0.45
12,Random,3,42,17,0,1,Right,3.1735,,,8,0,7.648699999999255,0,2,1.7464000000022353,2.262199999999255,0,43,Male,1,31.0,38.0,11.78,46.0,29.0,13.34,-15.0,9.0,-1.5600000000000005,3,1,2,0.0439125000000931,0.45
12,Random,2,23,2,1,0,Left,2.9705,,,8,0,7.7005,0,2,1.910800000000745,5.387099999997765,0,43,Male,1,40.0,63.0,25.2,57.0,58.0,33.059999999999995,-17.0,5.0,-7.859999999999996,1,1,3,0.0374375,0.45
12,Random,1,11,21,0,1,Left,3.1475,,,8,0,7.43310000000149,0,2,2.551,3.0429000000003725,0,43,Male,1,26.0,59.0,15.34,36.0,33.0,11.88,-10.0,26.0,3.459999999999999,5,0,11,0.0708624999998137,0.45
12,Random,3,58,22,1,0,Left,2.808,,,8,0,7.12110000000149,0,2,1.3041000000014902,1.7063999999985098,0,43,Male,1,24.0,95.0,22.8,53.0,71.0,37.63,-29.0,24.0,-14.829999999999998,0,1,18,0.1098624999998137,0.45
12,Random,2,38,32,0,1,Left,2.438,,,8,0,6.708900000002235,0,2,1.7835,2.25179999999702,0,43,Male,1,59.0,31.0,18.29,60.0,1.0,0.6,-1.0,30.0,17.689999999999998,7,0,18,0.1613874999997205,0.45
12,Random,2,39,33,0,1,Right,2.2043999999985098,,,8,0,7.039800000000745,0,2,2.49339999999851,2.954,0,43,Male,1,57.0,51.0,29.07,62.0,48.0,29.76,-5.0,3.0,-0.6899999999999977,3,1,19,0.1200249999999069,0.45
12,Random,2,31,4,1,0,Right,5.49029999999702,,,8,0,6.911699999999255,0,2,2.169,2.711300000000745,0,43,Male,1,72.0,82.0,59.04,73.0,81.0,59.13,-1.0,1.0,-0.0900000000000034,3,0,11,0.136037500000093,0.45
12,Random,3,55,44,0,1,Right,2.962,,,8,0,7.52,0,2,0.9762000000029802,1.42210000000149,0,43,Male,1,19.0,86.0,16.34,45.0,71.0,31.95,-26.0,15.0,-15.61,0,1,15,0.06,0.45
12,Random,2,26,47,0,1,Left,3.035,,,8,0,7.357,0,2,3.22510000000149,4.03189999999851,0,43,Male,1,68.0,30.0,20.4,89.0,16.0,14.24,-21.0,14.0,6.159999999999998,6,0,6,0.0803749999999999,0.45
12,Random,1,16,48,0,1,Left,3.401,,,8,0,7.83739999999851,0,2,30.42,31.278300000000744,0,43,Male,1,35.0,68.0,23.8,54.0,43.0,23.22,-19.0,25.0,0.5800000000000018,4,0,16,0.0203250000001862,0.45
12,Random,1,20,5,0,1,Left,2.047300000000745,,,8,0,7.316299999998883,0,2,2.6274000000003723,3.213,0,43,Male,1,72.0,33.0,23.76,98.0,5.0,4.9,-26.0,28.0,18.86,7,0,20,0.0854625000001396,0.45
12,Random,3,57,51,0,1,Left,3.331599999997765,,,8,0,7.44620000000298,0,2,1.2390999999977648,1.6575999999977649,0,43,Male,1,41.0,94.0,38.54,48.0,70.0,33.599999999999994,-7.0,24.0,4.940000000000005,5,0,17,0.0692249999996275,0.45
12,Random,1,3,56,1,0,Right,2.8536999999992547,,,8,0,8.279800000000746,0,2,7.141200000001118,29.90770000000112,0,43,Male,1,62.0,34.0,21.08,86.0,15.0,12.9,-24.0,19.0,8.180000000000001,6,0,3,0.0349750000000932,0.45
12,Random,2,22,57,0,1,Right,3.08979999999702,,,8,0,7.530699999999255,0,2,1.975300000000745,2.408,0,43,Male,1,59.0,94.0,55.46,86.0,89.0,76.54,-27.0,5.0,-21.080000000000013,0,1,2,0.0586625000000931,0.45
12,Random,1,12,58,0,1,Right,2.51810000000149,,,8,0,7.075400000000372,0,2,1.981800000000745,38.17009999999963,0,43,Male,1,36.0,54.0,19.44,48.0,53.0,25.44,-12.0,1.0,-6.0,1,1,12,0.1155749999999534,0.45
12,Random,2,27,59,1,0,Left,3.108,,,8,0,7.667,0,2,1.3958000000007451,2.023400000002235,0,43,Male,1,8.0,64.0,5.12,25.0,34.0,8.5,-17.0,30.0,-3.38,2,1,7,0.041625,0.45
12,Random,1,5,11,0,1,Left,2.274800000000745,,,10,0,10.084099999999628,0,2,4.096599999999627,7.059799999998883,0,43,Male,1,72.0,85.0,61.2,86.0,66.0,56.760000000000005,-14.0,19.0,4.439999999999991,5,0,5,0.0084099999999628,0.45
12,Random,3,52,14,1,0,Right,5.100699999999255,,,10,0,9.55489999999851,0,2,1.3481999999992549,2.002,0,43,Male,1,33.0,61.0,20.13,51.0,44.0,22.44,-18.0,17.0,-2.3100000000000023,2,0,12,0.044510000000149,0.45
12,Random,1,6,20,1,0,Right,3.270599999999628,,,10,0,10.1235,0,2,1.9676000000014904,2.664200000001117,0,43,Male,1,35.0,24.0,8.4,65.0,14.0,9.1,-30.0,10.0,-0.7000000000000011,3,0,6,0.0123499999999999,0.45
12,Random,1,4,23,0,1,Left,3.2245999999996275,,,10,0,8.749699999999255,0,2,1.4331000000014902,2.949,0,43,Male,1,52.0,36.0,18.72,63.0,27.0,17.01,-11.0,9.0,1.7099999999999973,4,0,4,0.1250300000000745,0.45
12,Random,1,13,26,0,1,Left,2.2727000000011177,,,10,0,8.812599999999627,0,2,3.1637000000011177,3.7662000000011178,0,43,Male,1,95.0,74.0,70.3,97.0,49.0,47.53,-2.0,25.0,22.77,7,0,13,0.1187400000000373,0.45
12,Random,3,44,27,0,1,Left,2.634,,,10,0,8.433300000000745,0,2,1.5,2.0485,0,43,Male,1,18.0,49.0,8.82,23.0,29.0,6.67,-5.0,20.0,2.1500000000000004,5,0,4,0.1566699999999254,0.45
12,Random,2,24,29,1,0,Right,2.33810000000149,,,10,0,9.321099999997765,0,2,1.3144000000022351,1.78260000000149,0,43,Male,1,64.0,32.0,20.48,69.0,4.0,2.76,-5.0,28.0,17.72,7,0,4,0.0678900000002235,0.45
12,Random,2,36,30,0,1,Right,2.741199999999255,,,10,0,8.339800000000745,0,2,2.25,2.7260999999977646,0,43,Male,1,71.0,82.0,58.22,80.0,78.0,62.400000000000006,-9.0,4.0,-4.180000000000007,2,1,16,0.1660199999999255,0.45
12,Random,1,14,31,1,0,Left,3.2279000000003726,"Right, Right, Right, Right, Right, Right, Right, Right, Right, Right, Right, Right, Right, Right, Right, Right, Right, Right, Right, Right","3.7352000000011176, 3.766, 3.796800000000745, 3.828, 3.873800000000745, 3.9052000000011176, 3.93710000000149, 3.9674000000003726, 3.99810000000149, 4.03260000000149, 4.063700000001117, 4.095300000000745, 4.123300000000745, 4.171900000000372, 4.203200000001117, 4.233200000001117, 4.264400000000372, 4.29560000000149, 4.325300000000745, 4.356800000000745",10,0,9.739400000000373,0,2,3.7275,35.61590000000037,0,43,Male,1,59.0,23.0,13.57,74.0,22.0,16.28,-15.0,1.0,-2.710000000000001,2,1,14,0.0260599999999627,0.45
12,Random,3,46,38,0,1,Right,2.876199999999255,,,10,0,9.69320000000298,0,2,1.463800000000745,2.274,0,43,Male,1,43.0,54.0,23.22,63.0,45.0,28.35,-20.0,9.0,-5.129999999999999,1,1,6,0.030679999999702,0.45
12,Random,2,30,40,0,1,Right,3.36489999999851,,,10,0,9.031599999997765,0,2,1.668699999999255,2.31260000000149,0,43,Male,1,30.0,41.0,12.3,60.0,35.0,21.0,-30.0,6.0,-8.700000000000001,1,1,10,0.0968400000002235,0.45
12,Random,3,43,41,1,0,Right,2.658,,,10,0,8.2605,0,2,1.346800000000745,1.844699999999255,0,43,Male,1,35.0,40.0,14.0,48.0,10.0,4.800000000000001,-13.0,30.0,9.2,6,0,3,0.1739499999999999,0.45
12,Random,3,59,45,1,0,Left,1.93870000000298,,,10,0,8.821400000002235,0,2,1.3392000000029802,1.978400000002236,0,43,Male,1,52.0,92.0,47.84,72.0,91.0,65.52,-20.0,1.0,-17.679999999999993,0,1,19,0.1178599999997764,0.45
12,Random,2,25,49,0,1,Right,2.419300000000745,,,10,0,9.710900000002235,0,2,1.54939999999851,2.0135999999977647,0,43,Male,1,69.0,87.0,60.03,99.0,86.0,85.14,-30.0,1.0,-25.11,0,1,5,0.0289099999997764,0.45
12,Random,2,29,52,1,0,Right,2.3053999999985098,,,10,0,8.288,0,2,4.073,4.64120000000298,0,43,Male,1,62.0,92.0,57.04,83.0,62.0,51.46,-21.0,30.0,5.579999999999998,5,0,9,0.1711999999999999,0.45
12,Random,3,45,53,0,1,Right,3.5095999999977647,,,10,0,8.850800000000746,0,2,1.2647000000029802,1.693,0,43,Male,1,69.0,28.0,19.32,81.0,23.0,18.630000000000003,-12.0,5.0,0.6899999999999977,4,1,5,0.1149199999999254,0.45
12,Random,1,7,54,0,1,Right,4.6025,,,10,0,8.352599999999628,0,2,2.15589999999851,4.05389999999851,0,43,Male,1,47.0,37.0,17.39,77.0,23.0,17.71,-30.0,14.0,-0.3200000000000003,3,1,7,0.1647400000000372,0.45
12,Random,1,15,8,0,1,Left,2.358199999999255,,,10,0,9.079599999999628,0,2,2.1714000000003724,4.599700000001118,0,43,Male,1,65.0,49.0,31.85,71.0,33.0,23.43,-6.0,16.0,8.419999999999998,6,0,15,0.0920400000000372,0.45
12,Random,2,21,9,1,0,Right,2.623300000000745,,,10,0,10.1345,0,2,1.605,2.233800000000745,0,43,Male,1,39.0,66.0,25.74,40.0,50.0,20.0,-1.0,16.0,5.740000000000002,6,0,1,0.0134499999999999,0.45
13,Random,3,51,1,1,0,Left,1.4682000000476838,,,6,0,11.651299999952316,0,3,5.107599999904632,6.0425,0,31,Male,2,18.0,44.0,7.92,40.0,39.0,15.6,-22.0,5.0,-7.6800000000000015,1,1,11,0.941883333325386,0.35
13,Random,3,48,18,1,0,Right,2.102,,,6,0,3.2509000000953674,0,2,2.0632999999523163,11.534099999904631,0,31,Male,1,73.0,32.0,23.36,82.0,2.0,1.64,-9.0,30.0,21.72,7,0,8,0.4581833333174387,0.35
13,Random,2,23,19,0,1,Left,2.03,,,6,0,4.664199999809265,0,2,3.5461999998092653,4.509299999952316,0,31,Male,1,24.0,74.0,17.759999999999998,25.0,64.0,16.0,-1.0,10.0,1.759999999999998,5,0,3,0.2226333333651225,0.35
13,Random,1,13,24,1,0,Left,3.2345,,,6,0,4.623,0,4,4.9695,5.9920999999046325,0,31,Male,3,7.0,96.0,6.72,37.0,66.0,24.42,-30.0,30.0,-17.700000000000003,0,1,13,0.2294999999999999,0.35
13,Random,3,49,25,0,1,Left,3.5655,,,6,0,7.4282999999523165,0,2,7.075600000143052,49.94810000014305,0,31,Male,1,52.0,96.0,49.92,55.0,83.0,45.65,-3.0,13.0,4.270000000000003,5,0,9,0.2380499999920527,0.35
13,Random,1,11,28,0,1,Left,3.326700000047684,,,6,0,5.698600000143051,0,1,1.9323999998569488,2.921399999856949,0,31,Male,1,11.0,72.0,7.92,33.0,45.0,14.85,-22.0,27.0,-6.93,1,0,11,0.0502333333094915,0.35
13,Random,3,56,3,1,0,Right,3.017799999952316,,,6,0,9.9925,0,4,2.4875999999046328,3.6735,0,31,Male,3,76.0,72.0,54.72,99.0,48.0,47.52,-23.0,24.0,7.200000000000003,6,0,16,0.6654166666666667,0.35
13,Random,1,19,34,0,1,Left,2.461699999809265,,,6,0,2.6722999999523163,0,4,1.1762999999523165,2.7247000000476835,0,31,Male,3,27.0,60.0,16.2,36.0,41.0,14.76,-9.0,19.0,1.4399999999999995,4,0,19,0.554616666674614,0.35
13,Random,2,34,35,0,1,Left,3.111,,,6,0,10.472,0,4,2.0048999998569488,3.578099999904633,0,31,Male,3,36.0,37.0,13.32,51.0,10.0,5.1000000000000005,-15.0,27.0,8.219999999999999,6,0,14,0.7453333333333333,0.35
13,Random,2,27,36,1,0,Right,2.7287000000476835,,,6,0,4.666600000143051,0,2,3.863300000190735,4.760700000047684,0,31,Male,1,75.0,31.0,23.25,96.0,14.0,13.44,-21.0,17.0,9.81,7,0,7,0.2222333333094915,0.35
13,Random,3,41,37,0,1,Left,2.172700000047684,,,6,0,10.520699999809263,0,3,24.56909999990464,25.701,0,31,Male,2,48.0,35.0,16.799999999999997,61.0,19.0,11.59,-13.0,16.0,5.209999999999997,5,0,1,0.7534499999682106,0.35
13,Random,2,37,39,1,0,Left,3.805600000143051,,,6,0,2.655399999856949,0,4,4.035100000143051,5.069900000095368,0,31,Male,3,36.0,68.0,24.48,55.0,48.0,26.4,-19.0,20.0,-1.9199999999999984,2,1,17,0.5574333333571752,0.35
13,Random,2,24,42,1,0,Right,1.867,,,6,0,7.7715,0,3,1.6376999998092652,3.9870999999046326,0,31,Male,2,50.0,89.0,44.5,66.0,67.0,44.220000000000006,-16.0,22.0,0.279999999999994,4,0,4,0.2952499999999999,0.35
13,Random,3,54,43,1,0,Left,3.735100000143051,,,6,0,9.886699999809265,0,3,57.679900000095365,58.678,0,31,Male,2,17.0,73.0,12.41,42.0,63.0,26.46,-25.0,10.0,-14.05,0,1,14,0.6477833333015441,0.35
13,Random,2,36,46,1,0,Right,3.127300000190735,,,6,0,9.6515,0,2,7.421200000047683,8.735200000047683,0,31,Male,1,78.0,38.0,29.64,90.0,15.0,13.5,-12.0,23.0,16.14,7,0,16,0.6085833333333334,0.35
13,Random,1,18,50,1,0,Left,3.3295999999046324,,,6,0,3.006399999856949,0,4,3.180200000047684,4.618799999952317,0,31,Male,3,2.0,34.0,0.68,29.0,13.0,3.77,-27.0,21.0,-3.09,2,1,18,0.4989333333571752,0.35
13,Random,2,35,55,0,1,Left,3.986899999856949,,,6,0,6.278299999952316,0,4,2.579900000095368,3.906600000143051,0,31,Male,3,35.0,92.0,32.2,41.0,81.0,33.21,-6.0,11.0,-1.009999999999998,3,0,15,0.046383333325386,0.35
13,Random,3,44,6,0,1,Left,2.852,,,6,0,11.72589999985695,0,4,51.17740000009537,52.30970000004768,0,31,Male,3,41.0,64.0,26.24,52.0,51.0,26.52,-11.0,13.0,-0.2799999999999976,3,0,4,0.9543166666428248,0.35
13,Random,2,25,60,0,1,Right,3.3657000000476835,,,6,0,2.843400000095368,0,2,4.356700000047684,6.483600000143051,0,31,Male,1,56.0,75.0,42.0,81.0,74.0,59.94,-25.0,1.0,-17.939999999999998,0,1,5,0.5260999999841053,0.35
13,Random,2,21,7,1,0,Left,2.4254000000953675,,,6,0,8.619599999904633,0,2,3.025800000190735,4.575400000095367,0,31,Male,1,61.0,62.0,37.82,69.0,61.0,42.09,-8.0,1.0,-4.269999999999996,2,1,1,0.4365999999841055,0.35
13,Random,1,12,12,0,1,Left,2.665699999809265,,,8,0,7.928900000095368,0,1,1.3852999999523163,2.2315,0,31,Male,1,72.0,98.0,70.56,73.0,77.0,56.21,-1.0,21.0,14.35,7,0,12,0.008887499988079,0.35
13,Random,2,31,13,1,0,Right,2.0770999999046325,,,8,0,9.245799999952316,0,2,3.512600000143052,4.585100000143052,0,31,Male,1,73.0,49.0,35.77,81.0,42.0,34.02,-8.0,7.0,1.75,4,0,11,0.1557249999940395,0.35
13,Random,2,22,15,1,0,Left,2.0403000001907348,,,8,0,6.350099999904632,0,5,2.390400000095368,3.858800000190735,0,31,Male,3,36.0,75.0,27.0,52.0,61.0,31.72,-16.0,14.0,-4.719999999999999,2,1,2,0.2062375000119209,0.35
13,Random,3,59,16,0,1,Left,3.0317999999523164,,,8,0,11.859,0,5,3.315,5.208700000047684,0,31,Male,3,23.0,12.0,2.76,26.0,6.0,1.56,-3.0,6.0,1.1999999999999995,4,0,19,0.482375,0.35
13,Random,3,60,17,1,0,Right,1.4375,,,8,0,14.901299999952316,0,2,1.0112000000476835,2.496,0,31,Male,1,31.0,38.0,11.78,46.0,29.0,13.34,-15.0,9.0,-1.5600000000000005,3,0,20,0.8626624999940395,0.35
13,Random,3,53,2,0,1,Right,3.9116000001430513,,,8,0,7.073200000047684,0,2,1.4950999999046326,18.153599999904632,0,31,Male,1,40.0,63.0,25.2,57.0,58.0,33.059999999999995,-17.0,5.0,-7.859999999999996,1,1,13,0.1158499999940395,0.35
13,Random,3,46,21,1,0,Right,2.960900000095368,,,8,0,14.854200000047683,0,2,48.7505,49.656,0,31,Male,1,26.0,59.0,15.34,36.0,33.0,11.88,-10.0,26.0,3.459999999999999,5,0,6,0.8567750000059604,0.35
13,Random,2,40,22,0,1,Right,2.500200000047684,,,8,0,7.443399999856949,0,5,1.1984000000953674,2.5290999999046324,0,31,Male,3,24.0,95.0,22.8,53.0,71.0,37.63,-29.0,24.0,-14.829999999999998,0,1,20,0.0695750000178814,0.35
13,Random,1,10,32,1,0,Right,2.2682999999523163,,,8,0,4.300099999904632,0,2,2.839,3.866799999952317,0,31,Male,1,59.0,31.0,18.29,60.0,1.0,0.6,-1.0,30.0,17.689999999999998,7,0,10,0.4624875000119209,0.35
13,Random,1,8,33,1,0,Left,3.585,,,8,0,5.798299999952317,0,3,1.6549000000953675,2.6409000000953675,0,31,Male,2,57.0,51.0,29.07,62.0,48.0,29.76,-5.0,3.0,-0.6899999999999977,3,1,8,0.2752125000059604,0.35
13,Random,1,3,4,0,1,Left,3.4347000000476835,,,8,0,7.579599999904633,0,2,1.636,2.535200000047684,0,31,Male,1,72.0,82.0,59.04,73.0,81.0,59.13,-1.0,1.0,-0.0900000000000034,3,0,3,0.0525500000119208,0.35
13,Random,1,20,44,1,0,Left,2.4485999999046326,,,8,0,5.155699999809265,0,4,2.744700000047684,3.671399999856949,0,31,Male,3,19.0,86.0,16.34,45.0,71.0,31.95,-26.0,15.0,-15.61,0,1,20,0.3555375000238419,0.35
13,Random,3,43,47,0,1,Left,1.9854000000953675,,,8,0,15.917299999952316,0,3,44.2425,50.016,0,31,Male,2,68.0,30.0,20.4,89.0,16.0,14.24,-21.0,14.0,6.159999999999998,6,0,3,0.9896624999940395,0.35
13,Random,3,52,5,1,0,Right,2.2565,,,8,0,7.621099999904633,0,2,1.9285,3.2115,0,31,Male,1,72.0,33.0,23.76,98.0,5.0,4.9,-26.0,28.0,18.86,7,0,12,0.0473625000119208,0.35
13,Random,2,30,51,1,0,Right,1.8606000001430512,,,8,0,5.714899999856949,0,3,6.415200000047684,7.5452999999523165,0,31,Male,2,41.0,94.0,38.54,48.0,70.0,33.599999999999994,-7.0,24.0,4.940000000000005,5,0,10,0.2856375000178813,0.35
13,Random,2,28,56,0,1,Left,3.0251999998092653,,,8,0,4.716599999904632,0,4,1.758599999904633,3.954599999904632,0,31,Male,3,62.0,34.0,21.08,86.0,15.0,12.9,-24.0,19.0,8.180000000000001,6,0,8,0.4104250000119209,0.35
13,Random,2,38,57,0,1,Left,1.6589000000953675,,,8,0,13.065299999952316,0,4,7.561200000047684,8.677599999904633,0,31,Male,3,59.0,94.0,55.46,86.0,89.0,76.54,-27.0,5.0,-21.080000000000013,0,0,18,0.6331624999940395,0.35
13,Random,2,39,58,1,0,Left,3.873200000047684,,,8,0,6.545700000047684,0,4,3.1230999999046327,4.345599999904633,0,31,Male,3,36.0,54.0,19.44,48.0,53.0,25.44,-12.0,1.0,-6.0,1,1,19,0.1817874999940395,0.35
13,Random,1,6,59,1,0,Left,3.071600000143051,,,8,0,5.273,0,3,1.5485,2.5735,0,31,Male,2,8.0,64.0,5.12,25.0,34.0,8.5,-17.0,30.0,-3.38,2,1,6,0.340875,0.35
13,Random,3,47,10,1,0,Left,3.026699999809265,,,10,0,10.612699999809266,0,2,46.20460000014305,47.2345,0,31,Male,1,5.0,55.0,2.75,35.0,36.0,12.6,-30.0,19.0,-9.85,1,1,7,0.0612699999809265,0.35
13,Random,1,9,11,0,1,Left,3.157199999809265,,,10,0,8.217600000143051,0,2,2.093,3.357899999856949,0,31,Male,1,72.0,85.0,61.2,86.0,66.0,56.760000000000005,-14.0,19.0,4.439999999999991,5,0,9,0.1782399999856949,0.35
13,Random,1,1,14,1,0,Left,2.506700000047684,,,10,0,5.849900000095367,0,2,4.4125,5.4125,0,31,Male,1,33.0,61.0,20.13,51.0,44.0,22.44,-18.0,17.0,-2.3100000000000023,2,1,1,0.4150099999904633,0.35
13,Random,3,55,20,1,0,Right,2.421200000047684,,,10,0,13.462700000047684,0,3,21.71479999995232,22.6255,0,31,Male,2,35.0,24.0,8.4,65.0,14.0,9.1,-30.0,10.0,-0.7000000000000011,3,0,15,0.3462700000047684,0.35
13,Random,3,50,23,0,1,Left,1.9726999998092647,,,10,0,13.209,0,2,9.002799999952316,9.856699999809264,0,31,Male,1,52.0,36.0,18.72,63.0,27.0,17.01,-11.0,9.0,1.7099999999999973,4,0,10,0.3208999999999999,0.35
13,Random,2,26,26,0,1,Left,4.263,,,10,0,5.546200000047683,0,2,2.5452000000476835,3.356399999856949,0,31,Male,1,95.0,74.0,70.3,97.0,49.0,47.53,-2.0,25.0,22.77,7,0,6,0.4453799999952316,0.35
13,Random,3,57,27,1,0,Right,6.2807999999523165,,,10,0,17.5675,0,4,3.967,14.313099999904631,0,31,Male,3,18.0,49.0,8.82,23.0,29.0,6.67,-5.0,20.0,2.1500000000000004,5,0,17,0.7567499999999999,0.35
13,Random,1,17,29,0,1,Left,2.8815,,,10,0,7.606,0,2,4.307099999904633,5.5395,0,31,Male,1,64.0,32.0,20.48,69.0,4.0,2.76,-5.0,28.0,17.72,7,0,17,0.2394,0.35
13,Random,1,16,30,0,1,Right,3.3125,,,10,0,3.82,0,2,4.392900000095367,5.515400000095368,0,31,Male,1,71.0,82.0,58.22,80.0,78.0,62.400000000000006,-9.0,4.0,-4.180000000000007,2,1,16,0.618,0.35
13,Random,1,14,31,1,0,Right,2.814,,,10,0,7.864200000047684,0,1,5.537799999952316,6.462799999952316,0,31,Male,1,59.0,23.0,13.57,74.0,22.0,16.28,-15.0,1.0,-2.710000000000001,2,0,14,0.2135799999952316,0.35
13,Random,2,32,38,1,0,Right,1.3396000001430513,,,10,0,5.253700000047684,0,2,2.817,3.8848999998569487,0,31,Male,1,43.0,54.0,23.22,63.0,45.0,28.35,-20.0,9.0,-5.129999999999999,1,0,12,0.4746299999952316,0.35
13,Random,1,15,40,1,0,Left,2.056200000047684,,,10,0,1.2917000000476837,0,4,4.9920999999046325,6.020799999952316,0,31,Male,3,30.0,41.0,12.3,60.0,35.0,21.0,-30.0,6.0,-8.700000000000001,1,1,15,0.8708299999952317,0.35
13,Random,2,33,45,0,1,Right,3.1805,,,10,0,5.985299999952316,0,4,1.6692999999523164,3.121399999856949,0,31,Male,3,52.0,92.0,47.84,72.0,91.0,65.52,-20.0,1.0,-17.679999999999993,0,1,13,0.4014700000047684,0.35
13,Random,1,7,49,0,1,Right,2.8177999999523164,,,10,0,8.382400000095368,0,3,3.584299999952316,4.4025,0,31,Male,2,69.0,87.0,60.03,99.0,86.0,85.14,-30.0,1.0,-25.11,0,1,7,0.1617599999904632,0.35
13,Random,1,2,52,0,1,Left,1.7525,,,10,0,8.261399999856948,0,2,3.647400000095368,4.5785,0,31,Male,1,62.0,92.0,57.04,83.0,62.0,51.46,-21.0,30.0,5.579999999999998,5,0,2,0.1738600000143051,0.35
13,Random,3,58,53,0,1,Left,1.601,,,10,0,10.8635,0,4,33.93859999990463,35.64779999995232,0,31,Male,3,69.0,28.0,19.32,81.0,23.0,18.630000000000003,-12.0,5.0,0.6899999999999977,4,0,18,0.08635,0.35
13,Random,1,4,54,0,1,Right,2.2985,,,10,0,5.390799999952316,0,2,2.1942999999523165,3.467,0,31,Male,1,47.0,37.0,17.39,77.0,23.0,17.71,-30.0,14.0,-0.3200000000000003,3,1,4,0.4609200000047684,0.35
13,Random,2,29,8,0,1,Left,1.434,,,10,0,3.609900000095368,0,3,3.112600000143051,4.059200000047683,0,31,Male,2,65.0,49.0,31.85,71.0,33.0,23.43,-6.0,16.0,8.419999999999998,6,0,9,0.6390099999904633,0.35
13,Random,1,5,9,1,0,Right,2.920400000095368,,,10,0,4.987399999856949,0,2,2.7320999999046327,3.6685,0,31,Male,1,39.0,66.0,25.74,40.0,50.0,20.0,-1.0,16.0,5.740000000000002,6,0,5,0.501260000014305,0.35
14,Random,1,20,1,1,0,Left,1.482800000000745,,,6,0,4.670599999999627,0,1,2.6032000000001863,3.1219000000003727,0,26,Male,1,18.0,44.0,7.92,40.0,39.0,15.6,-22.0,5.0,-7.6800000000000015,1,1,20,0.2215666666667287,0.2833333333333333
14,Random,1,4,18,1,0,Right,1.039199999999255,,,6,0,5.4737000000001865,0,1,1.2557000000001863,1.7087000000001862,0,26,Male,1,73.0,32.0,23.36,82.0,2.0,1.64,-9.0,30.0,21.72,7,0,4,0.0877166666666355,0.2833333333333333
14,Random,3,46,19,1,0,Left,1.9939000000003728,,,6,0,5.157,0,1,1.7912000000011177,2.3396000000014903,0,26,Male,1,24.0,74.0,17.759999999999998,25.0,64.0,16.0,-1.0,10.0,1.759999999999998,5,1,6,0.1404999999999999,0.2833333333333333
14,Random,2,31,24,1,0,Left,3.047099999999628,,,6,0,4.5625,0,1,2.0034000000003727,2.4919000000003724,0,26,Male,1,7.0,96.0,6.72,37.0,66.0,24.42,-30.0,30.0,-17.700000000000003,0,1,11,0.2395833333333333,0.2833333333333333
14,Random,3,48,25,0,1,Left,2.6735,,,6,0,5.777,0,1,2.2074000000003724,2.7435,0,26,Male,1,52.0,96.0,49.92,55.0,83.0,45.65,-3.0,13.0,4.270000000000003,5,0,8,0.0371666666666666,0.2833333333333333
14,Random,3,47,28,1,0,Right,3.428699999999255,,,6,0,4.371199999999255,0,1,4.22810000000149,4.999900000000372,0,26,Male,1,11.0,72.0,7.92,33.0,45.0,14.85,-22.0,27.0,-6.93,1,0,7,0.2714666666667908,0.2833333333333333
14,Random,2,35,3,0,1,Left,2.3162999999988823,,,6,0,3.2579000000003724,0,1,1.1795,2.1572999999988824,0,26,Male,1,76.0,72.0,54.72,99.0,48.0,47.52,-23.0,24.0,7.200000000000003,6,0,15,0.4570166666666046,0.2833333333333333
14,Random,1,7,34,1,0,Right,0.8604000000003725,,,6,0,5.515299999999813,0,1,1.0950999999996274,1.5620999999996277,0,26,Male,1,27.0,60.0,16.2,36.0,41.0,14.76,-9.0,19.0,1.4399999999999995,4,0,7,0.0807833333333644,0.2833333333333333
14,Random,2,29,35,0,1,Left,1.77710000000149,,,6,0,3.889400000000372,0,1,1.1606000000014902,1.553800000000745,0,26,Male,1,36.0,37.0,13.32,51.0,10.0,5.1000000000000005,-15.0,27.0,8.219999999999999,6,0,9,0.3517666666666046,0.2833333333333333
14,Random,3,41,36,0,1,Left,1.646,,,6,0,2.7324000000003723,0,1,2.226699999999255,2.601599999999628,0,26,Male,1,75.0,31.0,23.25,96.0,14.0,13.44,-21.0,17.0,9.81,7,0,1,0.5445999999999379,0.2833333333333333
14,Random,1,14,37,0,1,Left,1.7785999999996274,,,6,0,5.652,0,1,1.6302000000001862,2.1204000000003727,0,26,Male,1,48.0,35.0,16.799999999999997,61.0,19.0,11.59,-13.0,16.0,5.209999999999997,5,0,14,0.0579999999999999,0.2833333333333333
14,Random,3,42,39,0,1,Left,1.5020999999996274,,,6,0,3.512,0,1,1.2402000000011175,1.943,0,26,Male,1,36.0,68.0,24.48,55.0,48.0,26.4,-19.0,20.0,-1.9199999999999984,2,0,2,0.4146666666666667,0.2833333333333333
14,Random,1,16,42,0,1,Left,1.8015,,,6,0,1.3288999999994413,0,1,1.9084000000003725,2.435100000000559,0,26,Male,1,50.0,89.0,44.5,66.0,67.0,44.220000000000006,-16.0,22.0,0.279999999999994,4,0,16,0.7785166666667598,0.2833333333333333
14,Random,1,12,43,1,0,Left,2.1869000000003727,,,6,0,4.0735,0,1,1.1695999999996274,1.6465999999996277,0,26,Male,1,17.0,73.0,12.41,42.0,63.0,26.46,-25.0,10.0,-14.05,0,1,12,0.3210833333333333,0.2833333333333333
14,Random,2,39,46,1,0,Right,3.3527999999988825,,,6,0,1.102,0,1,2.0314000000003727,2.6659000000003727,0,26,Male,1,78.0,38.0,29.64,90.0,15.0,13.5,-12.0,23.0,16.14,7,0,19,0.8163333333333332,0.2833333333333333
14,Random,2,40,50,0,1,Right,1.5804000000003726,,,6,0,2.3983999999985097,0,1,3.934800000000745,4.609400000000372,0,26,Male,1,2.0,34.0,0.68,29.0,13.0,3.77,-27.0,21.0,-3.09,2,1,20,0.6002666666669151,0.2833333333333333
14,Random,1,11,55,1,0,Right,1.9144000000003725,,,6,0,3.432799999999814,0,1,1.4465999999996275,1.913099999999628,0,26,Male,1,35.0,92.0,32.2,41.0,81.0,33.21,-6.0,11.0,-1.009999999999998,3,0,11,0.4278666666666977,0.2833333333333333
14,Random,2,38,6,1,0,,2.873300000000745,,,6,0,5.264699999999255,1,1,1.7459000000003726,3.703599999999628,0,26,Male,1,41.0,64.0,26.24,52.0,51.0,26.52,-11.0,13.0,-0.2799999999999976,3,0,18,0.1225500000001241,0.2833333333333333
14,Random,2,22,60,0,1,Right,1.7864000000003726,,,6,0,4.469,0,1,1.5687999999998137,2.1267999999998137,0,26,Male,1,56.0,75.0,42.0,81.0,74.0,59.94,-25.0,1.0,-17.939999999999998,0,1,2,0.2551666666666666,0.2833333333333333
14,Random,1,9,7,0,1,Left,1.1301000000005588,,,6,0,4.893599999999627,0,1,1.3803999999994412,2.2975,0,26,Male,1,61.0,62.0,37.82,69.0,61.0,42.09,-8.0,1.0,-4.269999999999996,2,0,9,0.1844000000000621,0.2833333333333333
14,Random,3,58,12,1,0,Right,2.4162000000011177,,,8,0,5.329,0,1,1.2062000000011175,1.697300000000745,0,26,Male,1,72.0,98.0,70.56,73.0,77.0,56.21,-1.0,21.0,14.35,7,0,18,0.333875,0.2833333333333333
14,Random,2,30,13,0,1,Right,2.383699999999255,,,8,0,6.377099999999627,0,1,4.629800000000745,5.029199999999255,0,26,Male,1,73.0,49.0,35.77,81.0,42.0,34.02,-8.0,7.0,1.75,4,1,10,0.2028625000000465,0.2833333333333333
14,Random,2,23,15,1,0,Left,1.9548999999994408,,,8,0,5.124200000000187,0,1,1.534199999999255,2.004899999999441,0,26,Male,1,36.0,75.0,27.0,52.0,61.0,31.72,-16.0,14.0,-4.719999999999999,2,1,3,0.3594749999999767,0.2833333333333333
14,Random,1,17,16,1,0,Right,2.1605999999996275,,,8,0,7.545100000000558,0,1,1.047699999999255,1.462,0,26,Male,1,23.0,12.0,2.76,26.0,6.0,1.56,-3.0,6.0,1.1999999999999995,4,0,17,0.0568624999999302,0.2833333333333333
14,Random,2,26,17,0,1,Left,2.736800000000745,,,8,0,3.273300000000745,0,1,0.91860000000149,1.48710000000149,0,26,Male,1,31.0,38.0,11.78,46.0,29.0,13.34,-15.0,9.0,-1.5600000000000005,3,0,6,0.5908374999999069,0.2833333333333333
14,Random,3,54,2,1,0,Left,1.5997999999988823,,,8,0,5.309800000000745,0,1,1.0276999999992549,1.3955,0,26,Male,1,40.0,63.0,25.2,57.0,58.0,33.059999999999995,-17.0,5.0,-7.859999999999996,1,1,14,0.3362749999999068,0.2833333333333333
14,Random,2,34,21,0,1,Left,3.0827999999988824,,,8,0,10.549300000000745,0,1,1.6122999999988823,2.43489999999851,0,26,Male,1,26.0,59.0,15.34,36.0,33.0,11.88,-10.0,26.0,3.459999999999999,5,0,14,0.3186625000000931,0.2833333333333333
14,Random,3,56,22,0,1,Left,1.5276999999992549,,,8,0,8.435800000000745,0,1,2.06,2.553099999999628,0,26,Male,1,24.0,95.0,22.8,53.0,71.0,37.63,-29.0,24.0,-14.829999999999998,0,0,16,0.054475000000093,0.2833333333333333
14,Random,1,1,32,1,0,Right,1.7212999999998138,,,8,0,6.816099999999628,0,2,2.497700000000186,3.2182999999998136,0,26,Male,1,59.0,31.0,18.29,60.0,1.0,0.6,-1.0,30.0,17.689999999999998,7,0,1,0.1479875000000464,0.2833333333333333
14,Random,1,6,33,1,0,Right,0.8852999999998137,,,8,0,9.118099999999629,0,1,1.4426000000005588,1.9914000000003724,0,26,Male,1,57.0,51.0,29.07,62.0,48.0,29.76,-5.0,3.0,-0.6899999999999977,3,0,6,0.1397624999999536,0.2833333333333333
14,Random,3,59,4,0,1,Left,1.871599999999628,,,8,0,9.128099999999629,0,1,1.0290999999996275,1.480199999999255,0,26,Male,1,72.0,82.0,59.04,73.0,81.0,59.13,-1.0,1.0,-0.0900000000000034,3,0,19,0.1410124999999535,0.2833333333333333
14,Random,3,44,44,0,1,Right,2.194800000000745,,,8,0,7.714299999998882,0,1,2.370199999999255,2.8942999999988825,0,26,Male,1,19.0,86.0,16.34,45.0,71.0,31.95,-26.0,15.0,-15.61,0,1,4,0.0357125000001397,0.2833333333333333
14,Random,1,13,47,0,1,Left,2.379700000000186,,,8,0,5.4645,0,1,2.427300000000745,2.8706000000005587,0,26,Male,1,68.0,30.0,20.4,89.0,16.0,14.24,-21.0,14.0,6.159999999999998,6,0,13,0.3169375,0.2833333333333333
14,Random,3,50,48,0,1,Left,2.6559000000003725,,,8,0,6.125699999999255,0,1,2.422099999999628,2.860199999999255,0,26,Male,1,35.0,68.0,23.8,54.0,43.0,23.22,-19.0,25.0,0.5800000000000018,4,0,10,0.2342875000000931,0.2833333333333333
14,Random,2,21,5,0,1,Left,1.7085,,,8,0,5.595200000000187,0,1,1.7625999999996276,2.444799999999814,0,26,Male,1,72.0,33.0,23.76,98.0,5.0,4.9,-26.0,28.0,18.86,7,0,1,0.3005999999999766,0.2833333333333333
14,Random,2,33,51,1,0,Left,2.253099999999628,,,8,0,3.340599999999628,0,1,1.4969000000003725,2.2114000000003724,0,26,Male,1,41.0,94.0,38.54,48.0,70.0,33.599999999999994,-7.0,24.0,4.940000000000005,5,1,13,0.5824250000000465,0.2833333333333333
14,Random,2,24,56,1,0,Right,2.1995,,,8,0,8.253,0,1,2.3027000000001863,2.8712999999998137,0,26,Male,1,62.0,34.0,21.08,86.0,15.0,12.9,-24.0,19.0,8.180000000000001,6,0,4,0.031625,0.2833333333333333
14,Random,3,53,57,1,0,Right,1.5762999999988825,,,8,0,6.144900000000373,0,1,1.7092999999988825,2.2355,0,26,Male,1,59.0,94.0,55.46,86.0,89.0,76.54,-27.0,5.0,-21.080000000000013,0,0,13,0.2318874999999534,0.2833333333333333
14,Random,2,27,58,1,0,Left,2.2825,,,8,0,8.50910000000149,0,1,1.763199999999255,2.3744000000003727,0,26,Male,1,36.0,54.0,19.44,48.0,53.0,25.44,-12.0,1.0,-6.0,1,1,7,0.0636375000001863,0.2833333333333333
14,Random,2,28,59,1,0,Left,1.7928000000007451,,,8,0,3.8745,0,1,1.090800000000745,1.5385999999996274,0,26,Male,1,8.0,64.0,5.12,25.0,34.0,8.5,-17.0,30.0,-3.38,2,1,8,0.5156875000000001,0.2833333333333333
14,Random,1,18,10,1,0,Left,2.452100000000559,,,10,0,4.626299999999814,0,1,0.8054000000003725,1.4035,0,26,Male,1,5.0,55.0,2.75,35.0,36.0,12.6,-30.0,19.0,-9.85,1,1,18,0.5373700000000186,0.2833333333333333
14,Random,3,52,11,0,1,Left,1.380199999999255,,,10,0,9.059199999999256,0,1,1.2140999999996274,1.709,0,26,Male,1,72.0,85.0,61.2,86.0,66.0,56.760000000000005,-14.0,19.0,4.439999999999991,5,0,12,0.0940800000000743,0.2833333333333333
14,Random,2,32,14,0,1,Left,2.6449000000003724,,,10,0,4.521700000001117,0,1,1.4720999999996274,2.0764000000003726,0,26,Male,1,33.0,61.0,20.13,51.0,44.0,22.44,-18.0,17.0,-2.3100000000000023,2,0,12,0.5478299999998882,0.2833333333333333
14,Random,1,8,20,0,1,Left,1.1226999999992548,,,10,0,7.365200000000186,0,1,1.1227000000001863,1.6115999999996276,0,26,Male,1,35.0,24.0,8.4,65.0,14.0,9.1,-30.0,10.0,-0.7000000000000011,3,0,8,0.2634799999999814,0.2833333333333333
14,Random,3,55,23,0,1,Left,2.3707000000011176,,,10,0,5.213599999999627,0,1,1.2372000000011176,1.6842000000011177,0,26,Male,1,52.0,36.0,18.72,63.0,27.0,17.01,-11.0,9.0,1.7099999999999973,4,0,15,0.4786400000000372,0.2833333333333333
14,Random,1,2,26,0,1,Right,2.4963999999994413,,,10,0,8.487400000000372,0,2,1.403199999999255,1.87,0,26,Male,1,95.0,74.0,70.3,97.0,49.0,47.53,-2.0,25.0,22.77,7,1,2,0.1512599999999627,0.2833333333333333
14,Random,1,19,29,0,1,Left,1.8056000000005588,,,10,0,7.753799999999813,0,1,0.814,1.2032000000001863,0,26,Male,1,64.0,32.0,20.48,69.0,4.0,2.76,-5.0,28.0,17.72,7,0,19,0.2246200000000187,0.2833333333333333
14,Random,3,51,30,0,1,Left,2.5077000000011176,,,10,0,6.196800000000745,0,1,1.672300000000745,2.3254000000003727,0,26,Male,1,71.0,82.0,58.22,80.0,78.0,62.400000000000006,-9.0,4.0,-4.180000000000007,2,0,11,0.3803199999999255,0.2833333333333333
14,Random,1,10,31,1,0,Right,1.0547000000001865,,,10,0,8.629899999999441,0,1,1.3903999999994412,1.945699999999255,0,26,Male,1,59.0,23.0,13.57,74.0,22.0,16.28,-15.0,1.0,-2.710000000000001,2,0,10,0.1370100000000558,0.2833333333333333
14,Random,2,25,38,1,0,Left,2.981499999999069,,,10,0,8.631800000000744,0,1,1.68639999999851,2.2846999999992548,0,26,Male,1,43.0,54.0,23.22,63.0,45.0,28.35,-20.0,9.0,-5.129999999999999,1,1,5,0.1368199999999255,0.2833333333333333
14,Random,3,57,40,0,1,Left,1.091699999999255,,,10,0,4.946099999999627,0,1,1.7680999999996274,2.452099999999628,0,26,Male,1,30.0,41.0,12.3,60.0,35.0,21.0,-30.0,6.0,-8.700000000000001,1,0,17,0.5053900000000373,0.2833333333333333
14,Random,2,36,41,1,0,Right,2.8854000000003723,,,10,0,6.0494000000003725,0,1,1.303,2.015099999999628,0,26,Male,1,35.0,40.0,14.0,48.0,10.0,4.800000000000001,-13.0,30.0,9.2,6,0,16,0.3950599999999628,0.2833333333333333
14,Random,2,37,45,0,1,Right,2.873300000000745,,,10,0,6.570400000000372,0,1,1.3069000000003723,2.6303000000007453,0,26,Male,1,52.0,92.0,47.84,72.0,91.0,65.52,-20.0,1.0,-17.679999999999993,0,1,17,0.3429599999999627,0.2833333333333333
14,Random,1,15,49,0,1,Left,2.075399999999441,,,10,0,5.7697999999998135,0,1,1.3228000000007452,1.983,0,26,Male,1,69.0,87.0,60.03,99.0,86.0,85.14,-30.0,1.0,-25.11,0,0,15,0.4230200000000186,0.2833333333333333
14,Random,1,3,52,1,0,Right,1.2395,,,10,0,7.694400000000373,0,2,2.517700000000186,3.070599999999628,0,26,Male,1,62.0,92.0,57.04,83.0,62.0,51.46,-21.0,30.0,5.579999999999998,5,0,3,0.2305599999999627,0.2833333333333333
14,Random,3,45,53,1,0,Right,3.5285,,,10,0,3.2389000000003727,0,1,1.6965999999996275,2.1092999999988824,0,26,Male,1,69.0,28.0,19.32,81.0,23.0,18.630000000000003,-12.0,5.0,0.6899999999999977,4,0,5,0.6761099999999628,0.2833333333333333
14,Random,3,60,54,0,1,Left,3.3936999999992548,,,10,0,6.706599999999628,0,1,1.9239000000003723,2.3959000000003727,0,26,Male,1,47.0,37.0,17.39,77.0,23.0,17.71,-30.0,14.0,-0.3200000000000003,3,0,20,0.3293400000000372,0.2833333333333333
14,Random,3,49,8,1,0,Right,1.644,,,10,0,4.93560000000149,0,1,1.9629000000003725,3.1475,0,26,Male,1,65.0,49.0,31.85,71.0,33.0,23.43,-6.0,16.0,8.419999999999998,6,0,9,0.506439999999851,0.2833333333333333
14,Random,1,5,9,0,1,Left,1.0260999999996274,,,10,0,7.461900000000372,0,1,2.3319000000003727,2.924,0,26,Male,1,39.0,66.0,25.74,40.0,50.0,20.0,-1.0,16.0,5.740000000000002,6,0,5,0.2538099999999628,0.2833333333333333
15,Block,1,11,1,0,1,Right,3.54569999999553,,,6,0,2.0975,0,2,1.39160000000149,2.3516000000014903,0,55,Male,1,18.0,44.0,7.92,40.0,39.0,15.6,-22.0,5.0,-7.6800000000000015,1,1,11,0.6504166666666666,0.2333333333333333
15,Block,1,2,18,1,0,Right,2.40139999999851,,,6,0,3.1,0,1,3.59879999999702,4.89660000000149,0,55,Male,1,73.0,32.0,23.36,82.0,2.0,1.64,-9.0,30.0,21.72,7,0,2,0.4833333333333333,0.2333333333333333
15,Block,1,6,19,1,0,Right,3.33419999999553,,,6,0,2.804,0,1,1.1798999999985098,2.68739999999851,0,55,Male,1,24.0,74.0,17.759999999999998,25.0,64.0,16.0,-1.0,10.0,1.759999999999998,5,0,6,0.5326666666666667,0.2333333333333333
15,Block,1,17,24,0,1,Right,3.9448999999985097,,,6,0,2.046,0,3,1.98510000000149,2.57729999999702,0,55,Male,2,7.0,96.0,6.72,37.0,66.0,24.42,-30.0,30.0,-17.700000000000003,0,1,17,0.659,0.2333333333333333
15,Block,1,5,25,0,1,Left,2.3488000000044704,,,6,0,3.0937000000029804,0,1,3.09610000000149,7.33690000000596,0,55,Male,1,52.0,96.0,49.92,55.0,83.0,45.65,-3.0,13.0,4.270000000000003,5,0,5,0.4843833333328366,0.2333333333333333
15,Block,1,9,28,0,1,Left,3.96660000000149,,,6,0,2.65260000000149,0,2,1.3607999999970195,2.54639999999851,0,55,Male,1,11.0,72.0,7.92,33.0,45.0,14.85,-22.0,27.0,-6.93,1,0,9,0.5578999999997517,0.2333333333333333
15,Block,1,20,3,1,0,Right,3.27620000000298,,,6,0,3.0226999999955297,0,3,1.1435,4.848,0,55,Male,2,76.0,72.0,54.72,99.0,48.0,47.52,-23.0,24.0,7.200000000000003,6,0,20,0.4962166666674117,0.2333333333333333
15,Block,1,19,34,0,1,Left,3.74529999999702,,,6,0,2.39180000000447,0,3,1.2134000000059604,1.9982000000029805,0,55,Male,2,27.0,60.0,16.2,36.0,41.0,14.76,-9.0,19.0,1.4399999999999995,4,0,19,0.6013666666659216,0.2333333333333333
15,Block,1,10,35,0,1,Left,3.664,,,6,0,2.37080000000447,0,2,1.3953000000044704,2.2548000000044706,0,55,Male,1,36.0,37.0,13.32,51.0,10.0,5.1000000000000005,-15.0,27.0,8.219999999999999,6,0,10,0.6048666666659216,0.2333333333333333
15,Block,1,16,36,0,1,Left,2.8605,,,6,0,2.58330000000447,0,2,1.73510000000149,2.33629999999702,0,55,Male,1,75.0,31.0,23.25,96.0,14.0,13.44,-21.0,17.0,9.81,7,0,16,0.5694499999992549,0.2333333333333333
15,Block,1,8,37,1,0,Right,2.84029999999702,,,6,0,3.2881999999955296,0,2,2.52639999999851,8.8295,0,55,Male,1,48.0,35.0,16.799999999999997,61.0,19.0,11.59,-13.0,16.0,5.209999999999997,5,0,8,0.4519666666674117,0.2333333333333333
15,Block,1,18,42,0,1,Left,2.84460000000149,,,6,0,3.3523000000044703,0,2,2.5384000000059603,3.484,0,55,Male,1,50.0,89.0,44.5,66.0,67.0,44.220000000000006,-16.0,22.0,0.279999999999994,4,0,18,0.4412833333325883,0.2333333333333333
15,Block,1,12,43,1,0,Left,3.40689999999851,,,6,0,2.1201000000014902,0,2,1.4280999999940396,2.2215,0,55,Male,1,17.0,73.0,12.41,42.0,63.0,26.46,-25.0,10.0,-14.05,0,1,12,0.6466499999997516,0.2333333333333333
15,Block,1,3,46,1,0,Right,2.5791000000014903,,,6,0,3.1138999999985097,0,2,2.59779999999702,3.50229999999702,0,55,Male,1,78.0,38.0,29.64,90.0,15.0,13.5,-12.0,23.0,16.14,7,0,3,0.481016666666915,0.2333333333333333
15,Block,1,13,55,1,0,Right,3.8515,,,6,0,2.02529999999702,0,2,1.677,6.00370000000298,0,55,Male,1,35.0,92.0,32.2,41.0,81.0,33.21,-6.0,11.0,-1.009999999999998,3,0,13,0.6624500000004967,0.2333333333333333
15,Block,1,15,6,1,0,Right,3.6178999999985098,,,6,0,2.29479999999702,0,2,2.04529999999702,2.6203999999985097,0,55,Male,1,41.0,64.0,26.24,52.0,51.0,26.52,-11.0,13.0,-0.2799999999999976,3,0,15,0.61753333333383,0.2333333333333333
15,Block,1,4,60,1,0,Left,3.17139999999851,,,6,0,3.3809000000059606,0,1,2.801,4.33410000000149,0,55,Male,1,56.0,75.0,42.0,81.0,74.0,59.94,-25.0,1.0,-17.939999999999998,0,1,4,0.4365166666656732,0.2333333333333333
15,Block,1,1,7,0,1,Left,2.42130000000447,,,6,0,2.9792000000029804,0,2,3.42410000000149,6.336200000002981,0,55,Male,1,61.0,62.0,37.82,69.0,61.0,42.09,-8.0,1.0,-4.269999999999996,2,0,1,0.5034666666661699,0.2333333333333333
15,Block,2,28,12,0,1,Left,2.38560000000149,,,8,0,4.52930000000447,0,1,1.6075,2.9826999999955297,0,55,Male,1,72.0,98.0,70.56,73.0,77.0,56.21,-1.0,21.0,14.35,7,0,8,0.4338374999994412,0.2333333333333333
15,Block,2,34,13,0,1,Left,2.9728999999985097,,,8,0,4.74740000000596,0,2,2.19379999999702,3.20220000000298,0,55,Male,1,73.0,49.0,35.77,81.0,42.0,34.02,-8.0,7.0,1.75,4,0,14,0.4065749999992549,0.2333333333333333
15,Block,2,24,15,1,0,Right,3.77510000000149,,,8,0,3.96209999999404,0,2,2.14919999999553,2.94979999999702,0,55,Male,1,36.0,75.0,27.0,52.0,61.0,31.72,-16.0,14.0,-4.719999999999999,2,0,4,0.504737500000745,0.2333333333333333
15,Block,2,27,16,0,1,Left,2.4891999999955297,,,8,0,4.8818999999985095,0,2,3.07329999999702,5.10489999999851,0,55,Male,1,23.0,12.0,2.76,26.0,6.0,1.56,-3.0,6.0,1.1999999999999995,4,0,7,0.3897625000001863,0.2333333333333333
15,Block,2,36,17,1,0,Right,3.19979999999702,,,8,0,3.28410000000149,0,2,2.78329999999702,3.68859999999404,0,55,Male,1,31.0,38.0,11.78,46.0,29.0,13.34,-15.0,9.0,-1.5600000000000005,3,0,16,0.5894874999998138,0.2333333333333333
15,Block,2,35,2,0,1,Right,3.399699999995529,,,8,0,5.33130000000447,0,3,1.6758999999985098,3.70260000000149,0,55,Male,2,40.0,63.0,25.2,57.0,58.0,33.059999999999995,-17.0,5.0,-7.859999999999996,1,1,15,0.3335874999994412,0.2333333333333333
15,Block,2,30,21,1,0,Right,2.36460000000149,,,8,0,4.5891000000014905,0,2,2.1093000000044704,3.05270000000298,0,55,Male,1,26.0,59.0,15.34,36.0,33.0,11.88,-10.0,26.0,3.459999999999999,5,0,10,0.4263624999998137,0.2333333333333333
15,Block,2,39,22,0,1,Left,3.7295,,,8,0,3.42539999999851,0,3,1.1891999999955296,2.6283999999985097,0,55,Male,2,24.0,95.0,22.8,53.0,71.0,37.63,-29.0,24.0,-14.829999999999998,0,0,19,0.5718250000001863,0.2333333333333333
15,Block,2,25,32,1,0,Right,2.61189999999851,,,8,0,6.03430000000447,0,1,2.0398000000044703,3.0576000000014902,0,55,Male,1,59.0,31.0,18.29,60.0,1.0,0.6,-1.0,30.0,17.689999999999998,7,0,5,0.2457124999994412,0.2333333333333333
15,Block,2,22,33,1,0,Right,4.36410000000149,,,8,0,3.85510000000149,0,3,1.993,2.89679999999702,0,55,Male,2,57.0,51.0,29.07,62.0,48.0,29.76,-5.0,3.0,-0.6899999999999977,3,0,2,0.5181124999998137,0.2333333333333333
15,Block,2,38,4,1,0,Left,2.91379999999702,,,8,0,4.18980000000447,0,2,3.54760000000149,4.4765,0,55,Male,1,72.0,82.0,59.04,73.0,81.0,59.13,-1.0,1.0,-0.0900000000000034,3,1,18,0.4762749999994412,0.2333333333333333
15,Block,2,40,44,1,0,Right,4.03620000000298,,,8,0,3.06660000000149,0,3,2.2691000000014903,3.1085,0,55,Male,2,19.0,86.0,16.34,45.0,71.0,31.95,-26.0,15.0,-15.61,0,0,20,0.6166749999998138,0.2333333333333333
15,Block,2,23,47,0,1,Left,3.4952000000029804,,,8,0,3.5802000000029803,0,3,1.7195,2.442,0,55,Male,2,68.0,30.0,20.4,89.0,16.0,14.24,-21.0,14.0,6.159999999999998,6,0,3,0.5524749999996275,0.2333333333333333
15,Block,2,29,48,1,0,Right,2.39429999999702,,,8,0,4.9165,0,1,3.1006999999955296,3.98159999999404,0,55,Male,1,35.0,68.0,23.8,54.0,43.0,23.22,-19.0,25.0,0.5800000000000018,4,0,9,0.3854375,0.2333333333333333
15,Block,2,21,5,0,1,Left,3.91060000000149,,,8,0,3.1917000000029803,0,3,2.4175,3.2902000000029803,0,55,Male,2,72.0,33.0,23.76,98.0,5.0,4.9,-26.0,28.0,18.86,7,0,1,0.6010374999996275,0.2333333333333333
15,Block,2,31,51,1,0,Right,2.3275,,,8,0,5.4915,0,1,2.0633999999985098,2.9487000000029804,0,55,Male,1,41.0,94.0,38.54,48.0,70.0,33.599999999999994,-7.0,24.0,4.940000000000005,5,0,11,0.3135624999999999,0.2333333333333333
15,Block,2,33,56,1,0,Right,2.78070000000298,,,8,0,3.83689999999851,0,2,1.3275,1.9928000000044703,0,55,Male,1,62.0,34.0,21.08,86.0,15.0,12.9,-24.0,19.0,8.180000000000001,6,0,13,0.5203875000001863,0.2333333333333333
15,Block,2,32,57,0,1,Right,2.6951999999955296,,,8,0,3.013,0,2,1.3299000000059604,2.43320000000298,0,55,Male,1,59.0,94.0,55.46,86.0,89.0,76.54,-27.0,5.0,-21.080000000000013,0,1,12,0.623375,0.2333333333333333
15,Block,2,26,58,0,1,Right,3.38820000000298,,,8,0,4.3695,0,2,1.5778000000044703,2.44670000000298,0,55,Male,1,36.0,54.0,19.44,48.0,53.0,25.44,-12.0,1.0,-6.0,1,1,6,0.4538124999999999,0.2333333333333333
15,Block,2,37,59,0,1,Left,4.10270000000298,,,8,0,2.58789999999851,0,3,1.9381999999955293,2.97,0,55,Male,2,8.0,64.0,5.12,25.0,34.0,8.5,-17.0,30.0,-3.38,2,0,17,0.6765125000001863,0.2333333333333333
15,Block,3,53,11,0,1,Left,2.38189999999851,,,10,0,5.46789999999851,0,2,2.96179999999702,3.81860000000149,0,55,Male,1,72.0,85.0,61.2,86.0,66.0,56.760000000000005,-14.0,19.0,4.439999999999991,5,0,13,0.453210000000149,0.2333333333333333
15,Block,3,54,14,1,0,Right,3.9065,,,10,0,5.183,0,3,1.24789999999851,2.15560000000149,0,55,Male,2,33.0,61.0,20.13,51.0,44.0,22.44,-18.0,17.0,-2.3100000000000023,2,0,14,0.4817,0.2333333333333333
15,Block,3,41,20,0,1,Left,2.77479999999702,,,10,0,6.9435,0,3,2.17079999999702,3.09189999999851,0,55,Male,2,35.0,24.0,8.4,65.0,14.0,9.1,-30.0,10.0,-0.7000000000000011,3,0,1,0.30565,0.2333333333333333
15,Block,3,57,23,1,0,Right,3.03339999999851,,,10,0,5.77309999999404,0,2,1.4577999999970197,2.33019999999553,0,55,Male,1,52.0,36.0,18.72,63.0,27.0,17.01,-11.0,9.0,1.7099999999999973,4,0,17,0.422690000000596,0.2333333333333333
15,Block,3,55,26,0,1,Left,2.57579999999702,,,10,0,4.921400000005961,0,1,1.8301999999955296,2.9755,0,55,Male,1,95.0,74.0,70.3,97.0,49.0,47.53,-2.0,25.0,22.77,7,0,15,0.5078599999994039,0.2333333333333333
15,Block,3,49,27,0,1,Left,2.4991000000014902,,,10,0,6.34629999999702,0,2,2.40439999999851,3.15,0,55,Male,1,18.0,49.0,8.82,23.0,29.0,6.67,-5.0,20.0,2.1500000000000004,5,0,9,0.3653700000002979,0.2333333333333333
15,Block,3,56,29,0,1,Left,2.468,,,10,0,6.938800000004471,0,1,1.5485,2.2675,0,55,Male,1,64.0,32.0,20.48,69.0,4.0,2.76,-5.0,28.0,17.72,7,0,16,0.3061199999995529,0.2333333333333333
15,Block,3,47,30,0,1,Left,3.81860000000149,,,10,0,5.4988999999985095,0,2,2.28410000000149,2.983,0,55,Male,1,71.0,82.0,58.22,80.0,78.0,62.400000000000006,-9.0,4.0,-4.180000000000007,2,0,7,0.450110000000149,0.2333333333333333
15,Block,3,59,31,0,1,Right,2.51989999999851,,,10,0,6.5755,0,1,5.4386000000014905,6.38539999999851,0,55,Male,1,59.0,23.0,13.57,74.0,22.0,16.28,-15.0,1.0,-2.710000000000001,2,1,19,0.34245,0.2333333333333333
15,Block,3,60,38,1,0,Right,4.53860000000149,,,10,0,5.852200000002981,0,3,1.5368999999985098,4.273,0,55,Male,2,43.0,54.0,23.22,63.0,45.0,28.35,-20.0,9.0,-5.129999999999999,1,0,20,0.4147799999997019,0.2333333333333333
15,Block,3,46,40,1,0,Left,3.9128999999985097,,,10,0,6.1072000000029805,0,2,2.11929999999702,2.89029999999702,0,55,Male,1,30.0,41.0,12.3,60.0,35.0,21.0,-30.0,6.0,-8.700000000000001,1,1,6,0.389279999999702,0.2333333333333333
15,Block,3,44,41,1,0,Right,2.594,,,10,0,5.60679999999702,0,2,2.08089999999851,2.69910000000149,0,55,Male,1,35.0,40.0,14.0,48.0,10.0,4.800000000000001,-13.0,30.0,9.2,6,0,4,0.439320000000298,0.2333333333333333
15,Block,3,45,45,0,1,Right,2.7507000000029804,,,10,0,5.626699999995529,0,1,3.2953000000044703,4.11790000000596,0,55,Male,1,52.0,92.0,47.84,72.0,91.0,65.52,-20.0,1.0,-17.679999999999993,0,1,5,0.4373300000004471,0.2333333333333333
15,Block,3,58,49,1,0,Left,3.13460000000149,,,10,0,5.993400000005961,0,2,3.3885,4.97490000000596,0,55,Male,1,69.0,87.0,60.03,99.0,86.0,85.14,-30.0,1.0,-25.11,0,1,18,0.4006599999994039,0.2333333333333333
15,Block,3,48,52,1,0,Right,2.90939999999851,,,10,0,4.944099999994039,0,1,1.75879999999702,2.5106999999955297,0,55,Male,1,62.0,92.0,57.04,83.0,62.0,51.46,-21.0,30.0,5.579999999999998,5,0,8,0.5055900000005961,0.2333333333333333
15,Block,3,43,53,0,1,Left,3.86689999999851,,,10,0,5.777300000004471,0,3,2.01360000000149,3.358,0,55,Male,2,69.0,28.0,19.32,81.0,23.0,18.630000000000003,-12.0,5.0,0.6899999999999977,4,0,3,0.4222699999995528,0.2333333333333333
15,Block,3,52,54,1,0,Right,3.6281999999955294,,,10,0,6.92139999999851,0,3,1.4935,2.99060000000149,0,55,Male,2,47.0,37.0,17.39,77.0,23.0,17.71,-30.0,14.0,-0.3200000000000003,3,0,12,0.307860000000149,0.2333333333333333
15,Block,3,51,8,1,0,Right,2.60779999999702,,,10,0,6.15909999999404,0,1,2.3835,3.1849000000059604,0,55,Male,1,65.0,49.0,31.85,71.0,33.0,23.43,-6.0,16.0,8.419999999999998,6,0,11,0.384090000000596,0.2333333333333333
15,Block,3,50,9,1,0,Right,2.85489999999851,,,10,0,5.47820000000298,0,2,1.68639999999851,2.56229999999702,0,55,Male,1,39.0,66.0,25.74,40.0,50.0,20.0,-1.0,16.0,5.740000000000002,6,0,10,0.452179999999702,0.2333333333333333
16,Block,1,20,1,0,1,Left,3.701399999976158,,,6,0,4.3915,0,3,2.416099999964237,3.2427999999523163,0,46,Male,2,18.0,44.0,7.92,40.0,39.0,15.6,-22.0,5.0,-7.6800000000000015,1,0,20,0.2680833333333334,0.3666666666666666
16,Block,1,10,18,0,1,Left,2.897899999976158,,,6,0,4.868399999976158,0,1,2.3218000000119208,5.253,0,46,Male,1,73.0,32.0,23.36,82.0,2.0,1.64,-9.0,30.0,21.72,7,0,10,0.1886000000039736,0.3666666666666666
16,Block,1,5,19,1,0,Right,3.801,,,6,0,4.617800000011921,0,1,2.4485,4.401199999988079,0,46,Male,1,24.0,74.0,17.759999999999998,25.0,64.0,16.0,-1.0,10.0,1.759999999999998,5,0,5,0.2303666666646798,0.3666666666666666
16,Block,1,18,24,1,0,Left,2.8469000000357627,,,6,0,4.3675,0,2,3.436399999976158,5.003699999988079,0,46,Male,1,7.0,96.0,6.72,37.0,66.0,24.42,-30.0,30.0,-17.700000000000003,0,1,18,0.2720833333333334,0.3666666666666666
16,Block,1,11,25,1,0,Right,3.227,,,6,0,3.6116999999880792,0,1,2.917200000047684,5.266,0,46,Male,1,52.0,96.0,49.92,55.0,83.0,45.65,-3.0,13.0,4.270000000000003,5,0,11,0.3980500000019868,0.3666666666666666
16,Block,1,8,28,0,1,Left,3.416799999952316,,,6,0,4.124400000035763,0,2,2.219899999976158,5.295800000011921,0,46,Male,1,11.0,72.0,7.92,33.0,45.0,14.85,-22.0,27.0,-6.93,1,0,8,0.3125999999940395,0.3666666666666666
16,Block,1,16,3,1,0,Right,4.318399999976158,,,6,0,4.227600000023842,0,2,2.663,3.6335,0,46,Male,1,76.0,72.0,54.72,99.0,48.0,47.52,-23.0,24.0,7.200000000000003,6,0,16,0.2953999999960263,0.3666666666666666
16,Block,1,6,34,0,1,Left,3.8855,,,6,0,5.0425,0,2,3.1385,4.239099999964237,0,46,Male,1,27.0,60.0,16.2,36.0,41.0,14.76,-9.0,19.0,1.4399999999999995,4,0,6,0.1595833333333332,0.3666666666666666
16,Block,1,7,35,1,0,Right,3.3420999999642373,,,6,0,3.948699999988079,0,1,3.709199999988079,5.0835,0,46,Male,1,36.0,37.0,13.32,51.0,10.0,5.1000000000000005,-15.0,27.0,8.219999999999999,6,0,7,0.3418833333353201,0.3666666666666666
16,Block,1,3,36,1,0,Right,3.4374000000357627,,,6,0,4.405900000035762,0,2,2.8123000000119207,4.016899999976158,0,46,Male,1,75.0,31.0,23.25,96.0,14.0,13.44,-21.0,17.0,9.81,7,0,3,0.2656833333273729,0.3666666666666666
16,Block,1,4,37,0,1,Left,4.095399999976158,,,6,0,4.104,0,2,4.234699999988079,6.293,0,46,Male,1,48.0,35.0,16.799999999999997,61.0,19.0,11.59,-13.0,16.0,5.209999999999997,5,0,4,0.316,0.3666666666666666
16,Block,1,12,39,1,0,Right,4.9935,,,6,0,3.934699999988079,0,2,3.346699999988079,5.283699999988079,0,46,Male,1,36.0,68.0,24.48,55.0,48.0,26.4,-19.0,20.0,-1.9199999999999984,2,0,12,0.3442166666686534,0.3666666666666666
16,Block,1,9,42,0,1,Left,3.194100000023842,,,6,0,4.061399999976159,0,1,3.2087000000476835,4.374400000035763,0,46,Male,1,50.0,89.0,44.5,66.0,67.0,44.220000000000006,-16.0,22.0,0.279999999999994,4,0,9,0.3231000000039734,0.3666666666666666
16,Block,1,19,43,1,0,Left,2.7977999999523164,,,6,0,3.423599999964237,0,1,2.3836000000238418,3.3894000000357627,0,46,Male,1,17.0,73.0,12.41,42.0,63.0,26.46,-25.0,10.0,-14.05,0,1,19,0.4294000000059605,0.3666666666666666
16,Block,1,13,46,0,1,Left,3.6826000000238417,,,6,0,4.771100000023842,0,2,2.703,4.6189000000357625,0,46,Male,1,78.0,38.0,29.64,90.0,15.0,13.5,-12.0,23.0,16.14,7,0,13,0.204816666662693,0.3666666666666666
16,Block,1,2,50,1,0,Left,4.131399999976158,,,6,0,2.949699999988079,0,3,3.654300000011921,4.604200000047684,0,46,Male,2,2.0,34.0,0.68,29.0,13.0,3.77,-27.0,21.0,-3.09,2,1,2,0.5083833333353202,0.3666666666666666
16,Block,1,15,55,0,1,Right,4.802900000035763,,,6,0,3.866,0,1,3.019,4.07,0,46,Male,1,35.0,92.0,32.2,41.0,81.0,33.21,-6.0,11.0,-1.009999999999998,3,1,15,0.3556666666666666,0.3666666666666666
16,Block,1,1,6,0,1,Right,4.508300000011921,,,6,0,3.593300000011921,0,3,5.551100000023842,6.789300000011921,0,46,Male,2,41.0,64.0,26.24,52.0,51.0,26.52,-11.0,13.0,-0.2799999999999976,3,1,1,0.4011166666646799,0.3666666666666666
16,Block,1,17,7,0,1,,4.318399999976158,,,6,0,4.567300000011921,1,3,4.829399999976158,5.869699999988079,0,46,Male,2,61.0,62.0,37.82,69.0,61.0,42.09,-8.0,1.0,-4.269999999999996,2,1,17,0.2387833333313465,0.3666666666666666
16,Block,2,29,12,1,0,Right,2.882,,,8,0,4.824199999988079,0,1,2.760899999976158,3.752300000011921,0,46,Male,1,72.0,98.0,70.56,73.0,77.0,56.21,-1.0,21.0,14.35,7,0,9,0.3969750000014901,0.3666666666666666
16,Block,2,31,13,1,0,Right,3.4085999999642373,,,8,0,4.946199999988079,0,2,2.201,3.280800000011921,0,46,Male,1,73.0,49.0,35.77,81.0,42.0,34.02,-8.0,7.0,1.75,4,0,11,0.3817250000014901,0.3666666666666666
16,Block,2,36,15,1,0,Left,3.521199999988079,,,8,0,5.296400000035763,0,1,3.0310999999642374,4.338800000011921,0,46,Male,1,36.0,75.0,27.0,52.0,61.0,31.72,-16.0,14.0,-4.719999999999999,2,1,16,0.3379499999955296,0.3666666666666666
16,Block,2,23,16,0,1,Right,3.9355,,,8,0,3.248300000011921,0,3,2.0185,4.062800000011921,0,46,Male,2,23.0,12.0,2.76,26.0,6.0,1.56,-3.0,6.0,1.1999999999999995,4,1,3,0.5939624999985098,0.3666666666666666
16,Block,2,34,17,1,0,Right,3.658399999976158,,,8,0,4.672,0,2,5.135700000047684,6.742800000011921,0,46,Male,1,31.0,38.0,11.78,46.0,29.0,13.34,-15.0,9.0,-1.5600000000000005,3,0,14,0.416,0.3666666666666666
16,Block,2,24,2,1,0,Left,3.409599999964237,,,8,0,4.500600000023842,0,2,2.1927999999523164,3.0200999999642373,0,46,Male,1,40.0,63.0,25.2,57.0,58.0,33.059999999999995,-17.0,5.0,-7.859999999999996,1,1,4,0.4374249999970198,0.3666666666666666
16,Block,2,28,21,0,1,Left,3.510900000035763,,,8,0,5.212899999976158,0,2,4.7518000000119205,5.885300000011921,0,46,Male,1,26.0,59.0,15.34,36.0,33.0,11.88,-10.0,26.0,3.459999999999999,5,0,8,0.3483875000029802,0.3666666666666666
16,Block,2,35,22,0,1,Right,3.355100000023842,,,8,0,4.952599999964237,0,2,2.6712999999523164,4.202899999976158,0,46,Male,1,24.0,95.0,22.8,53.0,71.0,37.63,-29.0,24.0,-14.829999999999998,0,1,15,0.3809250000044704,0.3666666666666666
16,Block,2,39,32,0,1,Left,2.8710999999642373,,,8,0,5.6785,0,2,2.499700000047684,3.832100000023842,0,46,Male,1,59.0,31.0,18.29,60.0,1.0,0.6,-1.0,30.0,17.689999999999998,7,0,19,0.2901875,0.3666666666666666
16,Block,2,33,33,1,0,Left,4.856899999976158,,,8,0,5.525099999964238,0,3,2.60119999998808,4.4248000000119205,0,46,Male,2,57.0,51.0,29.07,62.0,48.0,29.76,-5.0,3.0,-0.6899999999999977,3,1,13,0.3093625000044703,0.3666666666666666
16,Block,2,21,4,0,1,Left,2.853200000047684,,,8,0,6.7715,0,1,3.594399999976158,5.557600000023842,0,46,Male,1,72.0,82.0,59.04,73.0,81.0,59.13,-1.0,1.0,-0.0900000000000034,3,0,1,0.1535625,0.3666666666666666
16,Block,2,40,44,0,1,Right,3.336899999976158,,,8,0,6.3245,0,2,2.673300000011921,4.958599999964237,0,46,Male,1,19.0,86.0,16.34,45.0,71.0,31.95,-26.0,15.0,-15.61,0,1,20,0.2094375,0.3666666666666666
16,Block,2,26,47,0,1,Left,3.616599999964237,,,8,0,5.489900000035763,0,2,1.8670999999642373,2.619800000011921,0,46,Male,1,68.0,30.0,20.4,89.0,16.0,14.24,-21.0,14.0,6.159999999999998,6,0,6,0.3137624999955296,0.3666666666666666
16,Block,2,25,48,1,0,Right,4.030300000011921,,,8,0,4.463900000035763,0,2,2.345099999964237,4.246399999976158,0,46,Male,1,35.0,68.0,23.8,54.0,43.0,23.22,-19.0,25.0,0.5800000000000018,4,0,5,0.4420124999955296,0.3666666666666666
16,Block,2,37,5,1,0,Right,3.170800000011921,,,8,0,5.179899999976159,0,2,2.348199999988079,3.328199999988079,0,46,Male,1,72.0,33.0,23.76,98.0,5.0,4.9,-26.0,28.0,18.86,7,0,17,0.3525125000029802,0.3666666666666666
16,Block,2,22,51,0,1,Left,3.646900000035763,,,8,0,4.833,0,2,3.492,4.832300000011921,0,46,Male,1,41.0,94.0,38.54,48.0,70.0,33.599999999999994,-7.0,24.0,4.940000000000005,5,0,2,0.395875,0.3666666666666666
16,Block,2,32,56,1,0,Right,2.7746000000238418,,,8,0,4.390100000023842,0,2,2.006899999976158,4.572799999952316,0,46,Male,1,62.0,34.0,21.08,86.0,15.0,12.9,-24.0,19.0,8.180000000000001,6,0,12,0.4512374999970198,0.3666666666666666
16,Block,2,27,57,0,1,Right,4.760299999952316,,,8,0,4.375,0,1,2.148,4.132300000011921,0,46,Male,1,59.0,94.0,55.46,86.0,89.0,76.54,-27.0,5.0,-21.080000000000013,0,1,7,0.453125,0.3666666666666666
16,Block,2,38,58,0,1,Right,3.914300000011921,,,8,0,5.224,0,2,2.999,4.4907999999523165,0,46,Male,1,36.0,54.0,19.44,48.0,53.0,25.44,-12.0,1.0,-6.0,1,1,18,0.347,0.3666666666666666
16,Block,2,30,59,0,1,Right,2.864200000047684,,,8,0,5.47,0,1,2.256,3.2215,0,46,Male,1,8.0,64.0,5.12,25.0,34.0,8.5,-17.0,30.0,-3.38,2,1,10,0.31625,0.3666666666666666
16,Block,3,52,10,1,0,Left,3.102900000035763,,,10,0,6.373600000023842,0,2,2.671700000047684,3.795,0,46,Male,1,5.0,55.0,2.75,35.0,36.0,12.6,-30.0,19.0,-9.85,1,1,12,0.3626399999976158,0.3666666666666666
16,Block,3,43,11,0,1,Left,3.240899999976158,,,10,0,5.644,0,1,2.4705,3.3741000000238417,0,46,Male,1,72.0,85.0,61.2,86.0,66.0,56.760000000000005,-14.0,19.0,4.439999999999991,5,0,3,0.4356,0.3666666666666666
16,Block,3,44,14,0,1,Left,3.334599999964237,,,10,0,7.717,0,2,2.357,3.829699999988079,0,46,Male,1,33.0,61.0,20.13,51.0,44.0,22.44,-18.0,17.0,-2.3100000000000023,2,0,4,0.2283,0.3666666666666666
16,Block,3,60,20,1,0,Right,2.4064000000357626,,,10,0,5.499699999988079,0,3,3.200899999976158,4.642,0,46,Male,2,35.0,24.0,8.4,65.0,14.0,9.1,-30.0,10.0,-0.7000000000000011,3,0,20,0.4500300000011921,0.3666666666666666
16,Block,3,58,23,1,0,Right,2.545799999952316,,,10,0,6.790199999988079,0,2,2.149,3.397099999964237,0,46,Male,1,52.0,36.0,18.72,63.0,27.0,17.01,-11.0,9.0,1.7099999999999973,4,0,18,0.3209800000011921,0.3666666666666666
16,Block,3,41,26,0,1,Left,3.057,,,10,0,8.559099999964237,0,2,2.4005,3.5751000000238418,0,46,Male,1,95.0,74.0,70.3,97.0,49.0,47.53,-2.0,25.0,22.77,7,0,1,0.1440900000035762,0.3666666666666666
16,Block,3,46,27,1,0,Right,5.3185,,,10,0,5.105100000023842,0,2,2.184300000011921,3.4375,0,46,Male,1,18.0,49.0,8.82,23.0,29.0,6.67,-5.0,20.0,2.1500000000000004,5,0,6,0.4894899999976158,0.3666666666666666
16,Block,3,53,29,0,1,Left,3.672099999964237,,,10,0,8.861100000023843,0,2,3.539,4.7515,0,46,Male,1,64.0,32.0,20.48,69.0,4.0,2.76,-5.0,28.0,17.72,7,0,13,0.1138899999976157,0.3666666666666666
16,Block,3,48,30,1,0,Left,2.6908999999761583,,,10,0,9.24889999997616,0,2,1.9870999999642367,2.998300000011921,0,46,Male,1,71.0,82.0,58.22,80.0,78.0,62.400000000000006,-9.0,4.0,-4.180000000000007,2,1,8,0.0751100000023839,0.3666666666666666
16,Block,3,57,31,1,0,Left,2.5538999999761582,,,10,0,7.777,0,2,1.6351000000238418,2.7659000000357628,0,46,Male,1,59.0,23.0,13.57,74.0,22.0,16.28,-15.0,1.0,-2.710000000000001,2,1,17,0.2223,0.3666666666666666
16,Block,3,51,38,1,0,Right,2.871100000023842,,,10,0,7.217399999976158,0,2,2.060699999988079,4.4785,0,46,Male,1,43.0,54.0,23.22,63.0,45.0,28.35,-20.0,9.0,-5.129999999999999,1,0,11,0.2782600000023841,0.3666666666666666
16,Block,3,49,40,1,0,Right,2.753599999964237,,,10,0,6.991800000011921,0,3,2.6528000000119207,4.797199999988079,0,46,Male,2,30.0,41.0,12.3,60.0,35.0,21.0,-30.0,6.0,-8.700000000000001,1,0,9,0.3008199999988079,0.3666666666666666
16,Block,3,50,41,0,1,Left,2.9953999999761582,,,10,0,8.185199999988079,0,2,2.0246000000238418,3.3389000000357627,0,46,Male,1,35.0,40.0,14.0,48.0,10.0,4.800000000000001,-13.0,30.0,9.2,6,0,10,0.1814800000011921,0.3666666666666666
16,Block,3,47,45,1,0,Left,2.862700000047684,,,10,0,7.493,0,1,3.945,5.001300000011921,0,46,Male,1,52.0,92.0,47.84,72.0,91.0,65.52,-20.0,1.0,-17.679999999999993,0,1,7,0.2507,0.3666666666666666
16,Block,3,55,49,1,0,Left,2.957399999976158,,,10,0,6.505899999976158,0,2,2.967899999976158,5.090699999988079,0,46,Male,1,69.0,87.0,60.03,99.0,86.0,85.14,-30.0,1.0,-25.11,0,1,15,0.3494100000023842,0.3666666666666666
16,Block,3,42,52,1,0,Right,3.949700000047684,,,10,0,6.552,0,2,2.691100000023842,3.942600000023842,0,46,Male,1,62.0,92.0,57.04,83.0,62.0,51.46,-21.0,30.0,5.579999999999998,5,0,2,0.3448,0.3666666666666666
16,Block,3,59,53,1,0,Left,2.921399999976158,,,10,0,5.837699999988079,0,2,1.8945,3.073699999988079,0,46,Male,1,69.0,28.0,19.32,81.0,23.0,18.630000000000003,-12.0,5.0,0.6899999999999977,4,1,19,0.4162300000011921,0.3666666666666666
16,Block,3,54,54,1,0,Right,3.311399999976158,,,10,0,8.95319999998808,0,2,1.827699999988079,5.019800000011921,0,46,Male,1,47.0,37.0,17.39,77.0,23.0,17.71,-30.0,14.0,-0.3200000000000003,3,0,14,0.104680000001192,0.3666666666666666
16,Block,3,45,8,1,0,Right,2.552100000023842,,,10,0,5.381800000011921,0,2,2.1085,3.6971000000238416,0,46,Male,1,65.0,49.0,31.85,71.0,33.0,23.43,-6.0,16.0,8.419999999999998,6,0,5,0.4618199999988078,0.3666666666666666
16,Block,3,56,9,0,1,Left,2.5816000000238417,,,10,0,10.1325,0,1,3.276399999976158,4.4415,0,46,Male,1,39.0,66.0,25.74,40.0,50.0,20.0,-1.0,16.0,5.740000000000002,6,0,16,0.01325,0.3666666666666666
17,Block,3,55,1,0,1,Right,2.1547999999998138,,,6,0,6.3995,0,1,0.9166000000000932,1.4647999999998138,0,58,Male,1,18.0,44.0,7.92,40.0,39.0,15.6,-22.0,5.0,-7.6800000000000015,1,1,15,0.0665833333333332,0.4
17,Block,3,57,18,0,1,Left,1.4018999999999069,,,6,0,7.413200000000186,0,1,0.7122000000001862,1.5742999999998135,0,58,Male,1,73.0,32.0,23.36,82.0,2.0,1.64,-9.0,30.0,21.72,7,0,17,0.2355333333333643,0.4
17,Block,3,41,19,1,0,Right,2.6663000000002794,,,6,0,6.073399999999907,0,1,1.2181000000000932,1.8065,0,58,Male,1,24.0,74.0,17.759999999999998,25.0,64.0,16.0,-1.0,10.0,1.759999999999998,5,0,1,0.0122333333333178,0.4
17,Block,3,42,24,0,1,Right,1.6895,,,6,0,7.021399999999907,0,1,1.0113000000002794,1.664,0,58,Male,1,7.0,96.0,6.72,37.0,66.0,24.42,-30.0,30.0,-17.700000000000003,0,1,2,0.1702333333333177,0.4
17,Block,3,43,25,1,0,Right,1.9945,,,6,0,6.29880000000028,0,1,0.9667000000001864,1.571,0,58,Male,1,52.0,96.0,49.92,55.0,83.0,45.65,-3.0,13.0,4.270000000000003,5,0,3,0.0498000000000466,0.4
17,Block,3,47,28,1,0,Left,1.8503999999999068,,,6,0,5.5105,0,3,0.8136999999997206,1.4902999999998137,0,58,Male,2,11.0,72.0,7.92,33.0,45.0,14.85,-22.0,27.0,-6.93,1,1,7,0.0815833333333332,0.4
17,Block,3,54,34,0,1,Left,1.7538000000002794,,,6,0,7.939,0,1,2.4265999999996275,3.266799999999814,0,58,Male,1,27.0,60.0,16.2,36.0,41.0,14.76,-9.0,19.0,1.4399999999999995,4,0,14,0.3231666666666666,0.4
17,Block,3,60,35,0,1,Left,2.283399999999907,,,6,0,8.649599999999628,0,1,1.1287000000001863,1.7847000000001862,0,58,Male,1,36.0,37.0,13.32,51.0,10.0,5.1000000000000005,-15.0,27.0,8.219999999999999,6,0,20,0.441599999999938,0.4
17,Block,3,45,36,0,1,Left,1.5936000000000932,,,6,0,6.434,0,1,0.9101000000000932,1.4582999999998136,0,58,Male,1,75.0,31.0,23.25,96.0,14.0,13.44,-21.0,17.0,9.81,7,0,5,0.0723333333333333,0.4
17,Block,3,56,37,1,0,Right,2.0741000000000933,,,6,0,8.435300000000279,0,1,0.8093000000002794,1.7455,0,58,Male,1,48.0,35.0,16.799999999999997,61.0,19.0,11.59,-13.0,16.0,5.209999999999997,5,0,16,0.4058833333333798,0.4
17,Block,3,48,39,1,0,Right,2.266600000000093,,,6,0,6.594799999999814,0,1,1.2083000000002797,1.8762000000001864,0,58,Male,1,36.0,68.0,24.48,55.0,48.0,26.4,-19.0,20.0,-1.9199999999999984,2,0,8,0.0991333333333022,0.4
17,Block,3,51,42,0,1,Right,2.1391000000000933,,,6,0,6.817600000000093,0,1,0.7497999999998137,1.354,0,58,Male,1,50.0,89.0,44.5,66.0,67.0,44.220000000000006,-16.0,22.0,0.279999999999994,4,1,11,0.1362666666666821,0.4
17,Block,3,50,43,0,1,Right,1.8181999999997207,,,6,0,6.902299999999814,0,2,1.0897999999998138,1.7441000000000932,0,58,Male,1,17.0,73.0,12.41,42.0,63.0,26.46,-25.0,10.0,-14.05,0,1,10,0.1503833333333023,0.4
17,Block,3,46,46,1,0,Right,1.3856000000000932,,,6,0,7.468,0,1,0.7446000000000932,1.397100000000093,0,58,Male,1,78.0,38.0,29.64,90.0,15.0,13.5,-12.0,23.0,16.14,7,0,6,0.2446666666666666,0.4
17,Block,3,53,50,0,1,Right,2.3457000000001864,,,6,0,5.634299999999814,0,2,1.5861999999997205,2.1906999999997208,0,58,Male,1,2.0,34.0,0.68,29.0,13.0,3.77,-27.0,21.0,-3.09,2,1,13,0.060950000000031,0.4
17,Block,3,44,55,0,1,Left,1.8671000000000928,,,6,0,5.142399999999907,0,1,0.9727000000001864,1.5652000000001862,0,58,Male,1,35.0,92.0,32.2,41.0,81.0,33.21,-6.0,11.0,-1.009999999999998,3,0,4,0.1429333333333488,0.4
17,Block,3,58,6,1,0,Left,1.8818999999999069,,,6,0,8.583799999999814,0,1,0.7793999999999068,1.407899999999907,0,58,Male,1,41.0,64.0,26.24,52.0,51.0,26.52,-11.0,13.0,-0.2799999999999976,3,1,18,0.4306333333333023,0.4
17,Block,3,52,60,0,1,Right,1.7705,,,6,0,8.107299999999814,0,1,0.8213999999999069,1.4018999999999069,0,58,Male,1,56.0,75.0,42.0,81.0,74.0,59.94,-25.0,1.0,-17.939999999999998,0,1,12,0.3512166666666356,0.4
17,Block,3,49,7,1,0,Left,1.994,,,6,0,5.517200000000186,0,1,0.8842000000001863,1.528100000000093,0,58,Male,1,61.0,62.0,37.82,69.0,61.0,42.09,-8.0,1.0,-4.269999999999996,2,1,9,0.0804666666666356,0.4
17,Block,2,24,12,0,1,Left,1.7713999999999068,,,8,0,7.39040000000014,0,1,1.829,2.6588000000000465,0,58,Male,1,72.0,98.0,70.56,73.0,77.0,56.21,-1.0,21.0,14.35,7,0,4,0.0761999999999825,0.4
17,Block,2,30,13,0,1,Left,0.2183999999999068,,,8,0,7.123,0,3,1.2876000000000931,1.9621000000000928,0,58,Male,2,73.0,49.0,35.77,81.0,42.0,34.02,-8.0,7.0,1.75,4,0,10,0.1096249999999999,0.4
17,Block,2,33,15,0,1,Left,2.8425,,,8,0,7.2735,0,1,1.0310999999998602,1.6455999999998605,0,58,Male,1,36.0,75.0,27.0,52.0,61.0,31.72,-16.0,14.0,-4.719999999999999,2,0,13,0.0908124999999999,0.4
17,Block,2,31,16,0,1,Left,1.8506999999999527,,,8,0,8.630899999999906,0,5,3.3895,4.305699999999954,0,58,Male,3,23.0,12.0,2.76,26.0,6.0,1.56,-3.0,6.0,1.1999999999999995,4,0,11,0.0788624999999882,0.4
17,Block,2,27,17,0,1,Left,1.3860999999998602,,,8,0,9.458,0,1,0.6458999999999069,1.258100000000093,0,58,Male,1,31.0,38.0,11.78,46.0,29.0,13.34,-15.0,9.0,-1.5600000000000005,3,0,7,0.18225,0.4
17,Block,2,28,2,0,1,Right,1.9151999999999527,,,8,0,7.207600000000093,0,1,1.312899999999907,1.9091999999999527,0,58,Male,1,40.0,63.0,25.2,57.0,58.0,33.059999999999995,-17.0,5.0,-7.859999999999996,1,1,8,0.0990499999999884,0.4
17,Block,2,22,21,1,0,Right,1.1621000000000932,,,8,0,8.232899999999907,0,1,2.075899999999907,2.9378000000000464,0,58,Male,1,26.0,59.0,15.34,36.0,33.0,11.88,-10.0,26.0,3.459999999999999,5,0,2,0.0291124999999883,0.4
17,Block,2,34,22,0,1,Right,2.0578000000000465,,,8,0,10.601300000000046,0,2,0.7988000000000466,1.5251000000000932,0,58,Male,1,24.0,95.0,22.8,53.0,71.0,37.63,-29.0,24.0,-14.829999999999998,0,1,14,0.3251625000000058,0.4
17,Block,2,36,32,1,0,Right,1.3218999999999068,,,8,0,8.260799999999813,0,1,0.8016999999999534,1.5595999999998602,0,58,Male,1,59.0,31.0,18.29,60.0,1.0,0.6,-1.0,30.0,17.689999999999998,7,0,16,0.0325999999999766,0.4
17,Block,2,23,33,0,1,Right,1.4026999999999534,,,8,0,11.620800000000049,0,1,0.9056999999999534,1.5516000000000931,0,58,Male,1,57.0,51.0,29.07,62.0,48.0,29.76,-5.0,3.0,-0.6899999999999977,3,1,3,0.4526000000000061,0.4
17,Block,2,32,4,0,1,Right,1.96259999999986,,,8,0,9.31840000000014,0,1,0.6813999999999069,1.3578999999999068,0,58,Male,1,72.0,82.0,59.04,73.0,81.0,59.13,-1.0,1.0,-0.0900000000000034,3,1,12,0.1648000000000176,0.4
17,Block,2,39,44,1,0,Left,1.6735,,,8,0,9.481300000000047,0,1,5.665299999999814,6.487299999999814,0,58,Male,1,19.0,86.0,16.34,45.0,71.0,31.95,-26.0,15.0,-15.61,0,1,19,0.1851625000000059,0.4
17,Block,2,37,47,0,1,Left,2.154,,,8,0,11.157699999999954,0,1,6.2565,6.932,0,58,Male,1,68.0,30.0,20.4,89.0,16.0,14.24,-21.0,14.0,6.159999999999998,6,0,17,0.3947124999999942,0.4
17,Block,2,21,48,1,0,Right,1.3700999999998602,,,8,0,10.72540000000014,0,1,1.1668999999999068,1.861,0,58,Male,1,35.0,68.0,23.8,54.0,43.0,23.22,-19.0,25.0,0.5800000000000018,4,0,1,0.3406750000000176,0.4
17,Block,2,29,5,1,0,Right,1.322,,,8,0,7.1150999999998605,0,1,2.0541000000000933,3.608300000000048,0,58,Male,1,72.0,33.0,23.76,98.0,5.0,4.9,-26.0,28.0,18.86,7,0,9,0.1106125000000174,0.4
17,Block,2,26,51,0,1,Left,1.4828000000000463,,,8,0,9.192800000000046,0,1,1.6763999999999069,2.2728999999999067,0,58,Male,1,41.0,94.0,38.54,48.0,70.0,33.599999999999994,-7.0,24.0,4.940000000000005,5,0,6,0.1491000000000057,0.4
17,Block,2,25,56,1,0,Right,2.8100999999998604,,,8,0,7.42,0,1,0.9345,2.2647999999998136,0,58,Male,1,62.0,34.0,21.08,86.0,15.0,12.9,-24.0,19.0,8.180000000000001,6,0,5,0.0725,0.4
17,Block,2,35,58,0,1,Right,2.0741999999999536,,,8,0,7.253100000000093,0,1,1.0606999999999531,1.5845,0,58,Male,1,36.0,54.0,19.44,48.0,53.0,25.44,-12.0,1.0,-6.0,1,1,15,0.0933624999999883,0.4
17,Block,2,38,59,0,1,Right,2.9393000000000464,,,8,0,6.40709999999986,0,2,11.514100000000091,12.1605,0,58,Male,1,8.0,64.0,5.12,25.0,34.0,8.5,-17.0,30.0,-3.38,2,1,18,0.1991125000000174,0.4
17,Block,1,10,10,1,0,Left,2.04220000000007,,,10,0,7.013900000000024,0,1,0.8329000000000233,1.5810999999999766,0,58,Male,1,5.0,55.0,2.75,35.0,36.0,12.6,-30.0,19.0,-9.85,1,1,10,0.2986099999999976,0.4
17,Block,1,14,11,1,0,Right,1.4340999999998605,,,10,0,8.830600000000093,0,1,1.3448000000000466,1.9488999999999068,0,58,Male,1,72.0,85.0,61.2,86.0,66.0,56.760000000000005,-14.0,19.0,4.439999999999991,5,0,14,0.1169399999999907,0.4
17,Block,1,12,14,1,0,Right,2.426599999999977,,,10,0,7.001400000000023,0,1,1.121,1.749,0,58,Male,1,33.0,61.0,20.13,51.0,44.0,22.44,-18.0,17.0,-2.3100000000000023,2,0,12,0.2998599999999977,0.4
17,Block,1,11,20,0,1,Left,1.43370000000007,,,10,0,7.828599999999977,0,1,1.2195,1.8235,0,58,Male,1,35.0,24.0,8.4,65.0,14.0,9.1,-30.0,10.0,-0.7000000000000011,3,0,11,0.2171400000000023,0.4
17,Block,1,1,23,0,1,Left,0.9705999999999768,,,10,0,5.316400000000023,0,1,2.134099999999977,2.770400000000023,0,58,Male,1,52.0,36.0,18.72,63.0,27.0,17.01,-11.0,9.0,1.7099999999999973,4,0,1,0.4683599999999977,0.4
17,Block,1,6,26,1,0,Right,1.2118000000000466,,,10,0,6.2945,0,1,0.799,1.4908999999999069,0,58,Male,1,95.0,74.0,70.3,97.0,49.0,47.53,-2.0,25.0,22.77,7,0,6,0.37055,0.4
17,Block,1,9,27,1,0,Right,1.7535999999999767,,,10,0,6.0765,0,1,1.141099999999977,1.6414000000000233,0,58,Male,1,18.0,49.0,8.82,23.0,29.0,6.67,-5.0,20.0,2.1500000000000004,5,0,9,0.39235,0.4
17,Block,1,15,29,0,1,Left,1.546399999999907,,,10,0,8.74490000000014,0,1,2.1355,2.92590000000014,0,58,Male,1,64.0,32.0,20.48,69.0,4.0,2.76,-5.0,28.0,17.72,7,0,15,0.125509999999986,0.4
17,Block,1,13,30,1,0,Right,2.1870999999999765,,,10,0,9.626699999999952,0,1,1.83429999999993,2.51079999999993,0,58,Male,1,71.0,82.0,58.22,80.0,78.0,62.400000000000006,-9.0,4.0,-4.180000000000007,2,0,13,0.0373300000000048,0.4
17,Block,1,8,31,0,1,Right,1.7869000000000232,,,10,0,7.545799999999931,0,1,1.8560999999999768,2.5987000000000697,0,58,Male,1,59.0,23.0,13.57,74.0,22.0,16.28,-15.0,1.0,-2.710000000000001,2,1,8,0.2454200000000069,0.4
17,Block,1,5,38,1,0,Left,2.47429999999993,,,10,0,6.233599999999977,0,1,0.9122000000000698,1.4203000000000463,0,58,Male,1,43.0,54.0,23.22,63.0,45.0,28.35,-20.0,9.0,-5.129999999999999,1,1,5,0.3766400000000023,0.4
17,Block,1,4,40,1,0,Left,1.4184000000000232,,,10,0,6.974599999999977,0,1,1.839199999999953,2.547099999999977,0,58,Male,1,30.0,41.0,12.3,60.0,35.0,21.0,-30.0,6.0,-8.700000000000001,1,1,4,0.3025400000000023,0.4
17,Block,1,19,41,1,0,Right,1.7695,,,10,0,8.0635,0,1,1.1348000000000469,1.818899999999907,0,58,Male,1,35.0,40.0,14.0,48.0,10.0,4.800000000000001,-13.0,30.0,9.2,6,0,19,0.19365,0.4
17,Block,1,3,45,0,1,Right,1.449600000000093,,,10,0,5.039699999999954,0,1,1.4202999999999302,2.0106999999999533,0,58,Male,1,52.0,92.0,47.84,72.0,91.0,65.52,-20.0,1.0,-17.679999999999993,0,1,3,0.4960300000000046,0.4
17,Block,1,2,49,1,0,Left,1.4668000000000463,,,10,0,5.381699999999953,0,1,1.9064000000000232,2.5845,0,58,Male,1,69.0,87.0,60.03,99.0,86.0,85.14,-30.0,1.0,-25.11,0,1,2,0.4618300000000047,0.4
17,Block,1,20,52,0,1,Left,1.7394000000001395,,,10,0,8.928700000000186,0,2,5.818799999999814,6.617299999999814,0,58,Male,1,62.0,92.0,57.04,83.0,62.0,51.46,-21.0,30.0,5.579999999999998,5,0,20,0.1071299999999814,0.4
17,Block,1,16,53,1,0,Right,2.5058000000000464,,,10,0,8.300300000000046,0,1,1.5346000000000932,2.299100000000093,0,58,Male,1,69.0,28.0,19.32,81.0,23.0,18.630000000000003,-12.0,5.0,0.6899999999999977,4,0,16,0.1699699999999953,0.4
17,Block,1,7,54,1,0,Left,1.6098999999999068,,,10,0,5.306599999999976,0,1,0.6889000000000233,1.3179000000000234,0,58,Male,1,47.0,37.0,17.39,77.0,23.0,17.71,-30.0,14.0,-0.3200000000000003,3,1,7,0.4693400000000024,0.4
17,Block,1,18,8,1,0,Right,1.0978000000000463,,,10,0,7.132,0,1,1.5444000000001397,2.33440000000014,0,58,Male,1,65.0,49.0,31.85,71.0,33.0,23.43,-6.0,16.0,8.419999999999998,6,0,18,0.2868,0.4
17,Block,1,17,9,1,0,Right,1.8496000000000927,,,10,0,8.015699999999953,0,1,0.9335,1.6578000000000466,0,58,Male,1,39.0,66.0,25.74,40.0,50.0,20.0,-1.0,16.0,5.740000000000002,6,0,17,0.1984300000000047,0.4
18,Block,3,60,1,0,1,Right,4.085099999994039,,,6,0,5.22059999999404,0,3,2.6995,3.41209999999404,1,62,Male,2,18.0,44.0,7.92,40.0,39.0,15.6,-22.0,5.0,-7.6800000000000015,1,1,20,0.1299000000009934,0.4666666666666667
18,Block,3,45,18,0,1,Left,4.4415,,,6,0,6.109299999982119,0,2,2.7280999999940394,3.5044000000059605,1,62,Male,1,73.0,32.0,23.36,82.0,2.0,1.64,-9.0,30.0,21.72,7,0,5,0.0182166666636865,0.4666666666666667
18,Block,3,57,19,1,0,,3.867300000011921,,,6,0,5.476800000011921,1,4,3.2134000000059606,4.094,1,62,Male,3,24.0,74.0,17.759999999999998,25.0,64.0,16.0,-1.0,10.0,1.759999999999998,5,0,17,0.0871999999980131,0.4666666666666667
18,Block,3,58,24,0,1,Right,2.585699999988079,,,6,0,5.4515,0,2,1.9995,2.73659999999404,1,62,Male,1,7.0,96.0,6.72,37.0,66.0,24.42,-30.0,30.0,-17.700000000000003,0,1,18,0.0914166666666666,0.4666666666666667
18,Block,3,46,25,1,0,Right,4.145900000005961,,,6,0,5.189800000011921,0,3,1.9392999999821183,2.66809999999404,1,62,Male,2,52.0,96.0,49.92,55.0,83.0,45.65,-3.0,13.0,4.270000000000003,5,0,6,0.1350333333313464,0.4666666666666667
18,Block,3,50,28,0,1,,5.185199999988079,,,6,0,5.300300000011921,1,3,1.9363000000119208,2.7295,1,62,Male,2,11.0,72.0,7.92,33.0,45.0,14.85,-22.0,27.0,-6.93,1,1,10,0.1166166666646798,0.4666666666666667
18,Block,3,44,3,0,1,Right,5.171700000017881,,,6,0,5.592,0,3,2.090600000023842,3.004200000017881,1,62,Male,2,76.0,72.0,54.72,99.0,48.0,47.52,-23.0,24.0,7.200000000000003,6,1,4,0.068,0.4666666666666667
18,Block,3,47,34,0,1,Left,4.802100000023842,,,6,0,5.1479000000059605,0,3,2.0054000000059604,2.7099000000059603,1,62,Male,2,27.0,60.0,16.2,36.0,41.0,14.76,-9.0,19.0,1.4399999999999995,4,0,7,0.1420166666656732,0.4666666666666667
18,Block,3,55,35,1,0,Right,3.901300000011921,,,6,0,5.453400000005961,0,3,1.505300000011921,5.16240000000596,1,62,Male,2,36.0,37.0,13.32,51.0,10.0,5.1000000000000005,-15.0,27.0,8.219999999999999,6,0,15,0.0910999999990065,0.4666666666666667
18,Block,3,51,36,1,0,Right,3.23819999998808,,,6,0,4.668199999988079,0,3,1.8724000000059604,2.441700000017881,1,62,Male,2,75.0,31.0,23.25,96.0,14.0,13.44,-21.0,17.0,9.81,7,0,11,0.2219666666686534,0.4666666666666667
18,Block,3,41,37,1,0,Right,4.380300000011921,,,6,0,5.668299999982119,0,4,3.091600000023842,3.827100000023842,1,62,Male,3,48.0,35.0,16.799999999999997,61.0,19.0,11.59,-13.0,16.0,5.209999999999997,5,0,1,0.0552833333363135,0.4666666666666667
18,Block,3,43,39,1,0,Right,5.09190000000596,,,6,0,6.17409999999404,0,4,1.879,2.7935,1,62,Male,3,36.0,68.0,24.48,55.0,48.0,26.4,-19.0,20.0,-1.9199999999999984,2,0,3,0.0290166666656732,0.4666666666666667
18,Block,3,48,42,0,1,Left,5.185199999988079,,,6,0,4.822400000005961,0,2,1.954800000011921,2.939600000023842,1,62,Male,1,50.0,89.0,44.5,66.0,67.0,44.220000000000006,-16.0,22.0,0.279999999999994,4,0,8,0.1962666666656732,0.4666666666666667
18,Block,3,52,43,0,1,Right,5.28409999999404,,,6,0,4.862700000017881,0,2,2.0807999999821187,2.630699999988079,1,62,Male,1,17.0,73.0,12.41,42.0,63.0,26.46,-25.0,10.0,-14.05,0,1,12,0.1895499999970198,0.4666666666666667
18,Block,3,49,46,0,1,,5.185199999988079,,,6,0,5.516099999994039,1,3,1.8201999999880791,2.52409999999404,1,62,Male,2,78.0,38.0,29.64,90.0,15.0,13.5,-12.0,23.0,16.14,7,1,9,0.0806500000009934,0.4666666666666667
18,Block,3,42,50,1,0,Left,5.5229000000059605,,,6,0,5.4699000000059605,0,3,1.9392000000178813,2.7004000000059603,1,62,Male,2,2.0,34.0,0.68,29.0,13.0,3.77,-27.0,21.0,-3.09,2,1,2,0.0883499999990065,0.4666666666666667
18,Block,3,54,55,1,0,Right,4.636200000017881,,,6,0,5.250300000011921,0,3,1.9292999999821183,2.6337999999821187,1,62,Male,2,35.0,92.0,32.2,41.0,81.0,33.21,-6.0,11.0,-1.009999999999998,3,0,14,0.1249499999980131,0.4666666666666667
18,Block,3,53,6,0,1,Right,3.68759999999404,,,6,0,4.318599999994039,0,3,1.9229000000059604,3.05359999999404,1,62,Male,2,41.0,64.0,26.24,52.0,51.0,26.52,-11.0,13.0,-0.2799999999999976,3,1,13,0.2802333333343267,0.4666666666666667
18,Block,3,59,60,1,0,Left,3.6592000000178815,,,6,0,4.63390000000596,0,2,2.161800000011921,2.9714000000059606,1,62,Male,1,56.0,75.0,42.0,81.0,74.0,59.94,-25.0,1.0,-17.939999999999998,0,1,19,0.2276833333323399,0.4666666666666667
18,Block,3,56,7,1,0,Left,3.867300000011921,,,6,0,4.969799999982119,0,3,4.537099999994039,11.80190000000596,1,62,Male,2,61.0,62.0,37.82,69.0,61.0,42.09,-8.0,1.0,-4.269999999999996,2,1,16,0.1717000000029801,0.4666666666666667
18,Block,1,20,12,0,1,Left,3.1861999999880792,,,8,0,7.007799999982119,0,1,2.3724000000059604,2.9486000000238417,1,62,Male,1,72.0,98.0,70.56,73.0,77.0,56.21,-1.0,21.0,14.35,7,0,20,0.1240250000022351,0.4666666666666667
18,Block,1,15,13,0,1,Right,6.3075,,,8,0,7.253699999988079,0,3,2.0935,2.949399999976158,1,62,Male,2,73.0,49.0,35.77,81.0,42.0,34.02,-8.0,7.0,1.75,4,1,15,0.0932875000014901,0.4666666666666667
18,Block,1,3,15,1,0,Left,5.593600000023842,,,8,0,8.28579999998212,0,3,2.655300000011921,3.719199999988079,1,62,Male,2,36.0,75.0,27.0,52.0,61.0,31.72,-16.0,14.0,-4.719999999999999,2,1,3,0.0357249999977649,0.4666666666666667
18,Block,1,12,16,0,1,Right,7.037300000011921,,,8,0,8.432400000005961,0,4,1.696899999976158,2.538399999976158,1,62,Male,3,23.0,12.0,2.76,26.0,6.0,1.56,-3.0,6.0,1.1999999999999995,4,1,12,0.0540500000007451,0.4666666666666667
18,Block,1,14,17,0,1,Right,6.542300000011921,,,8,0,6.939400000005961,0,3,2.0475,2.838800000011921,1,62,Male,2,31.0,38.0,11.78,46.0,29.0,13.34,-15.0,9.0,-1.5600000000000005,3,1,14,0.1325749999992549,0.4666666666666667
18,Block,1,9,2,1,0,Left,5.4485,,,8,0,8.205200000017882,0,2,2.507899999976158,4.243299999982119,1,62,Male,1,40.0,63.0,25.2,57.0,58.0,33.059999999999995,-17.0,5.0,-7.859999999999996,1,1,9,0.0256500000022352,0.4666666666666667
18,Block,1,17,21,1,0,Right,6.018699999988079,,,8,0,7.438699999988079,0,3,2.082700000017881,2.8915,1,62,Male,2,26.0,59.0,15.34,36.0,33.0,11.88,-10.0,26.0,3.459999999999999,5,0,17,0.0701625000014901,0.4666666666666667
18,Block,1,6,32,0,1,Left,4.705699999988079,,,8,0,7.26690000000596,0,2,2.613,4.613299999982119,1,62,Male,1,59.0,31.0,18.29,60.0,1.0,0.6,-1.0,30.0,17.689999999999998,7,0,6,0.0916374999992549,0.4666666666666667
18,Block,1,19,33,0,1,Right,6.024099999994039,,,8,0,7.48159999999404,0,3,2.4109000000059604,3.2024000000059605,1,62,Male,2,57.0,51.0,29.07,62.0,48.0,29.76,-5.0,3.0,-0.6899999999999977,3,1,19,0.064800000000745,0.4666666666666667
18,Block,1,2,4,0,1,Left,7.09509999999404,,,8,0,6.967299999982119,0,4,3.03869999998808,8.06369999998808,1,62,Male,3,72.0,82.0,59.04,73.0,81.0,59.13,-1.0,1.0,-0.0900000000000034,3,0,2,0.1290875000022351,0.4666666666666667
18,Block,1,13,44,0,1,,7.037300000011921,,,8,0,7.769200000017881,1,4,1.85,5.14640000000596,1,62,Male,3,19.0,86.0,16.34,45.0,71.0,31.95,-26.0,15.0,-15.61,0,1,13,0.0288499999977648,0.4666666666666667
18,Block,1,5,47,1,0,Right,7.207600000023842,,,8,0,7.205200000017881,0,4,2.48159999999404,4.42659999999404,1,62,Male,3,68.0,30.0,20.4,89.0,16.0,14.24,-21.0,14.0,6.159999999999998,6,0,5,0.0993499999977648,0.4666666666666667
18,Block,1,10,48,0,1,Right,6.044599999994039,,,8,0,8.20659999999404,0,3,2.432300000011921,4.456900000005961,1,62,Male,2,35.0,68.0,23.8,54.0,43.0,23.22,-19.0,25.0,0.5800000000000018,4,1,10,0.025824999999255,0.4666666666666667
18,Block,1,11,5,1,0,Right,3.3573999999761583,,,8,0,8.32290000000596,0,3,12.56879999998212,13.43259999999404,1,62,Male,2,72.0,33.0,23.76,98.0,5.0,4.9,-26.0,28.0,18.86,7,0,11,0.040362500000745,0.4666666666666667
18,Block,1,7,51,0,1,Left,4.579299999982118,,,8,0,7.924199999988079,0,3,2.29,4.001300000011921,1,62,Male,2,41.0,94.0,38.54,48.0,70.0,33.599999999999994,-7.0,24.0,4.940000000000005,5,0,7,0.0094750000014901,0.4666666666666667
18,Block,1,16,56,1,0,Right,6.122300000011921,,,8,0,7.17209999999404,0,3,2.032,2.9685,1,62,Male,2,62.0,34.0,21.08,86.0,15.0,12.9,-24.0,19.0,8.180000000000001,6,0,16,0.103487500000745,0.4666666666666667
18,Block,1,8,57,1,0,Left,3.4983999999761584,,,8,0,8.659300000011921,0,2,4.463,5.1435,1,62,Male,1,59.0,94.0,55.46,86.0,89.0,76.54,-27.0,5.0,-21.080000000000013,0,1,8,0.0824125000014901,0.4666666666666667
18,Block,1,18,58,0,1,Right,5.847699999988079,,,8,0,7.0949000000059605,0,2,2.225199999988079,3.12959999999404,1,62,Male,1,36.0,54.0,19.44,48.0,53.0,25.44,-12.0,1.0,-6.0,1,1,18,0.1131374999992549,0.4666666666666667
18,Block,1,1,59,0,1,Right,5.488900000005961,,,8,0,7.910300000011921,0,3,2.759199999988079,5.348,1,62,Male,2,8.0,64.0,5.12,25.0,34.0,8.5,-17.0,30.0,-3.38,2,1,1,0.0112124999985099,0.4666666666666667
18,Block,2,38,10,1,0,Left,4.981100000023842,,,10,0,10.03359999999404,0,2,2.195800000011921,4.916400000005961,1,62,Male,1,5.0,55.0,2.75,35.0,36.0,12.6,-30.0,19.0,-9.85,1,1,18,0.003359999999404,0.4666666666666667
18,Block,2,27,11,0,1,Left,4.076799999982119,,,10,0,10.18,0,3,1.8697999999821189,2.56559999999404,1,62,Male,2,72.0,85.0,61.2,86.0,66.0,56.760000000000005,-14.0,19.0,4.439999999999991,5,0,7,0.0179999999999999,0.4666666666666667
18,Block,2,22,14,0,1,Right,3.8112999999821184,,,10,0,9.79959999999404,0,3,2.4849000000059607,3.1402000000178814,1,62,Male,2,33.0,61.0,20.13,51.0,44.0,22.44,-18.0,17.0,-2.3100000000000023,2,1,2,0.0200400000005959,0.4666666666666667
18,Block,2,39,23,0,1,Left,8.286600000023842,,,10,0,9.751299999982118,0,4,2.2406999999880792,3.1852999999821185,1,62,Male,3,52.0,36.0,18.72,63.0,27.0,17.01,-11.0,9.0,1.7099999999999973,4,0,19,0.0248700000017882,0.4666666666666667
18,Block,2,32,26,1,0,Right,3.635900000005961,,,10,0,9.25230000001192,0,2,3.30759999999404,4.029199999988079,1,62,Male,1,95.0,74.0,70.3,97.0,49.0,47.53,-2.0,25.0,22.77,7,0,12,0.074769999998808,0.4666666666666667
18,Block,2,30,27,1,0,Right,7.172399999976158,,,10,0,9.3545,0,3,2.055899999976158,13.99309999999404,1,62,Male,2,18.0,49.0,8.82,23.0,29.0,6.67,-5.0,20.0,2.1500000000000004,5,0,10,0.06455,0.4666666666666667
18,Block,2,40,29,0,1,Left,6.479400000005961,,,10,0,8.444,0,3,3.9144000000059607,4.6505,1,62,Male,2,64.0,32.0,20.48,69.0,4.0,2.76,-5.0,28.0,17.72,7,0,20,0.1555999999999999,0.4666666666666667
18,Block,2,31,30,1,0,Right,7.288699999988079,,,10,0,9.27280000001192,0,4,1.7210999999940395,2.7045,1,62,Male,3,71.0,82.0,58.22,80.0,78.0,62.400000000000006,-9.0,4.0,-4.180000000000007,2,0,11,0.072719999998808,0.4666666666666667
18,Block,2,35,31,0,1,Right,4.8703000000119205,,,10,0,9.56330000001192,0,3,1.9722000000178808,2.8214000000059603,1,62,Male,2,59.0,23.0,13.57,74.0,22.0,16.28,-15.0,1.0,-2.710000000000001,2,1,15,0.043669999998808,0.4666666666666667
18,Block,2,21,38,0,1,Left,4.765800000011921,,,10,0,8.44559999999404,0,3,2.1219000000059607,9.42220000001788,1,62,Male,2,43.0,54.0,23.22,63.0,45.0,28.35,-20.0,9.0,-5.129999999999999,1,0,1,0.155440000000596,0.4666666666666667
18,Block,2,34,40,0,1,Right,3.4039000000059603,,,10,0,9.48340000000596,0,3,2.3824000000059606,8.623,1,62,Male,2,30.0,41.0,12.3,60.0,35.0,21.0,-30.0,6.0,-8.700000000000001,1,1,14,0.051659999999404,0.4666666666666667
18,Block,2,29,41,0,1,Left,4.0302000000178815,,,10,0,9.28990000000596,0,2,2.7874000000059604,3.5318000000119207,1,62,Male,1,35.0,40.0,14.0,48.0,10.0,4.800000000000001,-13.0,30.0,9.2,6,0,9,0.0710099999994039,0.4666666666666667
18,Block,2,24,45,0,1,Right,3.9397000000178815,,,10,0,10.223700000017882,0,2,2.08509999999404,3.1901999999880792,1,62,Male,1,52.0,92.0,47.84,72.0,91.0,65.52,-20.0,1.0,-17.679999999999993,0,1,4,0.0223700000017881,0.4666666666666667
18,Block,2,36,49,1,0,Left,3.80479999998212,,,10,0,10.02809999999404,0,3,2.3197000000178813,2.9969000000059607,1,62,Male,2,69.0,87.0,60.03,99.0,86.0,85.14,-30.0,1.0,-25.11,0,1,16,0.002809999999404,0.4666666666666667
18,Block,2,23,52,0,1,Left,5.78590000000596,,,10,0,9.15409999999404,0,3,3.52159999999404,4.57809999999404,1,62,Male,2,62.0,92.0,57.04,83.0,62.0,51.46,-21.0,30.0,5.579999999999998,5,0,3,0.084590000000596,0.4666666666666667
18,Block,2,33,53,1,0,Right,5.2665,,,10,0,9.265100000023844,0,3,2.086199999988079,3.1925,1,62,Male,2,69.0,28.0,19.32,81.0,23.0,18.630000000000003,-12.0,5.0,0.6899999999999977,4,0,13,0.0734899999976155,0.4666666666666667
18,Block,2,28,54,1,0,Right,6.860799999982119,,,10,0,9.604600000023842,0,4,2.278800000011921,5.173600000023842,1,62,Male,3,47.0,37.0,17.39,77.0,23.0,17.71,-30.0,14.0,-0.3200000000000003,3,0,8,0.0395399999976158,0.4666666666666667
18,Block,2,26,8,0,1,Left,4.381599999994039,,,10,0,8.97390000000596,0,3,1.9292000000178813,2.60959999999404,1,62,Male,2,65.0,49.0,31.85,71.0,33.0,23.43,-6.0,16.0,8.419999999999998,6,0,6,0.1026099999994039,0.4666666666666667
18,Block,2,37,9,1,0,Right,5.673300000011921,,,10,0,9.35370000001788,0,3,2.4319000000059603,3.2002999999821187,1,62,Male,2,39.0,66.0,25.74,40.0,50.0,20.0,-1.0,16.0,5.740000000000002,6,0,17,0.0646299999982119,0.4666666666666667
19,Block,3,53,1,1,0,Left,3.035700000047684,,,6,0,5.2167999999523165,0,2,1.0780999999046326,2.334299999952316,1,67,Male,1,18.0,44.0,7.92,40.0,39.0,15.6,-22.0,5.0,-7.6800000000000015,1,1,13,0.1305333333412806,0.4333333333333333
19,Block,3,43,18,0,1,Left,1.881400000095368,,,6,0,6.004799999952317,0,1,1.4476000001430511,2.215700000047684,1,67,Male,1,73.0,32.0,23.36,82.0,2.0,1.64,-9.0,30.0,21.72,7,0,3,0.0007999999920527,0.4333333333333333
19,Block,3,57,19,1,0,Right,2.673,,,6,0,5.3055,0,1,1.1115,2.095900000095368,1,67,Male,1,24.0,74.0,17.759999999999998,25.0,64.0,16.0,-1.0,10.0,1.759999999999998,5,0,17,0.1157499999999999,0.4333333333333333
19,Block,3,55,24,0,1,Left,1.1624000000953674,,,6,0,5.353099999904632,0,2,0.9922999999523164,1.8478999998569487,1,67,Male,1,7.0,96.0,6.72,37.0,66.0,24.42,-30.0,30.0,-17.700000000000003,0,0,15,0.1078166666825612,0.4333333333333333
19,Block,3,52,25,1,0,Right,2.459299999952316,,,6,0,5.3923999998569485,0,1,0.7462999999523163,1.6987999999523162,1,67,Male,1,52.0,96.0,49.92,55.0,83.0,45.65,-3.0,13.0,4.270000000000003,5,0,12,0.1012666666905085,0.4333333333333333
19,Block,3,48,28,0,1,Left,4.206400000095368,,,6,0,5.217700000047683,0,2,2.082200000047684,2.9790999999046326,1,67,Male,1,11.0,72.0,7.92,33.0,45.0,14.85,-22.0,27.0,-6.93,1,0,8,0.1303833333253861,0.4333333333333333
19,Block,3,60,3,0,1,Right,2.846,,,6,0,5.05,0,1,1.1400999999046326,1.9245999999046328,1,67,Male,1,76.0,72.0,54.72,99.0,48.0,47.52,-23.0,24.0,7.200000000000003,6,1,20,0.1583333333333333,0.4333333333333333
19,Block,3,54,34,0,1,Left,2.710199999809265,,,6,0,5.544700000047683,0,3,1.9257999999523163,2.894200000047684,1,67,Male,2,27.0,60.0,16.2,36.0,41.0,14.76,-9.0,19.0,1.4399999999999995,4,0,14,0.0758833333253861,0.4333333333333333
19,Block,3,50,35,0,1,Left,2.277899999856949,,,6,0,5.719199999809265,0,2,1.079,2.0634000000953674,1,67,Male,1,36.0,37.0,13.32,51.0,10.0,5.1000000000000005,-15.0,27.0,8.219999999999999,6,0,10,0.0468000000317891,0.4333333333333333
19,Block,3,42,36,1,0,Left,5.7625,,,6,0,4.948300000190735,0,5,3.259400000095368,4.187700000047684,1,67,Male,3,75.0,31.0,23.25,96.0,14.0,13.44,-21.0,17.0,9.81,7,1,2,0.1752833333015441,0.4333333333333333
19,Block,3,45,37,1,0,Left,4.609,,,6,0,6.163899999856949,0,3,1.6306000001430512,2.3905,1,67,Male,2,48.0,35.0,16.799999999999997,61.0,19.0,11.59,-13.0,16.0,5.209999999999997,5,1,5,0.0273166666428248,0.4333333333333333
19,Block,3,56,39,1,0,Right,2.501700000047684,,,6,0,5.1355,0,2,0.8699000000953674,1.726100000143051,1,67,Male,1,36.0,68.0,24.48,55.0,48.0,26.4,-19.0,20.0,-1.9199999999999984,2,0,16,0.1440833333333332,0.4333333333333333
19,Block,3,41,42,1,0,Right,1.803200000047684,,,6,0,6.386799999952316,0,2,3.105,4.033299999952316,1,67,Male,1,50.0,89.0,44.5,66.0,67.0,44.220000000000006,-16.0,22.0,0.279999999999994,4,0,1,0.0644666666587194,0.4333333333333333
19,Block,3,51,43,0,1,Right,3.1297999999523163,,,6,0,5.820299999952316,0,3,1.2287000000476838,2.052700000047684,1,67,Male,2,17.0,73.0,12.41,42.0,63.0,26.46,-25.0,10.0,-14.05,0,1,11,0.0299500000079473,0.4333333333333333
19,Block,3,49,46,0,1,Left,1.8920999999046328,,,6,0,6.5815,0,2,1.2943999998569489,2.1428999998569487,1,67,Male,1,78.0,38.0,29.64,90.0,15.0,13.5,-12.0,23.0,16.14,7,0,9,0.0969166666666666,0.4333333333333333
19,Block,3,47,50,1,0,Left,2.277300000190735,,,6,0,5.1275,0,2,2.355400000095368,3.108,1,67,Male,1,2.0,34.0,0.68,29.0,13.0,3.77,-27.0,21.0,-3.09,2,1,7,0.1454166666666666,0.4333333333333333
19,Block,3,58,55,1,0,Left,1.956400000095368,,,6,0,5.5480999999046325,0,2,0.838,1.6699000000953674,1,67,Male,1,35.0,92.0,32.2,41.0,81.0,33.21,-6.0,11.0,-1.009999999999998,3,1,18,0.0753166666825612,0.4333333333333333
19,Block,3,44,6,1,0,Right,3.696299999952316,,,6,0,6.030299999952316,0,2,1.6617000000476838,2.342299999952316,1,67,Male,1,41.0,64.0,26.24,52.0,51.0,26.52,-11.0,13.0,-0.2799999999999976,3,0,4,0.0050499999920526,0.4333333333333333
19,Block,3,59,60,1,0,Left,1.6472000000476836,,,6,0,6.236400000095367,0,1,1.861400000095368,4.004800000190735,1,67,Male,1,56.0,75.0,42.0,81.0,74.0,59.94,-25.0,1.0,-17.939999999999998,0,1,19,0.0394000000158945,0.4333333333333333
19,Block,3,46,7,0,1,Right,3.818899999856949,,,6,0,5.360700000047684,0,2,2.2444000000953674,3.421200000047684,1,67,Male,1,61.0,62.0,37.82,69.0,61.0,42.09,-8.0,1.0,-4.269999999999996,2,1,6,0.1065499999920526,0.4333333333333333
19,Block,1,17,12,0,1,Left,1.4663999998569488,,,8,0,7.7065,0,1,1.4305,2.374600000143051,1,67,Male,1,72.0,98.0,70.56,73.0,77.0,56.21,-1.0,21.0,14.35,7,0,17,0.0366874999999999,0.4333333333333333
19,Block,1,8,15,1,0,Right,5.066300000190735,,,8,0,6.696700000047684,0,3,2.218700000047684,3.043200000047684,1,67,Male,2,36.0,75.0,27.0,52.0,61.0,31.72,-16.0,14.0,-4.719999999999999,2,0,8,0.1629124999940394,0.4333333333333333
19,Block,1,7,16,1,0,Right,2.838099999904633,,,8,0,8.054,0,4,2.814099999904633,3.8465,1,67,Male,3,23.0,12.0,2.76,26.0,6.0,1.56,-3.0,6.0,1.1999999999999995,4,0,7,0.00675,0.4333333333333333
19,Block,1,5,17,0,1,Right,5.351900000095368,,,8,0,6.557599999904633,0,5,2.5744000000953675,4.966700000047684,1,67,Male,3,31.0,38.0,11.78,46.0,29.0,13.34,-15.0,9.0,-1.5600000000000005,3,1,5,0.1803000000119209,0.4333333333333333
19,Block,1,6,2,0,1,Right,3.581400000095368,,,8,0,6.003199999809265,0,4,2.206799999952316,3.2952000000476835,1,67,Male,3,40.0,63.0,25.2,57.0,58.0,33.059999999999995,-17.0,5.0,-7.859999999999996,1,1,6,0.2496000000238418,0.4333333333333333
19,Block,1,11,21,0,1,Left,4.548799999952316,,,8,0,7.203299999952316,0,3,4.297900000095368,5.481900000095368,1,67,Male,2,26.0,59.0,15.34,36.0,33.0,11.88,-10.0,26.0,3.459999999999999,5,0,11,0.0995875000059605,0.4333333333333333
19,Block,1,20,22,1,0,Right,1.5813999998569488,,,8,0,8.0735,0,2,1.5902000000476837,2.3107999999523163,1,67,Male,1,24.0,95.0,22.8,53.0,71.0,37.63,-29.0,24.0,-14.829999999999998,0,0,20,0.0091874999999999,0.4333333333333333
19,Block,1,1,32,1,0,Right,1.5010999999046326,,,8,0,6.326799999952316,0,2,4.327600000143051,5.616100000143051,1,67,Male,1,59.0,31.0,18.29,60.0,1.0,0.6,-1.0,30.0,17.689999999999998,7,0,1,0.2091500000059605,0.4333333333333333
19,Block,1,18,4,1,0,Right,5.321799999952316,,,8,0,7.507699999809265,0,4,2.120400000095368,3.128700000047684,1,67,Male,3,72.0,82.0,59.04,73.0,81.0,59.13,-1.0,1.0,-0.0900000000000034,3,0,18,0.0615375000238418,0.4333333333333333
19,Block,1,19,44,0,1,Right,2.637800000190735,,,8,0,7.381299999952316,0,3,1.3742000000476835,2.406700000047684,1,67,Male,2,19.0,86.0,16.34,45.0,71.0,31.95,-26.0,15.0,-15.61,0,1,19,0.0773375000059605,0.4333333333333333
19,Block,1,4,47,1,0,Left,3.470200000047684,,,8,0,5.6172999999523165,0,3,3.0027999999523165,4.251199999809265,1,67,Male,2,68.0,30.0,20.4,89.0,16.0,14.24,-21.0,14.0,6.159999999999998,6,1,4,0.2978375000059604,0.4333333333333333
19,Block,1,12,48,0,1,Left,3.950299999952316,,,8,0,6.817300000190735,0,2,1.7864000000953677,2.714400000095368,1,67,Male,1,35.0,68.0,23.8,54.0,43.0,23.22,-19.0,25.0,0.5800000000000018,4,0,12,0.1478374999761581,0.4333333333333333
19,Block,1,10,5,1,0,Left,6.737900000095367,,,8,0,6.3257999999523165,0,3,2.7580999999046325,3.790099999904633,1,67,Male,2,72.0,33.0,23.76,98.0,5.0,4.9,-26.0,28.0,18.86,7,1,10,0.2092750000059604,0.4333333333333333
19,Block,1,15,51,0,1,Left,4.071700000047684,,,8,0,6.233200000047684,0,2,2.4267999999523164,3.3297999999523165,1,67,Male,1,41.0,94.0,38.54,48.0,70.0,33.599999999999994,-7.0,24.0,4.940000000000005,5,0,15,0.2208499999940395,0.4333333333333333
19,Block,1,16,56,1,0,Right,2.46,,,8,0,6.7796999998092655,0,3,2.535100000143052,9.358600000143053,1,67,Male,2,62.0,34.0,21.08,86.0,15.0,12.9,-24.0,19.0,8.180000000000001,6,0,16,0.1525375000238418,0.4333333333333333
19,Block,1,9,57,0,1,Right,4.265,,,8,0,6.374800000190735,0,3,2.398199999809265,4.302599999904633,1,67,Male,2,59.0,94.0,55.46,86.0,89.0,76.54,-27.0,5.0,-21.080000000000013,0,1,9,0.2031499999761581,0.4333333333333333
19,Block,1,14,58,1,0,Left,3.5475999999046324,,,8,0,6.918,0,3,1.0636000001430512,2.016,1,67,Male,2,36.0,54.0,19.44,48.0,53.0,25.44,-12.0,1.0,-6.0,1,1,14,0.1352499999999999,0.4333333333333333
19,Block,1,13,59,0,1,,3.950299999952316,,,8,0,7.056900000095367,1,4,2.283800000190735,3.468200000047684,1,67,Male,3,8.0,64.0,5.12,25.0,34.0,8.5,-17.0,30.0,-3.38,2,1,13,0.1178874999880791,0.4333333333333333
19,Block,2,37,10,1,0,Left,5.115,,,10,0,9.174799999952317,0,4,2.3577999999523165,5.581799999952317,1,67,Male,3,5.0,55.0,2.75,35.0,36.0,12.6,-30.0,19.0,-9.85,1,1,17,0.0825200000047683,0.4333333333333333
19,Block,2,40,11,1,0,Right,1.6565999999046326,,,10,0,9.838700000047684,0,2,1.642399999856949,2.4507999999523165,1,67,Male,1,72.0,85.0,61.2,86.0,66.0,56.760000000000005,-14.0,19.0,4.439999999999991,5,0,20,0.0161299999952316,0.4333333333333333
19,Block,2,34,14,1,0,Left,5.119900000095368,,,10,0,8.130900000095368,0,3,1.3067000000476836,2.5545,1,67,Male,2,33.0,61.0,20.13,51.0,44.0,22.44,-18.0,17.0,-2.3100000000000023,2,1,14,0.1869099999904632,0.4333333333333333
19,Block,2,30,20,0,1,Left,5.200299999952316,,,10,0,8.016300000190736,0,4,1.4024000000953674,2.522700000047684,1,67,Male,3,35.0,24.0,8.4,65.0,14.0,9.1,-30.0,10.0,-0.7000000000000011,3,0,10,0.1983699999809264,0.4333333333333333
19,Block,2,33,23,1,0,Right,5.054,,,10,0,8.688700000047684,0,3,4.670200000047684,5.582300000190735,1,67,Male,2,52.0,36.0,18.72,63.0,27.0,17.01,-11.0,9.0,1.7099999999999973,4,0,13,0.1311299999952316,0.4333333333333333
19,Block,2,28,26,0,1,Left,2.115,,,10,0,9.691,0,1,2.5829000000953672,3.646400000095368,1,67,Male,1,95.0,74.0,70.3,97.0,49.0,47.53,-2.0,25.0,22.77,7,0,8,0.0308999999999999,0.4333333333333333
19,Block,2,32,27,0,1,Left,4.1328999998569484,,,10,0,8.174299999952316,0,3,2.566,3.4780999999046327,1,67,Male,2,18.0,49.0,8.82,23.0,29.0,6.67,-5.0,20.0,2.1500000000000004,5,0,12,0.1825700000047684,0.4333333333333333
19,Block,2,22,29,1,0,Right,1.3214000000953674,,,10,0,9.978700000047684,0,2,3.643900000095368,4.652299999952317,1,67,Male,1,64.0,32.0,20.48,69.0,4.0,2.76,-5.0,28.0,17.72,7,0,2,0.0021299999952315,0.4333333333333333
19,Block,2,29,30,1,0,Left,5.443399999856949,,,10,0,9.58960000014305,0,4,3.817400000095368,4.762100000143051,1,67,Male,3,71.0,82.0,58.22,80.0,78.0,62.400000000000006,-9.0,4.0,-4.180000000000007,2,1,9,0.0410399999856949,0.4333333333333333
19,Block,2,39,31,1,0,Left,2.9375,,,10,0,9.3035,0,2,2.022799999952316,3.006900000095368,1,67,Male,1,59.0,23.0,13.57,74.0,22.0,16.28,-15.0,1.0,-2.710000000000001,2,1,19,0.06965,0.4333333333333333
19,Block,2,26,38,0,1,Right,3.3657000000476835,,,10,0,9.5495,0,4,2.9222999999523163,3.8905,1,67,Male,3,43.0,54.0,23.22,63.0,45.0,28.35,-20.0,9.0,-5.129999999999999,1,1,6,0.0450499999999999,0.4333333333333333
19,Block,2,25,40,0,1,Right,3.367400000095367,,,10,0,8.805700000047684,0,3,4.595700000047684,5.331900000095367,1,67,Male,2,30.0,41.0,12.3,60.0,35.0,21.0,-30.0,6.0,-8.700000000000001,1,1,5,0.1194299999952315,0.4333333333333333
19,Block,2,38,41,0,1,Left,2.856100000143051,,,10,0,9.146799999952316,0,3,2.806600000143052,3.838900000095368,1,67,Male,2,35.0,40.0,14.0,48.0,10.0,4.800000000000001,-13.0,30.0,9.2,6,0,18,0.0853200000047683,0.4333333333333333
19,Block,2,21,45,0,1,Right,2.4459000000953672,,,10,0,7.2515,0,2,3.674700000047684,4.483,1,67,Male,1,52.0,92.0,47.84,72.0,91.0,65.52,-20.0,1.0,-17.679999999999993,0,1,1,0.27485,0.4333333333333333
19,Block,2,24,49,0,1,Right,2.0475,,,10,0,8.871199999809265,0,3,2.718299999952316,4.182099999904633,1,67,Male,2,69.0,87.0,60.03,99.0,86.0,85.14,-30.0,1.0,-25.11,0,1,4,0.1128800000190734,0.4333333333333333
19,Block,2,31,52,0,1,Left,1.405600000143051,,,10,0,10.404200000047684,0,2,1.7317999999523164,3.2364000000953674,1,67,Male,1,62.0,92.0,57.04,83.0,62.0,51.46,-21.0,30.0,5.579999999999998,5,0,11,0.0404200000047684,0.4333333333333333
19,Block,2,23,53,0,1,Left,2.591399999856949,,,10,0,8.7305,0,3,2.424799999952316,3.288699999809265,1,67,Male,2,69.0,28.0,19.32,81.0,23.0,18.630000000000003,-12.0,5.0,0.6899999999999977,4,0,3,0.12695,0.4333333333333333
19,Block,2,35,54,0,1,Right,6.555,,,10,0,9.502700000047684,0,5,1.2749000000953674,2.6195,1,67,Male,3,47.0,37.0,17.39,77.0,23.0,17.71,-30.0,14.0,-0.3200000000000003,3,1,15,0.0497299999952316,0.4333333333333333
19,Block,2,27,8,0,1,Left,2.7544000000953672,,,10,0,9.273900000095368,0,2,3.737,4.881099999904633,1,67,Male,1,65.0,49.0,31.85,71.0,33.0,23.43,-6.0,16.0,8.419999999999998,6,0,7,0.0726099999904631,0.4333333333333333
19,Block,2,36,9,0,1,Left,2.4587999999523165,,,10,0,8.290200000047683,0,3,3.3550999999046325,4.538700000047684,1,67,Male,2,39.0,66.0,25.74,40.0,50.0,20.0,-1.0,16.0,5.740000000000002,6,0,16,0.1709799999952316,0.4333333333333333
20,Block,2,22,1,0,1,Right,3.3343999999985097,,,6,0,5.93160000000149,0,2,1.245,2.33329999999702,0,49,Male,1,18.0,44.0,7.92,40.0,39.0,15.6,-22.0,5.0,-7.6800000000000015,1,1,2,0.0113999999997516,0.4833333333333333
20,Block,2,25,18,0,1,Left,3.89079999999702,,,6,0,5.14869999999553,0,2,1.1077000000029802,1.88410000000149,0,49,Male,1,73.0,32.0,23.36,82.0,2.0,1.64,-9.0,30.0,21.72,7,0,5,0.1418833333340784,0.4833333333333333
20,Block,2,30,19,0,1,Left,3.3176999999955297,,,6,0,5.33229999999702,0,2,1.36760000000149,2.7995,0,49,Male,1,24.0,74.0,17.759999999999998,25.0,64.0,16.0,-1.0,10.0,1.759999999999998,5,0,10,0.1112833333338299,0.4833333333333333
20,Block,2,26,24,1,0,Left,2.80189999999851,,,6,0,4.5891000000014905,0,1,1.5145999999940396,2.33909999999404,0,49,Male,1,7.0,96.0,6.72,37.0,66.0,24.42,-30.0,30.0,-17.700000000000003,0,1,6,0.2351499999997515,0.4833333333333333
20,Block,2,40,25,0,1,Left,2.0275999999940395,,,6,0,4.94210000000149,0,2,1.22789999999851,1.8773999999985096,0,49,Male,1,52.0,96.0,49.92,55.0,83.0,45.65,-3.0,13.0,4.270000000000003,5,0,20,0.1763166666664183,0.4833333333333333
20,Block,2,31,28,0,1,Right,3.65860000000149,,,6,0,5.3151000000014905,0,2,0.9727999999970196,1.9015,0,49,Male,1,11.0,72.0,7.92,33.0,45.0,14.85,-22.0,27.0,-6.93,1,1,11,0.1141499999997515,0.4833333333333333
20,Block,2,28,3,0,1,Left,5.48889999999851,,,6,0,5.8535,0,4,0.96710000000149,1.8314000000059605,0,49,Male,3,76.0,72.0,54.72,99.0,48.0,47.52,-23.0,24.0,7.200000000000003,6,0,8,0.0244166666666666,0.4833333333333333
20,Block,2,37,34,1,0,,2.17560000000149,,,6,0,5.837800000004471,1,5,1.2445,2.02079999999702,0,49,Male,3,27.0,60.0,16.2,36.0,41.0,14.76,-9.0,19.0,1.4399999999999995,4,0,17,0.0270333333325882,0.4833333333333333
20,Block,2,23,35,0,1,Left,3.3509000000059603,,,6,0,5.65910000000149,0,2,3.05260000000149,4.44519999999553,0,49,Male,1,36.0,37.0,13.32,51.0,10.0,5.1000000000000005,-15.0,27.0,8.219999999999999,6,0,3,0.0568166666664183,0.4833333333333333
20,Block,2,36,36,1,0,Right,2.17560000000149,,,6,0,5.20479999999702,0,2,0.8650999999940395,1.5933999999985098,0,49,Male,1,75.0,31.0,23.25,96.0,14.0,13.44,-21.0,17.0,9.81,7,0,16,0.13253333333383,0.4833333333333333
20,Block,2,21,37,1,0,Right,5.0629000000059605,,,6,0,5.483,0,4,3.613,4.36539999999851,0,49,Male,3,48.0,35.0,16.799999999999997,61.0,19.0,11.59,-13.0,16.0,5.209999999999997,5,0,1,0.0861666666666667,0.4833333333333333
20,Block,2,24,39,1,0,Left,4.115,,,6,0,6.05229999999702,0,5,1.84639999999851,2.52679999999702,0,49,Male,3,36.0,68.0,24.48,55.0,48.0,26.4,-19.0,20.0,-1.9199999999999984,2,1,4,0.0087166666661699,0.4833333333333333
20,Block,2,39,42,1,0,Right,4.20070000000298,,,6,0,5.327,0,4,1.41210000000149,2.32460000000149,0,49,Male,3,50.0,89.0,44.5,66.0,67.0,44.220000000000006,-16.0,22.0,0.279999999999994,4,0,19,0.1121666666666666,0.4833333333333333
20,Block,2,33,43,1,0,Left,2.4781000000014903,,,6,0,6.35679999999702,0,2,2.22320000000298,3.0311000000014903,0,49,Male,1,17.0,73.0,12.41,42.0,63.0,26.46,-25.0,10.0,-14.05,0,1,13,0.0594666666661699,0.4833333333333333
20,Block,2,29,46,1,0,Right,2.4636999999955296,,,6,0,5.59510000000149,0,2,2.2517000000029803,2.98770000000298,0,49,Male,1,78.0,38.0,29.64,90.0,15.0,13.5,-12.0,23.0,16.14,7,0,9,0.067483333333085,0.4833333333333333
20,Block,2,38,50,1,0,Left,1.95820000000298,,,6,0,5.12889999999851,0,1,3.16870000000298,3.785200000002981,0,49,Male,1,2.0,34.0,0.68,29.0,13.0,3.77,-27.0,21.0,-3.09,2,1,18,0.1451833333335816,0.4833333333333333
20,Block,2,32,55,1,0,Right,4.31560000000149,,,6,0,4.6345,0,4,1.3392000000029802,2.13970000000298,0,49,Male,3,35.0,92.0,32.2,41.0,81.0,33.21,-6.0,11.0,-1.009999999999998,3,0,12,0.2275833333333333,0.4833333333333333
20,Block,2,34,6,1,0,Right,5.96629999999702,,,6,0,5.43120000000298,0,4,1.89,2.60220000000298,0,49,Male,3,41.0,64.0,26.24,52.0,51.0,26.52,-11.0,13.0,-0.2799999999999976,3,0,14,0.0947999999995032,0.4833333333333333
20,Block,2,35,60,1,0,Left,1.8481999999955296,,,6,0,4.525,0,2,0.975,1.6791000000014902,0,49,Male,1,56.0,75.0,42.0,81.0,74.0,59.94,-25.0,1.0,-17.939999999999998,0,1,15,0.2458333333333332,0.4833333333333333
20,Block,2,27,7,1,0,Left,3.75939999999851,,,6,0,4.92639999999851,0,4,1.059,2.0673999999985098,0,49,Male,3,61.0,62.0,37.82,69.0,61.0,42.09,-8.0,1.0,-4.269999999999996,2,1,7,0.1789333333335817,0.4833333333333333
20,Block,1,4,12,0,1,Left,2.83079999999702,,,8,0,6.91179999999702,0,2,1.75710000000149,2.70160000000149,0,49,Male,1,72.0,98.0,70.56,73.0,77.0,56.21,-1.0,21.0,14.35,7,0,4,0.1360250000003725,0.4833333333333333
20,Block,1,18,13,1,0,Right,5.46709999999404,,,8,0,6.54419999999553,0,4,2.21229999999702,3.08510000000149,0,49,Male,3,73.0,49.0,35.77,81.0,42.0,34.02,-8.0,7.0,1.75,4,0,18,0.1819750000005587,0.4833333333333333
20,Block,1,2,15,0,1,Right,6.9966999999955295,,,8,0,5.4795,0,3,1.75610000000149,2.5164000000059605,0,49,Male,2,36.0,75.0,27.0,52.0,61.0,31.72,-16.0,14.0,-4.719999999999999,2,1,2,0.3150625,0.4833333333333333
20,Block,1,14,16,0,1,Left,4.0533999999985095,,,8,0,6.94930000000447,0,1,2.88929999999702,3.61,0,49,Male,1,23.0,12.0,2.76,26.0,6.0,1.56,-3.0,6.0,1.1999999999999995,4,0,14,0.1313374999994412,0.4833333333333333
20,Block,1,13,17,1,0,Right,7.57080000000447,,,8,0,6.932800000004471,0,4,1.5644000000059604,2.26860000000149,0,49,Male,3,31.0,38.0,11.78,46.0,29.0,13.34,-15.0,9.0,-1.5600000000000005,3,0,13,0.133399999999441,0.4833333333333333
20,Block,1,5,2,1,0,Left,5.66710000000149,,,8,0,5.269300000004471,0,4,1.96460000000149,2.85289999999851,0,49,Male,3,40.0,63.0,25.2,57.0,58.0,33.059999999999995,-17.0,5.0,-7.859999999999996,1,1,5,0.3413374999994411,0.4833333333333333
20,Block,1,15,21,1,0,Left,7.6465,,,8,0,5.77669999999553,0,4,0.9815,1.95779999999702,0,49,Male,3,26.0,59.0,15.34,36.0,33.0,11.88,-10.0,26.0,3.459999999999999,5,1,15,0.2779125000005588,0.4833333333333333
20,Block,1,9,22,1,0,Left,4.3555,,,8,0,6.4475,0,4,1.6785,2.51089999999851,0,49,Male,3,24.0,95.0,22.8,53.0,71.0,37.63,-29.0,24.0,-14.829999999999998,0,1,9,0.1940625,0.4833333333333333
20,Block,1,11,32,1,0,Right,2.3549000000059603,,,8,0,6.889599999994039,0,2,1.8725,3.921,0,49,Male,1,59.0,31.0,18.29,60.0,1.0,0.6,-1.0,30.0,17.689999999999998,7,0,11,0.1388000000007451,0.4833333333333333
20,Block,1,19,33,0,1,Right,3.102,,,8,0,7.10610000000149,0,3,3.072,3.77659999999404,0,49,Male,2,57.0,51.0,29.07,62.0,48.0,29.76,-5.0,3.0,-0.6899999999999977,3,1,19,0.1117374999998137,0.4833333333333333
20,Block,1,20,4,0,1,Left,3.46020000000298,,,8,0,6.117199999995529,0,5,1.8275,2.7159000000059605,0,49,Male,3,72.0,82.0,59.04,73.0,81.0,59.13,-1.0,1.0,-0.0900000000000034,3,0,20,0.2353500000005588,0.4833333333333333
20,Block,1,12,44,0,1,Right,3.9196000000014894,,,8,0,7.12810000000149,0,2,1.6073999999985098,2.75160000000149,0,49,Male,1,19.0,86.0,16.34,45.0,71.0,31.95,-26.0,15.0,-15.61,0,1,12,0.1089874999998137,0.4833333333333333
20,Block,1,8,47,1,0,Right,5.2165,,,8,0,6.90459999999404,0,4,2.83760000000149,3.69439999999851,0,49,Male,3,68.0,30.0,20.4,89.0,16.0,14.24,-21.0,14.0,6.159999999999998,6,0,8,0.136925000000745,0.4833333333333333
20,Block,1,6,48,1,0,Right,6.137800000004471,,,8,0,6.5905,0,4,1.52,2.26460000000149,0,49,Male,3,35.0,68.0,23.8,54.0,43.0,23.22,-19.0,25.0,0.5800000000000018,4,0,6,0.1761875,0.4833333333333333
20,Block,1,10,5,0,1,Left,4.0915,,,8,0,6.5927000000029805,0,4,1.8293000000044704,2.8378000000044703,0,49,Male,3,72.0,33.0,23.76,98.0,5.0,4.9,-26.0,28.0,18.86,7,0,10,0.1759124999996274,0.4833333333333333
20,Block,1,7,51,1,0,Right,4.022799999997019,,,8,0,7.71860000000149,0,3,1.93160000000149,2.9803000000044704,0,49,Male,2,41.0,94.0,38.54,48.0,70.0,33.599999999999994,-7.0,24.0,4.940000000000005,5,0,7,0.0351749999998137,0.4833333333333333
20,Block,1,17,56,1,0,Right,2.45610000000149,,,8,0,6.3898999999985095,0,2,1.1545,2.0832000000029804,0,49,Male,1,62.0,34.0,21.08,86.0,15.0,12.9,-24.0,19.0,8.180000000000001,6,0,17,0.2012625000001863,0.4833333333333333
20,Block,1,16,57,1,0,Left,2.5442000000029803,,,8,0,6.56019999999553,0,4,1.1938999999985098,2.00239999999851,0,49,Male,3,59.0,94.0,55.46,86.0,89.0,76.54,-27.0,5.0,-21.080000000000013,0,1,16,0.1799750000005587,0.4833333333333333
20,Block,1,3,58,1,0,Left,3.48920000000298,,,8,0,6.4155,0,3,1.6425,2.4109000000059604,0,49,Male,2,36.0,54.0,19.44,48.0,53.0,25.44,-12.0,1.0,-6.0,1,1,3,0.1980625,0.4833333333333333
20,Block,1,1,59,1,0,Left,6.80470000000298,,,8,0,5.70179999999702,0,4,1.99729999999702,2.8056999999955297,0,49,Male,3,8.0,64.0,5.12,25.0,34.0,8.5,-17.0,30.0,-3.38,2,1,1,0.2872750000003725,0.4833333333333333
20,Block,3,58,10,0,1,Right,2.8065,,,10,0,10.23089999999851,0,2,2.83129999999702,6.17539999999851,0,49,Male,1,5.0,55.0,2.75,35.0,36.0,12.6,-30.0,19.0,-9.85,1,1,18,0.0230899999998509,0.4833333333333333
20,Block,3,55,11,0,1,Left,3.0776000000014903,,,10,0,8.70060000000149,0,2,2.301,3.4215,0,49,Male,1,72.0,85.0,61.2,86.0,66.0,56.760000000000005,-14.0,19.0,4.439999999999991,5,0,15,0.129939999999851,0.4833333333333333
20,Block,3,44,14,0,1,Right,3.44339999999851,,,10,0,7.60659999999404,0,3,3.2157000000029803,3.92,0,49,Male,2,33.0,61.0,20.13,51.0,44.0,22.44,-18.0,17.0,-2.3100000000000023,2,1,4,0.239340000000596,0.4833333333333333
20,Block,3,47,20,0,1,Right,4.85340000000596,,,10,0,7.71489999999851,0,3,4.13139999999851,4.739299999997019,0,49,Male,2,35.0,24.0,8.4,65.0,14.0,9.1,-30.0,10.0,-0.7000000000000011,3,1,7,0.228510000000149,0.4833333333333333
20,Block,3,43,23,1,0,Right,2.305199999995529,,,10,0,8.509,0,4,2.04110000000149,2.8014000000059607,0,49,Male,3,52.0,36.0,18.72,63.0,27.0,17.01,-11.0,9.0,1.7099999999999973,4,0,3,0.1490999999999999,0.4833333333333333
20,Block,3,46,26,1,0,Left,2.37279999999702,,,10,0,7.701599999994039,0,2,1.1772000000029803,1.81770000000298,0,49,Male,1,95.0,74.0,70.3,97.0,49.0,47.53,-2.0,25.0,22.77,7,1,6,0.229840000000596,0.4833333333333333
20,Block,3,45,27,0,1,Left,4.31439999999851,,,10,0,7.91170000000298,0,4,2.2732000000029804,3.12139999999851,0,49,Male,3,18.0,49.0,8.82,23.0,29.0,6.67,-5.0,20.0,2.1500000000000004,5,0,5,0.208829999999702,0.4833333333333333
20,Block,3,54,29,1,0,Right,2.68460000000149,,,10,0,7.7475,0,1,1.19060000000149,1.8866000000014904,0,49,Male,1,64.0,32.0,20.48,69.0,4.0,2.76,-5.0,28.0,17.72,7,0,14,0.22525,0.4833333333333333
20,Block,3,53,30,0,1,Right,2.164,,,10,0,8.48729999999702,0,2,1.38110000000149,2.0215,0,49,Male,1,71.0,82.0,58.22,80.0,78.0,62.400000000000006,-9.0,4.0,-4.180000000000007,2,1,13,0.1512700000002979,0.4833333333333333
20,Block,3,49,31,0,1,Right,3.66089999999851,,,10,0,7.65739999999851,0,2,3.1225,3.722800000004472,0,49,Male,1,59.0,23.0,13.57,74.0,22.0,16.28,-15.0,1.0,-2.710000000000001,2,1,9,0.234260000000149,0.4833333333333333
20,Block,3,59,38,0,1,Right,2.2795,,,10,0,8.629,0,1,2.2804000000059603,2.8723000000044703,0,49,Male,1,43.0,54.0,23.22,63.0,45.0,28.35,-20.0,9.0,-5.129999999999999,1,1,19,0.1371,0.4833333333333333
20,Block,3,60,40,1,0,Left,2.6748999999985097,,,10,0,8.32670000000298,0,1,2.1031000000014903,2.7035,0,49,Male,1,30.0,41.0,12.3,60.0,35.0,21.0,-30.0,6.0,-8.700000000000001,1,1,20,0.167329999999702,0.4833333333333333
20,Block,3,48,41,0,1,Left,2.61689999999851,,,10,0,8.621,0,1,2.10729999999702,2.68389999999851,0,49,Male,1,35.0,40.0,14.0,48.0,10.0,4.800000000000001,-13.0,30.0,9.2,6,0,8,0.1378999999999999,0.4833333333333333
20,Block,3,56,45,1,0,Left,1.56939999999851,,,10,0,8.82429999999702,0,1,1.48489999999851,2.30129999999702,0,49,Male,1,52.0,92.0,47.84,72.0,91.0,65.52,-20.0,1.0,-17.679999999999993,0,1,16,0.1175700000002979,0.4833333333333333
20,Block,3,41,49,1,0,Left,2.25939999999851,,,10,0,9.35409999999404,0,1,4.0995,4.78779999999702,0,49,Male,1,69.0,87.0,60.03,99.0,86.0,85.14,-30.0,1.0,-25.11,0,1,1,0.064590000000596,0.4833333333333333
20,Block,3,52,52,1,0,Right,3.4441999999955297,,,10,0,8.67459999999404,0,3,2.7583000000044704,3.670800000004472,0,49,Male,2,62.0,92.0,57.04,83.0,62.0,51.46,-21.0,30.0,5.579999999999998,5,0,12,0.132540000000596,0.4833333333333333
20,Block,3,42,53,0,1,Right,4.10959999999404,,,10,0,9.1955,0,4,2.656,4.05630000000447,0,49,Male,3,69.0,28.0,19.32,81.0,23.0,18.630000000000003,-12.0,5.0,0.6899999999999977,4,1,2,0.08045,0.4833333333333333
20,Block,3,51,54,0,1,Right,4.2625,,,10,0,8.707,0,5,2.56839999999851,3.241,0,49,Male,3,47.0,37.0,17.39,77.0,23.0,17.71,-30.0,14.0,-0.3200000000000003,3,1,11,0.1292999999999999,0.4833333333333333
20,Block,3,50,8,0,1,Left,2.94179999999702,,,10,0,7.76689999999851,0,1,2.18330000000447,3.0959000000059604,0,49,Male,1,65.0,49.0,31.85,71.0,33.0,23.43,-6.0,16.0,8.419999999999998,6,0,10,0.2233100000001489,0.4833333333333333
20,Block,3,57,9,0,1,Left,3.90179999999702,,,10,0,8.68160000000149,0,2,2.047,2.7114000000059604,0,49,Male,1,39.0,66.0,25.74,40.0,50.0,20.0,-1.0,16.0,5.740000000000002,6,0,17,0.131839999999851,0.4833333333333333
21,Block,1,3,1,1,0,Left,1.45060000000149,,,6,0,3.61989999999851,0,2,1.1565,1.5883000000044702,0,35,Male,1,18.0,44.0,7.92,40.0,39.0,15.6,-22.0,5.0,-7.6800000000000015,1,1,3,0.3966833333335817,0.4166666666666667
21,Block,1,10,18,1,0,Right,1.8840999999940395,,,6,0,3.88710000000149,0,2,1.2757999999970198,1.8761999999955297,0,35,Male,1,73.0,32.0,23.36,82.0,2.0,1.64,-9.0,30.0,21.72,7,0,10,0.3521499999997516,0.4166666666666667
21,Block,1,15,19,0,1,Left,1.43,,,6,0,4.05520000000298,0,2,0.944,1.48060000000149,0,35,Male,1,24.0,74.0,17.759999999999998,25.0,64.0,16.0,-1.0,10.0,1.759999999999998,5,0,15,0.3241333333328366,0.4166666666666667
21,Block,1,7,24,1,0,Left,1.5196000000014902,,,6,0,3.7743000000044704,0,2,1.2085,1.6262000000029802,0,35,Male,1,7.0,96.0,6.72,37.0,66.0,24.42,-30.0,30.0,-17.700000000000003,0,1,7,0.3709499999992549,0.4166666666666667
21,Block,1,14,25,0,1,Left,1.3298000000044703,,,6,0,4.60619999999553,0,2,1.7152999999970198,2.1796999999955298,0,35,Male,1,52.0,96.0,49.92,55.0,83.0,45.65,-3.0,13.0,4.270000000000003,5,0,14,0.232300000000745,0.4166666666666667
21,Block,1,19,28,0,1,Right,2.5798000000044703,,,6,0,4.86620000000298,0,3,2.16379999999702,2.78,0,35,Male,2,11.0,72.0,7.92,33.0,45.0,14.85,-22.0,27.0,-6.93,1,1,19,0.18896666666617,0.4166666666666667
21,Block,1,2,3,0,1,Left,1.4682000000029802,,,6,0,4.15510000000149,0,2,1.9086000000014904,2.9888000000044705,0,35,Male,1,76.0,72.0,54.72,99.0,48.0,47.52,-23.0,24.0,7.200000000000003,6,0,2,0.3074833333330849,0.4166666666666667
21,Block,1,5,34,0,1,Left,1.66689999999851,,,6,0,4.37069999999553,0,3,1.6075999999940396,2.12739999999851,0,35,Male,2,27.0,60.0,16.2,36.0,41.0,14.76,-9.0,19.0,1.4399999999999995,4,0,5,0.271550000000745,0.4166666666666667
21,Block,1,6,35,1,0,Right,1.34639999999851,,,6,0,4.91660000000149,0,2,4.40689999999851,4.86339999999851,0,35,Male,1,36.0,37.0,13.32,51.0,10.0,5.1000000000000005,-15.0,27.0,8.219999999999999,6,0,6,0.1805666666664183,0.4166666666666667
21,Block,1,1,36,1,0,Right,1.7872999999970198,,,6,0,3.55960000000149,0,2,1.85910000000149,2.50670000000298,0,35,Male,1,75.0,31.0,23.25,96.0,14.0,13.44,-21.0,17.0,9.81,7,0,1,0.406733333333085,0.4166666666666667
21,Block,1,12,37,1,0,Right,3.38970000000298,,,6,0,6.18779999999702,0,2,1.4327999999970198,2.209,0,35,Male,1,48.0,35.0,16.799999999999997,61.0,19.0,11.59,-13.0,16.0,5.209999999999997,5,0,12,0.0312999999995033,0.4166666666666667
21,Block,1,20,39,0,1,Left,2.60679999999702,,,6,0,4.397,0,2,1.3521999999955296,2.2005,0,35,Male,1,36.0,68.0,24.48,55.0,48.0,26.4,-19.0,20.0,-1.9199999999999984,2,0,20,0.2671666666666666,0.4166666666666667
21,Block,1,13,42,1,0,Right,1.58760000000149,,,6,0,4.6223999999985095,0,2,1.3035,1.76710000000149,0,35,Male,1,50.0,89.0,44.5,66.0,67.0,44.220000000000006,-16.0,22.0,0.279999999999994,4,0,13,0.2296000000002484,0.4166666666666667
21,Block,1,8,43,1,0,Left,1.77879999999702,,,6,0,5.31429999999702,0,3,1.6003000000044705,2.09710000000149,0,35,Male,2,17.0,73.0,12.41,42.0,63.0,26.46,-25.0,10.0,-14.05,0,1,8,0.1142833333338299,0.4166666666666667
21,Block,1,16,46,0,1,Left,1.7211000000014902,,,6,0,4.23239999999851,0,2,1.79739999999851,2.5505,0,35,Male,1,78.0,38.0,29.64,90.0,15.0,13.5,-12.0,23.0,16.14,7,0,16,0.2946000000002484,0.4166666666666667
21,Block,1,4,50,1,0,Left,4.24689999999851,,,6,0,4.80789999999851,0,3,1.05439999999851,1.5668999999985098,0,35,Male,2,2.0,34.0,0.68,29.0,13.0,3.77,-27.0,21.0,-3.09,2,1,4,0.1986833333335817,0.4166666666666667
21,Block,1,9,55,1,0,Right,2.6522000000029804,,,6,0,3.5966999999955296,0,2,1.4243000000044703,1.8242000000029803,0,35,Male,1,35.0,92.0,32.2,41.0,81.0,33.21,-6.0,11.0,-1.009999999999998,3,0,9,0.4005500000007451,0.4166666666666667
21,Block,1,18,7,0,1,Right,2.23410000000149,,,6,0,4.501200000002981,0,3,1.1127999999970195,1.6406999999955296,0,35,Male,2,61.0,62.0,37.82,69.0,61.0,42.09,-8.0,1.0,-4.269999999999996,2,1,18,0.2497999999995032,0.4166666666666667
21,Block,3,56,12,1,0,Right,1.5427999999970197,,,8,0,4.905300000004471,0,2,1.94179999999702,2.37429999999702,0,35,Male,1,72.0,98.0,70.56,73.0,77.0,56.21,-1.0,21.0,14.35,7,0,16,0.3868374999994411,0.4166666666666667
21,Block,3,48,13,0,1,Left,1.88679999999702,,,8,0,7.0773999999985095,0,3,1.1771000000014902,1.794,0,35,Male,2,73.0,49.0,35.77,81.0,42.0,34.02,-8.0,7.0,1.75,4,0,8,0.1153250000001863,0.4166666666666667
21,Block,3,54,15,0,1,Left,2.9115,,,8,0,3.71639999999851,0,1,1.5395,1.9075,0,35,Male,1,36.0,75.0,27.0,52.0,61.0,31.72,-16.0,14.0,-4.719999999999999,2,0,14,0.5354500000001863,0.4166666666666667
21,Block,3,47,16,1,0,Right,1.69,,,8,0,6.03370000000298,0,2,1.5267000000029802,2.207,0,35,Male,1,23.0,12.0,2.76,26.0,6.0,1.56,-3.0,6.0,1.1999999999999995,4,0,7,0.2457874999996274,0.4166666666666667
21,Block,3,45,17,1,0,Right,2.39510000000149,,,8,0,3.13530000000447,0,2,1.7842999999970195,2.1603999999985097,0,35,Male,1,31.0,38.0,11.78,46.0,29.0,13.34,-15.0,9.0,-1.5600000000000005,3,0,5,0.6080874999994412,0.4166666666666667
21,Block,3,43,2,1,0,Left,3.8054000000059607,,,8,0,6.3205,0,3,2.91579999999702,3.61210000000149,0,35,Male,2,40.0,63.0,25.2,57.0,58.0,33.059999999999995,-17.0,5.0,-7.859999999999996,1,1,3,0.2099375,0.4166666666666667
21,Block,3,50,21,1,0,Right,0.9732999999970198,,,8,0,6.14519999999553,0,2,1.7364000000059605,2.18470000000298,0,35,Male,1,26.0,59.0,15.34,36.0,33.0,11.88,-10.0,26.0,3.459999999999999,5,0,10,0.2318500000005587,0.4166666666666667
21,Block,3,41,22,0,1,Left,1.0981000000014902,,,8,0,4.1875,0,2,3.10060000000149,3.5805,0,35,Male,1,24.0,95.0,22.8,53.0,71.0,37.63,-29.0,24.0,-14.829999999999998,0,0,1,0.4765625,0.4166666666666667
21,Block,3,44,32,0,1,Left,1.18660000000149,,,8,0,5.8795,0,2,4.9677000000029805,5.47989999999851,0,35,Male,1,59.0,31.0,18.29,60.0,1.0,0.6,-1.0,30.0,17.689999999999998,7,0,4,0.2650625,0.4166666666666667
21,Block,3,46,33,0,1,Right,2.34060000000149,,,8,0,6.1225,0,2,1.9926999999955293,2.56089999999851,0,35,Male,1,57.0,51.0,29.07,62.0,48.0,29.76,-5.0,3.0,-0.6899999999999977,3,1,6,0.2346875,0.4166666666666667
21,Block,3,55,4,1,0,Left,2.66739999999851,,,8,0,4.77689999999851,0,3,1.67860000000149,2.199,0,35,Male,2,72.0,82.0,59.04,73.0,81.0,59.13,-1.0,1.0,-0.0900000000000034,3,1,15,0.4028875000001862,0.4166666666666667
21,Block,3,49,44,0,1,Right,1.9258000000044704,,,8,1,9.85470000000298,0,3,1.2574000000059604,1.8503000000044705,0,35,Male,2,19.0,86.0,16.34,45.0,71.0,31.95,-26.0,15.0,-15.61,0,1,9,0.2318375000003725,0.4166666666666667
21,Block,3,57,47,0,1,Left,5.8776000000014905,,,8,0,4.15220000000298,0,3,1.4235,1.9675,0,35,Male,2,68.0,30.0,20.4,89.0,16.0,14.24,-21.0,14.0,6.159999999999998,6,0,17,0.4809749999996274,0.4166666666666667
21,Block,3,53,48,1,0,Left,2.8143000000044704,,,8,0,6.26920000000298,0,2,1.8948000000044705,2.30320000000298,0,35,Male,1,35.0,68.0,23.8,54.0,43.0,23.22,-19.0,25.0,0.5800000000000018,4,1,13,0.2163499999996274,0.4166666666666667
21,Block,3,42,5,1,0,Right,2.44629999999702,,,8,0,2.94689999999851,0,3,2.6681000000014903,3.229,0,35,Male,2,72.0,33.0,23.76,98.0,5.0,4.9,-26.0,28.0,18.86,7,0,2,0.6316375000001863,0.4166666666666667
21,Block,3,58,51,0,1,Left,1.6103000000044705,,,8,0,6.86920000000298,0,1,1.235,1.5801000000014902,0,35,Male,1,41.0,94.0,38.54,48.0,70.0,33.599999999999994,-7.0,24.0,4.940000000000005,5,0,18,0.1413499999996275,0.4166666666666667
21,Block,3,59,56,0,1,Left,2.1181999999955297,,,8,0,6.523700000002981,0,2,1.5687999999970197,1.9685,0,35,Male,1,62.0,34.0,21.08,86.0,15.0,12.9,-24.0,19.0,8.180000000000001,6,0,19,0.1845374999996274,0.4166666666666667
21,Block,3,60,57,0,1,Right,2.13820000000298,,,8,0,4.59110000000149,0,2,1.4877000000029803,1.95179999999702,0,35,Male,1,59.0,94.0,55.46,86.0,89.0,76.54,-27.0,5.0,-21.080000000000013,0,1,20,0.4261124999998137,0.4166666666666667
21,Block,3,52,58,1,0,Left,1.6353999999985098,,,8,0,9.32809999999404,0,2,1.5352999999970198,1.9510999999940395,0,35,Male,1,36.0,54.0,19.44,48.0,53.0,25.44,-12.0,1.0,-6.0,1,1,12,0.1660124999992549,0.4166666666666667
21,Block,3,51,59,1,0,Left,2.2405,,,8,0,6.391,0,3,1.92870000000298,2.8574000000059603,0,35,Male,2,8.0,64.0,5.12,25.0,34.0,8.5,-17.0,30.0,-3.38,2,1,11,0.201125,0.4166666666666667
21,Block,2,33,10,1,0,Left,1.93160000000149,,,10,0,6.08329999999702,0,2,2.22560000000149,2.73,0,35,Male,1,5.0,55.0,2.75,35.0,36.0,12.6,-30.0,19.0,-9.85,1,1,13,0.391670000000298,0.4166666666666667
21,Block,2,36,11,1,0,Right,2.50260000000149,,,10,0,9.45780000000447,0,2,1.4035,1.91560000000149,0,35,Male,1,72.0,85.0,61.2,86.0,66.0,56.760000000000005,-14.0,19.0,4.439999999999991,5,0,16,0.054219999999553,0.4166666666666667
21,Block,2,27,14,1,0,Right,2.3975,,,10,0,6.8098999999985095,0,2,2.38129999999702,2.7413999999985097,0,35,Male,1,33.0,61.0,20.13,51.0,44.0,22.44,-18.0,17.0,-2.3100000000000023,2,0,7,0.319010000000149,0.4166666666666667
21,Block,2,21,20,1,0,Left,3.20060000000149,,,10,0,6.73629999999702,0,3,1.1592000000029803,1.81560000000149,0,35,Male,2,35.0,24.0,8.4,65.0,14.0,9.1,-30.0,10.0,-0.7000000000000011,3,1,1,0.326370000000298,0.4166666666666667
21,Block,2,25,23,0,1,Left,2.08870000000298,,,10,0,5.56860000000149,0,2,1.4555,2.0878000000044703,0,35,Male,1,52.0,36.0,18.72,63.0,27.0,17.01,-11.0,9.0,1.7099999999999973,4,0,5,0.443139999999851,0.4166666666666667
21,Block,2,23,26,1,0,Right,1.8301999999955296,,,10,0,5.45909999999404,0,2,4.109,4.50129999999702,0,35,Male,1,95.0,74.0,70.3,97.0,49.0,47.53,-2.0,25.0,22.77,7,0,3,0.454090000000596,0.4166666666666667
21,Block,2,40,27,0,1,Left,2.25939999999851,,,10,0,5.987,0,2,2.177699999995529,2.7221999999955298,0,35,Male,1,18.0,49.0,8.82,23.0,29.0,6.67,-5.0,20.0,2.1500000000000004,5,0,20,0.4013,0.4166666666666667
21,Block,2,22,29,1,0,Right,2.1514000000059603,,,10,0,6.62930000000447,0,2,1.6835,2.28410000000149,0,35,Male,1,64.0,32.0,20.48,69.0,4.0,2.76,-5.0,28.0,17.72,7,0,2,0.337069999999553,0.4166666666666667
21,Block,2,24,30,1,0,Left,2.94879999999702,,,10,0,4.95769999999553,0,3,2.1943000000044703,2.67439999999851,0,35,Male,2,71.0,82.0,58.22,80.0,78.0,62.400000000000006,-9.0,4.0,-4.180000000000007,2,1,4,0.504230000000447,0.4166666666666667
21,Block,2,38,31,1,0,Left,1.8993999999985096,,,10,0,5.45730000000447,0,2,1.485,1.9495,0,35,Male,1,59.0,23.0,13.57,74.0,22.0,16.28,-15.0,1.0,-2.710000000000001,2,1,18,0.454269999999553,0.4166666666666667
21,Block,2,34,38,0,1,Right,2.51189999999851,,,10,0,8.1885,0,2,6.36860000000149,6.977,0,35,Male,1,43.0,54.0,23.22,63.0,45.0,28.35,-20.0,9.0,-5.129999999999999,1,1,14,0.18115,0.4166666666666667
21,Block,2,37,40,1,0,Left,1.4824000000059605,,,10,0,7.51010000000149,0,2,2.0658999999985097,2.665699999995529,0,35,Male,1,30.0,41.0,12.3,60.0,35.0,21.0,-30.0,6.0,-8.700000000000001,1,1,17,0.248989999999851,0.4166666666666667
21,Block,2,31,41,1,0,Right,2.53359999999404,,,10,0,9.712,0,2,1.29439999999851,1.71060000000149,0,35,Male,1,35.0,40.0,14.0,48.0,10.0,4.800000000000001,-13.0,30.0,9.2,6,0,11,0.0288,0.4166666666666667
21,Block,2,39,45,0,1,Right,2.08330000000447,,,10,0,10.51989999999851,0,1,2.1256000000014903,2.5337999999970195,0,35,Male,1,52.0,92.0,47.84,72.0,91.0,65.52,-20.0,1.0,-17.679999999999993,0,1,19,0.0519899999998509,0.4166666666666667
21,Block,2,32,53,1,0,Left,1.427,,,10,0,7.4875,0,2,2.336,3.2565,0,35,Male,1,69.0,28.0,19.32,81.0,23.0,18.630000000000003,-12.0,5.0,0.6899999999999977,4,1,12,0.25125,0.4166666666666667
21,Block,2,30,54,0,1,Right,4.56920000000298,,,10,0,7.9,0,3,1.432,2.0085,0,35,Male,2,47.0,37.0,17.39,77.0,23.0,17.71,-30.0,14.0,-0.3200000000000003,3,1,10,0.2099999999999999,0.4166666666666667
21,Block,2,28,8,0,1,Left,3.254,,,10,0,6.40729999999702,0,2,2.2198000000044704,2.89220000000298,0,35,Male,1,65.0,49.0,31.85,71.0,33.0,23.43,-6.0,16.0,8.419999999999998,6,0,8,0.3592700000002979,0.4166666666666667
21,Block,2,29,9,1,0,Right,2.01179999999702,,,10,0,6.37160000000149,0,1,2.9688999999985097,3.3826999999955296,0,35,Male,1,39.0,66.0,25.74,40.0,50.0,20.0,-1.0,16.0,5.740000000000002,6,0,9,0.3628399999998509,0.4166666666666667
22,Block,3,57,1,0,1,Right,2.871400000035763,,,6,0,4.883099999964237,0,3,13.113600000023842,13.90819999998808,0,41,Male,2,18.0,44.0,7.92,40.0,39.0,15.6,-22.0,5.0,-7.6800000000000015,1,1,17,0.1861500000059604,0.2833333333333333
22,Block,3,49,18,1,0,Right,1.753100000023842,,,6,0,4.789800000011921,0,2,0.5821000000238419,0.982199999988079,0,41,Male,1,73.0,32.0,23.36,82.0,2.0,1.64,-9.0,30.0,21.72,7,0,9,0.2016999999980132,0.2833333333333333
22,Block,3,47,24,0,1,Right,2.756,,,6,0,5.1655,0,3,1.0834000000357629,1.632199999988079,0,41,Male,2,7.0,96.0,6.72,37.0,66.0,24.42,-30.0,30.0,-17.700000000000003,0,1,7,0.1390833333333333,0.2833333333333333
22,Block,3,55,25,0,1,Left,1.0221000000238418,,,6,0,5.503800000011921,0,1,0.8025999999642373,1.3828999999761582,0,41,Male,1,52.0,96.0,49.92,55.0,83.0,45.65,-3.0,13.0,4.270000000000003,5,0,15,0.0826999999980131,0.2833333333333333
22,Block,3,42,28,1,0,Right,1.696800000011921,,,6,0,5.109400000035762,0,2,1.3264000000357627,1.804,0,41,Male,1,11.0,72.0,7.92,33.0,45.0,14.85,-22.0,27.0,-6.93,1,0,2,0.148433333327373,0.2833333333333333
22,Block,3,56,3,0,1,Left,1.3344000000357628,,,6,0,5.158400000035763,0,1,0.9755,1.535800000011921,0,41,Male,1,76.0,72.0,54.72,99.0,48.0,47.52,-23.0,24.0,7.200000000000003,6,0,16,0.1402666666607062,0.2833333333333333
22,Block,3,45,34,1,0,Right,1.827,,,6,0,5.954899999976158,0,2,0.8355,1.3975,0,41,Male,1,27.0,60.0,16.2,36.0,41.0,14.76,-9.0,19.0,1.4399999999999995,4,0,5,0.0075166666706403,0.2833333333333333
22,Block,3,58,35,1,0,Right,1.5541999999880791,,,6,0,3.76,0,2,1.193300000011921,1.6095,0,41,Male,1,36.0,37.0,13.32,51.0,10.0,5.1000000000000005,-15.0,27.0,8.219999999999999,6,0,18,0.3733333333333333,0.2833333333333333
22,Block,3,46,36,1,0,Right,1.307600000023842,,,6,0,4.658,0,2,0.980100000023842,1.7523000000119209,0,41,Male,1,75.0,31.0,23.25,96.0,14.0,13.44,-21.0,17.0,9.81,7,0,6,0.2236666666666666,0.2833333333333333
22,Block,3,51,37,1,0,Right,1.6435,,,6,0,4.495100000023842,0,2,0.8190999999642372,1.2762999999523164,0,41,Male,1,48.0,35.0,16.799999999999997,61.0,19.0,11.59,-13.0,16.0,5.209999999999997,5,0,11,0.250816666662693,0.2833333333333333
22,Block,3,53,39,0,1,Left,5.5140999999642375,,,6,0,5.5171000000238415,0,2,0.8462999999523163,1.7663999999761582,0,41,Male,1,36.0,68.0,24.48,55.0,48.0,26.4,-19.0,20.0,-1.9199999999999984,2,0,13,0.0804833333293597,0.2833333333333333
22,Block,3,41,42,1,0,Right,1.7279000000357627,,,6,0,5.008899999976158,0,2,3.729300000011921,4.305199999988079,0,41,Male,1,50.0,89.0,44.5,66.0,67.0,44.220000000000006,-16.0,22.0,0.279999999999994,4,0,1,0.1651833333373069,0.2833333333333333
22,Block,3,59,43,0,1,Right,1.7495,,,6,0,5.050100000023842,0,2,0.6500999999642372,1.2898999999761582,0,41,Male,1,17.0,73.0,12.41,42.0,63.0,26.46,-25.0,10.0,-14.05,0,1,19,0.158316666662693,0.2833333333333333
22,Block,3,48,50,0,1,Right,3.752200000047684,,,6,0,5.177800000011921,0,3,0.7861000000238418,1.3705,0,41,Male,2,2.0,34.0,0.68,29.0,13.0,3.77,-27.0,21.0,-3.09,2,1,8,0.1370333333313465,0.2833333333333333
22,Block,3,50,55,1,0,Right,5.898100000023842,,,6,0,5.18569999998808,0,4,0.8691999999880791,1.4764000000357629,0,41,Male,3,35.0,92.0,32.2,41.0,81.0,33.21,-6.0,11.0,-1.009999999999998,3,0,10,0.1357166666686532,0.2833333333333333
22,Block,3,44,6,1,0,Right,4.144899999976158,,,6,0,4.683399999976158,0,3,0.869,1.3622000000476835,0,41,Male,2,41.0,64.0,26.24,52.0,51.0,26.52,-11.0,13.0,-0.2799999999999976,3,0,4,0.2194333333373069,0.2833333333333333
22,Block,3,60,60,1,0,Left,1.823,,,6,0,5.3112999999523165,0,1,0.4925,1.270699999988079,0,41,Male,1,56.0,75.0,42.0,81.0,74.0,59.94,-25.0,1.0,-17.939999999999998,0,1,20,0.1147833333412805,0.2833333333333333
22,Block,3,43,7,0,1,Right,2.310600000023842,,,6,0,5.722400000035763,0,2,0.545699999988079,1.003800000011921,0,41,Male,1,61.0,62.0,37.82,69.0,61.0,42.09,-8.0,1.0,-4.269999999999996,2,1,3,0.0462666666607061,0.2833333333333333
22,Block,2,26,12,0,1,Left,1.4791999999880792,,,8,0,6.197599999964237,0,1,0.692,1.255600000023842,0,41,Male,1,72.0,98.0,70.56,73.0,77.0,56.21,-1.0,21.0,14.35,7,0,6,0.2253000000044703,0.2833333333333333
22,Block,2,36,13,0,1,Left,4.654,,,8,0,6.4845,0,3,0.6156000000238419,1.2256000000238418,0,41,Male,2,73.0,49.0,35.77,81.0,42.0,34.02,-8.0,7.0,1.75,4,0,16,0.1894375,0.2833333333333333
22,Block,2,40,16,1,0,Right,2.080399999976158,,,8,0,5.921800000011921,0,1,1.429100000023842,2.193199999988079,0,41,Male,1,23.0,12.0,2.76,26.0,6.0,1.56,-3.0,6.0,1.1999999999999995,4,0,20,0.2597749999985098,0.2833333333333333
22,Block,2,31,17,0,1,Left,1.257199999988079,,,8,0,6.347399999976158,0,3,0.8820999999642372,1.441899999976158,0,41,Male,2,31.0,38.0,11.78,46.0,29.0,13.34,-15.0,9.0,-1.5600000000000005,3,0,11,0.2065750000029802,0.2833333333333333
22,Block,2,35,2,0,1,Right,2.62,,,8,0,5.222900000035763,0,3,0.7625,1.3590999999642372,0,41,Male,2,40.0,63.0,25.2,57.0,58.0,33.059999999999995,-17.0,5.0,-7.859999999999996,1,1,15,0.3471374999955297,0.2833333333333333
22,Block,2,38,21,1,0,Right,2.3387999999523164,,,8,0,4.772199999988079,0,3,1.0164000000357627,1.5831000000238418,0,41,Male,2,26.0,59.0,15.34,36.0,33.0,11.88,-10.0,26.0,3.459999999999999,5,0,18,0.4034750000014901,0.2833333333333333
22,Block,2,32,22,0,1,Left,1.840699999988079,,,8,0,5.010699999988079,0,3,1.323800000011921,1.914200000047684,0,41,Male,2,24.0,95.0,22.8,53.0,71.0,37.63,-29.0,24.0,-14.829999999999998,0,0,12,0.3736625000014901,0.2833333333333333
22,Block,2,25,32,1,0,Right,1.158600000023842,,,8,0,6.681800000011921,0,1,0.7955999999642372,1.5343999999761582,0,41,Male,1,59.0,31.0,18.29,60.0,1.0,0.6,-1.0,30.0,17.689999999999998,7,0,5,0.1647749999985098,0.2833333333333333
22,Block,2,21,33,0,1,Left,1.9220999999642367,,,8,0,5.828199999988079,0,2,2.792,3.340399999976158,0,41,Male,1,57.0,51.0,29.07,62.0,48.0,29.76,-5.0,3.0,-0.6899999999999977,3,0,1,0.2714750000014901,0.2833333333333333
22,Block,2,34,4,0,1,Left,1.101800000011921,,,8,0,6.8455,0,1,0.9885,1.8086000000238416,0,41,Male,1,72.0,82.0,59.04,73.0,81.0,59.13,-1.0,1.0,-0.0900000000000034,3,0,14,0.1443124999999999,0.2833333333333333
22,Block,2,37,44,1,0,Left,2.047199999988079,,,8,0,7.110399999976158,0,3,0.7553999999761581,1.336,0,41,Male,2,19.0,86.0,16.34,45.0,71.0,31.95,-26.0,15.0,-15.61,0,1,17,0.1112000000029802,0.2833333333333333
22,Block,2,23,47,1,0,Right,1.702,,,8,0,4.915099999964237,0,2,1.2275,1.9397999999523163,0,41,Male,1,68.0,30.0,20.4,89.0,16.0,14.24,-21.0,14.0,6.159999999999998,6,0,3,0.3856125000044703,0.2833333333333333
22,Block,2,28,48,0,1,Left,2.411199999988079,,,8,0,5.415900000035763,0,2,2.920300000011921,3.5286000000238418,0,41,Male,1,35.0,68.0,23.8,54.0,43.0,23.22,-19.0,25.0,0.5800000000000018,4,0,8,0.3230124999955296,0.2833333333333333
22,Block,2,33,5,1,0,Right,1.171300000011921,,,8,0,8.765800000011922,0,1,1.74,2.985900000035763,0,41,Male,1,72.0,33.0,23.76,98.0,5.0,4.9,-26.0,28.0,18.86,7,0,13,0.0957250000014902,0.2833333333333333
22,Block,2,29,51,0,1,Left,1.6488999999761582,,,8,0,5.344200000047684,0,1,0.7628000000119209,1.1475,0,41,Male,1,41.0,94.0,38.54,48.0,70.0,33.599999999999994,-7.0,24.0,4.940000000000005,5,0,9,0.3319749999940394,0.2833333333333333
22,Block,2,22,56,1,0,Right,1.807700000047684,,,8,0,7.007699999988079,0,2,3.8385,4.328399999976158,0,41,Male,1,62.0,34.0,21.08,86.0,15.0,12.9,-24.0,19.0,8.180000000000001,6,0,2,0.1240375000014901,0.2833333333333333
22,Block,2,24,57,0,1,Right,2.487800000011921,,,8,0,5.384200000047684,0,3,0.9678999999761582,1.538199999988079,0,41,Male,2,59.0,94.0,55.46,86.0,89.0,76.54,-27.0,5.0,-21.080000000000013,0,1,4,0.3269749999940394,0.2833333333333333
22,Block,2,30,58,0,1,Right,2.8485,,,8,0,4.548899999976158,0,2,0.8776000000238419,2.4501000000238418,0,41,Male,1,36.0,54.0,19.44,48.0,53.0,25.44,-12.0,1.0,-6.0,1,1,10,0.4313875000029802,0.2833333333333333
22,Block,2,27,59,0,1,Right,3.139799999952316,,,8,0,6.435899999976158,0,2,1.679,2.2410999999642374,0,41,Male,1,8.0,64.0,5.12,25.0,34.0,8.5,-17.0,30.0,-3.38,2,1,7,0.1955125000029802,0.2833333333333333
22,Block,1,16,10,0,1,Right,2.519300000011921,,,10,0,6.542800000011921,0,2,1.2301000000238418,1.7147000000476835,0,41,Male,1,5.0,55.0,2.75,35.0,36.0,12.6,-30.0,19.0,-9.85,1,1,16,0.3457199999988079,0.2833333333333333
22,Block,1,12,11,1,0,Right,2.199,,,10,0,6.635099999964237,0,2,1.2956999999880792,1.8838000000119208,0,41,Male,1,72.0,85.0,61.2,86.0,66.0,56.760000000000005,-14.0,19.0,4.439999999999991,5,0,12,0.3364900000035763,0.2833333333333333
22,Block,1,9,14,1,0,Left,5.446200000047684,,,10,0,4.82519999998808,0,3,0.9212999999523164,1.488399999976158,0,41,Male,2,33.0,61.0,20.13,51.0,44.0,22.44,-18.0,17.0,-2.3100000000000023,2,1,9,0.517480000001192,0.2833333333333333
22,Block,1,18,23,0,1,Left,1.8425999999642373,,,10,0,7.714699999988079,0,2,3.6516999999880793,4.314699999988079,0,41,Male,1,52.0,36.0,18.72,63.0,27.0,17.01,-11.0,9.0,1.7099999999999973,4,0,18,0.228530000001192,0.2833333333333333
22,Block,1,7,26,1,0,Right,2.948100000023842,,,10,0,6.9965,0,1,2.8195,3.548599999964237,0,41,Male,1,95.0,74.0,70.3,97.0,49.0,47.53,-2.0,25.0,22.77,7,0,7,0.30035,0.2833333333333333
22,Block,1,2,27,1,0,Right,1.8621999999880792,,,10,0,7.4165,0,2,1.7549000000357629,2.5053000000119208,0,41,Male,1,18.0,49.0,8.82,23.0,29.0,6.67,-5.0,20.0,2.1500000000000004,5,0,2,0.2583499999999999,0.2833333333333333
22,Block,1,13,29,0,1,Left,1.6187999999523164,,,10,0,6.963800000011921,0,1,1.4246999999880792,1.972699999988079,0,41,Male,1,64.0,32.0,20.48,69.0,4.0,2.76,-5.0,28.0,17.72,7,0,13,0.3036199999988079,0.2833333333333333
22,Block,1,8,30,0,1,Left,3.7225,,,10,0,5.725699999988079,0,2,1.8143999999761584,2.791,0,41,Male,1,71.0,82.0,58.22,80.0,78.0,62.400000000000006,-9.0,4.0,-4.180000000000007,2,0,8,0.4274300000011921,0.2833333333333333
22,Block,1,15,31,1,0,Left,1.9633999999761584,,,10,0,6.254399999976158,0,2,1.2643000000119209,1.8623999999761585,0,41,Male,1,59.0,23.0,13.57,74.0,22.0,16.28,-15.0,1.0,-2.710000000000001,2,1,15,0.3745600000023842,0.2833333333333333
22,Block,1,1,38,0,1,Left,2.009799999952316,,,10,0,6.3895,0,2,2.764399999976158,3.279,0,41,Male,1,43.0,54.0,23.22,63.0,45.0,28.35,-20.0,9.0,-5.129999999999999,1,0,1,0.36105,0.2833333333333333
22,Block,1,6,40,0,1,Right,3.395699999988079,,,10,0,7.492699999988079,0,3,1.316300000011921,1.8866999999880791,0,41,Male,2,30.0,41.0,12.3,60.0,35.0,21.0,-30.0,6.0,-8.700000000000001,1,1,6,0.2507300000011921,0.2833333333333333
22,Block,1,10,41,1,0,Right,2.1485,,,10,0,6.327399999976159,0,2,2.6317999999523165,3.1781999999880792,0,41,Male,1,35.0,40.0,14.0,48.0,10.0,4.800000000000001,-13.0,30.0,9.2,6,0,10,0.367260000002384,0.2833333333333333
22,Block,1,3,45,1,0,Left,2.2135,,,10,0,5.653899999976158,0,1,2.3710999999642373,2.895299999952316,0,41,Male,1,52.0,92.0,47.84,72.0,91.0,65.52,-20.0,1.0,-17.679999999999993,0,1,3,0.4346100000023842,0.2833333333333333
22,Block,1,11,49,1,0,Left,1.6715999999642372,,,10,0,7.002200000047684,0,1,3.2148999999761583,5.185,0,41,Male,1,69.0,87.0,60.03,99.0,86.0,85.14,-30.0,1.0,-25.11,0,1,11,0.2997799999952316,0.2833333333333333
22,Block,1,17,52,1,0,Right,1.9012999999523164,,,10,0,6.326199999988079,0,2,0.956199999988079,1.638300000011921,0,41,Male,1,62.0,92.0,57.04,83.0,62.0,51.46,-21.0,30.0,5.579999999999998,5,0,17,0.3673800000011921,0.2833333333333333
22,Block,1,4,53,1,0,Right,2.595899999976158,,,10,0,6.2293000000119205,0,2,0.816,1.4374000000357627,0,41,Male,1,69.0,28.0,19.32,81.0,23.0,18.630000000000003,-12.0,5.0,0.6899999999999977,4,0,4,0.3770699999988079,0.2833333333333333
22,Block,1,20,54,0,1,Left,2.084700000047684,,,10,0,7.790600000023842,0,2,1.486199999988079,2.082699999988079,0,41,Male,1,47.0,37.0,17.39,77.0,23.0,17.71,-30.0,14.0,-0.3200000000000003,3,0,20,0.2209399999976158,0.2833333333333333
22,Block,1,19,8,1,0,Right,2.131300000011921,,,10,0,6.532699999988079,0,1,1.525199999988079,2.024,0,41,Male,1,65.0,49.0,31.85,71.0,33.0,23.43,-6.0,16.0,8.419999999999998,6,0,19,0.3467300000011921,0.2833333333333333
22,Block,1,5,9,0,1,Left,1.8489000000357627,,,10,0,7.697699999988079,0,2,1.8686000000238416,2.4631000000238417,0,41,Male,1,39.0,66.0,25.74,40.0,50.0,20.0,-1.0,16.0,5.740000000000002,6,0,5,0.2302300000011921,0.2833333333333333
23,Block,1,7,1,1,0,Left,1.928199999988079,,,6,0,4.381800000011921,0,1,2.098800000011921,2.651,0,36,Male,1,18.0,44.0,7.92,40.0,39.0,15.6,-22.0,5.0,-7.6800000000000015,1,1,7,0.2696999999980131,0.6333333333333333
23,Block,1,2,18,0,1,Left,2.599699999988079,,,6,0,5.935300000011921,0,1,1.1695,2.6697999999821187,0,36,Male,1,73.0,32.0,23.36,82.0,2.0,1.64,-9.0,30.0,21.72,7,0,2,0.0107833333313465,0.6333333333333333
23,Block,1,5,19,1,0,Left,3.662699999988079,,,6,0,7.363100000023842,0,2,3.2174000000059606,3.948,0,36,Male,1,24.0,74.0,17.759999999999998,25.0,64.0,16.0,-1.0,10.0,1.759999999999998,5,1,5,0.2271833333373069,0.6333333333333333
23,Block,1,1,24,0,1,Right,2.794199999988079,,,6,0,6.512199999988079,0,3,2.3747999999821188,3.2842999999821187,0,36,Male,2,7.0,96.0,6.72,37.0,66.0,24.42,-30.0,30.0,-17.700000000000003,0,1,1,0.0853666666646798,0.6333333333333333
23,Block,1,10,25,1,0,Right,3.4625,,,6,0,6.202700000017882,0,1,0.9337999999821186,1.5085,0,36,Male,1,52.0,96.0,49.92,55.0,83.0,45.65,-3.0,13.0,4.270000000000003,5,0,10,0.0337833333363136,0.6333333333333333
23,Block,1,16,28,0,1,Right,2.9617000000178813,,,6,0,5.93,0,2,1.2582999999821185,1.8688999999761584,0,36,Male,1,11.0,72.0,7.92,33.0,45.0,14.85,-22.0,27.0,-6.93,1,1,16,0.0116666666666667,0.6333333333333333
23,Block,1,3,3,1,0,Right,4.388699999988079,,,6,0,5.784700000017882,0,4,2.9125,3.9562999999821193,0,36,Male,3,76.0,72.0,54.72,99.0,48.0,47.52,-23.0,24.0,7.200000000000003,6,0,3,0.035883333330353,0.6333333333333333
23,Block,1,20,34,1,0,Right,5.185,,,6,0,5.654799999982119,0,4,1.2167999999821186,1.9544000000059605,0,36,Male,3,27.0,60.0,16.2,36.0,41.0,14.76,-9.0,19.0,1.4399999999999995,4,0,20,0.0575333333363135,0.6333333333333333
23,Block,1,13,35,0,1,Left,3.0304000000059603,,,6,0,5.3383000000119205,0,4,2.0529000000059603,2.718,0,36,Male,3,36.0,37.0,13.32,51.0,10.0,5.1000000000000005,-15.0,27.0,8.219999999999999,6,0,13,0.1102833333313465,0.6333333333333333
23,Block,1,17,36,0,1,Left,4.816100000023842,,,6,0,7.484899999976158,0,4,1.356699999988079,2.07309999999404,0,36,Male,3,75.0,31.0,23.25,96.0,14.0,13.44,-21.0,17.0,9.81,7,0,17,0.2474833333293597,0.6333333333333333
23,Block,1,4,37,0,1,Left,3.566199999988079,,,6,0,4.886100000023842,0,3,4.522400000005961,5.186,0,36,Male,2,48.0,35.0,16.799999999999997,61.0,19.0,11.59,-13.0,16.0,5.209999999999997,5,0,4,0.1856499999960263,0.6333333333333333
23,Block,1,8,39,0,1,Right,3.920699999988079,,,6,0,6.248300000011921,0,4,2.119200000017881,3.0095,0,36,Male,3,36.0,68.0,24.48,55.0,48.0,26.4,-19.0,20.0,-1.9199999999999984,2,1,8,0.0413833333353201,0.6333333333333333
23,Block,1,6,42,1,0,Right,3.591,,,6,0,4.609,0,2,2.4108000000119207,3.1085,0,36,Male,1,50.0,89.0,44.5,66.0,67.0,44.220000000000006,-16.0,22.0,0.279999999999994,4,0,6,0.2318333333333333,0.6333333333333333
23,Block,1,14,43,0,1,Right,2.0849000000059603,,,6,0,5.987,0,2,4.9695,5.50909999999404,0,36,Male,1,17.0,73.0,12.41,42.0,63.0,26.46,-25.0,10.0,-14.05,0,1,14,0.0021666666666666,0.6333333333333333
23,Block,1,18,46,0,1,Left,2.801199999988079,,,6,0,5.339700000017881,0,2,2.7955,3.328199999988079,0,36,Male,1,78.0,38.0,29.64,90.0,15.0,13.5,-12.0,23.0,16.14,7,0,18,0.1100499999970197,0.6333333333333333
23,Block,1,19,50,1,0,Left,3.205,,,6,0,3.3639000000059607,0,1,1.032699999988079,1.5789000000059603,0,36,Male,1,2.0,34.0,0.68,29.0,13.0,3.77,-27.0,21.0,-3.09,2,1,19,0.4393499999990065,0.6333333333333333
23,Block,1,11,55,0,1,Right,4.32759999999404,,,6,0,5.97709999999404,0,2,1.0875999999940396,1.827,0,36,Male,1,35.0,92.0,32.2,41.0,81.0,33.21,-6.0,11.0,-1.009999999999998,3,1,11,0.0038166666676599,0.6333333333333333
23,Block,1,9,6,1,0,Left,5.220699999988079,,,6,0,7.638100000023842,0,5,0.832300000011921,1.5649000000059603,0,36,Male,3,41.0,64.0,26.24,52.0,51.0,26.52,-11.0,13.0,-0.2799999999999976,3,1,9,0.2730166666706403,0.6333333333333333
23,Block,1,15,60,0,1,Right,3.435699999988079,,,6,0,4.514,0,1,0.920899999976158,1.644399999976158,0,36,Male,1,56.0,75.0,42.0,81.0,74.0,59.94,-25.0,1.0,-17.939999999999998,0,1,15,0.2476666666666666,0.6333333333333333
23,Block,1,12,7,0,1,Right,2.4482999999821184,,,6,0,4.7145,0,1,1.149300000011921,1.6989000000059604,0,36,Male,1,61.0,62.0,37.82,69.0,61.0,42.09,-8.0,1.0,-4.269999999999996,2,1,12,0.2142499999999999,0.6333333333333333
23,Block,3,54,12,0,1,Left,2.1145,,,8,0,7.296599999994039,0,1,7.3725,8.49009999999404,0,36,Male,1,72.0,98.0,70.56,73.0,77.0,56.21,-1.0,21.0,14.35,7,0,14,0.0879250000007451,0.6333333333333333
23,Block,3,41,13,0,1,Right,4.760200000017881,,,8,0,7.775900000005961,0,3,2.7446999999880792,3.5414000000059604,0,36,Male,2,73.0,49.0,35.77,81.0,42.0,34.02,-8.0,7.0,1.75,4,1,1,0.0280124999992549,0.6333333333333333
23,Block,3,43,15,1,0,Left,3.79090000000596,,,8,0,5.839600000023842,0,3,1.506699999988079,2.088899999976158,0,36,Male,2,36.0,75.0,27.0,52.0,61.0,31.72,-16.0,14.0,-4.719999999999999,2,1,3,0.2700499999970197,0.6333333333333333
23,Block,3,51,16,1,0,Right,2.2969000000059605,,,8,0,8.613700000017882,0,1,1.8509000000059608,2.662,0,36,Male,1,23.0,12.0,2.76,26.0,6.0,1.56,-3.0,6.0,1.1999999999999995,4,0,11,0.0767125000022352,0.6333333333333333
23,Block,3,53,17,0,1,Right,3.684799999982119,,,8,0,6.0418000000119205,0,3,1.530699999988079,2.40159999999404,0,36,Male,2,31.0,38.0,11.78,46.0,29.0,13.34,-15.0,9.0,-1.5600000000000005,3,1,13,0.2447749999985099,0.6333333333333333
23,Block,3,46,2,1,0,Left,3.2294000000059606,,,8,0,5.49440000000596,0,1,2.016200000017881,5.716200000017881,0,36,Male,1,40.0,63.0,25.2,57.0,58.0,33.059999999999995,-17.0,5.0,-7.859999999999996,1,1,6,0.3131999999992549,0.6333333333333333
23,Block,3,59,21,0,1,Left,5.05859999999404,,,8,0,8.342400000005961,0,2,2.036700000017881,4.00390000000596,0,36,Male,1,26.0,59.0,15.34,36.0,33.0,11.88,-10.0,26.0,3.459999999999999,5,0,19,0.0428000000007451,0.6333333333333333
23,Block,3,47,22,1,0,Left,2.382699999988079,,,8,0,7.491599999994039,0,3,3.489,4.408300000011921,0,36,Male,2,24.0,95.0,22.8,53.0,71.0,37.63,-29.0,24.0,-14.829999999999998,0,1,7,0.0635500000007451,0.6333333333333333
23,Block,3,44,32,1,0,Right,1.594699999988079,,,8,0,6.594800000011921,0,1,1.542699999988079,2.356299999982119,0,36,Male,1,59.0,31.0,18.29,60.0,1.0,0.6,-1.0,30.0,17.689999999999998,7,0,4,0.1756499999985098,0.6333333333333333
23,Block,3,56,33,1,0,Left,7.94959999999404,,,8,0,7.944700000017882,0,4,2.483800000011921,3.0137000000178813,0,36,Male,3,57.0,51.0,29.07,62.0,48.0,29.76,-5.0,3.0,-0.6899999999999977,3,1,16,0.0069124999977647,0.6333333333333333
23,Block,3,55,4,1,0,Left,4.8369000000059605,,,8,0,6.2085,0,2,3.4345,3.921199999988079,0,36,Male,1,72.0,82.0,59.04,73.0,81.0,59.13,-1.0,1.0,-0.0900000000000034,3,1,15,0.2239375,0.6333333333333333
23,Block,3,60,44,0,1,Right,2.12409999999404,,,8,0,5.85690000000596,0,1,0.8674000000059605,1.3669000000059606,0,36,Male,1,19.0,86.0,16.34,45.0,71.0,31.95,-26.0,15.0,-15.61,0,1,20,0.267887499999255,0.6333333333333333
23,Block,3,58,47,1,0,Right,2.7135999999940394,,,8,0,8.412700000017882,0,2,1.7015999999940394,2.9817999999821185,0,36,Male,1,68.0,30.0,20.4,89.0,16.0,14.24,-21.0,14.0,6.159999999999998,6,0,18,0.0515875000022352,0.6333333333333333
23,Block,3,52,48,0,1,Right,4.931800000011921,,,8,0,8.740900000005961,0,4,1.0525999999940396,1.886,0,36,Male,3,35.0,68.0,23.8,54.0,43.0,23.22,-19.0,25.0,0.5800000000000018,4,1,12,0.0926125000007451,0.6333333333333333
23,Block,3,48,5,1,0,Right,3.4730999999940395,,,8,0,10.56290000000596,0,4,2.678699999988079,3.775,0,36,Male,3,72.0,33.0,23.76,98.0,5.0,4.9,-26.0,28.0,18.86,7,0,8,0.320362500000745,0.6333333333333333
23,Block,3,49,51,1,0,Left,4.260200000017881,,,8,0,10.063799999982118,0,3,3.150199999988079,3.8497999999821184,0,36,Male,2,41.0,94.0,38.54,48.0,70.0,33.599999999999994,-7.0,24.0,4.940000000000005,5,1,9,0.2579749999977647,0.6333333333333333
23,Block,3,42,56,1,0,Right,5.8525,,,8,0,7.487600000023842,0,4,1.6995999999940394,2.4057999999821185,0,36,Male,3,62.0,34.0,21.08,86.0,15.0,12.9,-24.0,19.0,8.180000000000001,6,0,2,0.0640499999970197,0.6333333333333333
23,Block,3,50,57,0,1,Right,2.4155,,,8,0,8.384600000023841,0,1,1.8127999999821187,4.43009999999404,0,36,Male,1,59.0,94.0,55.46,86.0,89.0,76.54,-27.0,5.0,-21.080000000000013,0,1,10,0.0480750000029801,0.6333333333333333
23,Block,3,57,58,0,1,Right,2.731,,,8,0,6.254300000011921,0,1,2.306800000011921,3.0675,0,36,Male,1,36.0,54.0,19.44,48.0,53.0,25.44,-12.0,1.0,-6.0,1,1,17,0.2182124999985099,0.6333333333333333
23,Block,3,45,59,0,1,Right,3.340199999988079,,,8,0,4.756300000011921,0,2,1.3490999999940396,1.7935999999940395,0,36,Male,1,8.0,64.0,5.12,25.0,34.0,8.5,-17.0,30.0,-3.38,2,1,5,0.4054624999985099,0.6333333333333333
23,Block,2,30,10,0,1,Right,2.9304000000059607,,,10,0,11.16679999998212,0,1,2.7875,3.84209999999404,0,36,Male,1,5.0,55.0,2.75,35.0,36.0,12.6,-30.0,19.0,-9.85,1,1,10,0.1166799999982119,0.6333333333333333
23,Block,2,29,11,1,0,Left,6.996199999988079,,,10,0,11.29009999999404,0,5,2.5755,3.616699999988079,0,36,Male,3,72.0,85.0,61.2,86.0,66.0,56.760000000000005,-14.0,19.0,4.439999999999991,5,1,9,0.1290099999994039,0.6333333333333333
23,Block,2,27,14,0,1,Right,6.599200000017881,,,10,0,8.364099999994039,0,4,1.88259999999404,2.427400000005961,0,36,Male,3,33.0,61.0,20.13,51.0,44.0,22.44,-18.0,17.0,-2.3100000000000023,2,1,7,0.1635900000005961,0.6333333333333333
23,Block,2,37,20,1,0,Left,5.2205,,,10,0,13.286300000011922,0,5,2.21259999999404,2.8903999999761583,0,36,Male,3,35.0,24.0,8.4,65.0,14.0,9.1,-30.0,10.0,-0.7000000000000011,3,1,17,0.3286300000011922,0.6333333333333333
23,Block,2,34,23,1,0,Left,6.739299999982118,,,10,0,6.529100000023842,0,4,5.724,6.402199999988079,0,36,Male,3,52.0,36.0,18.72,63.0,27.0,17.01,-11.0,9.0,1.7099999999999973,4,1,14,0.3470899999976158,0.6333333333333333
23,Block,2,32,26,0,1,Left,3.0809000000059603,,,10,0,11.325399999976158,0,1,1.282899999976158,1.9075,0,36,Male,1,95.0,74.0,70.3,97.0,49.0,47.53,-2.0,25.0,22.77,7,0,12,0.1325399999976158,0.6333333333333333
23,Block,2,25,27,0,1,Left,3.645400000005961,,,10,0,10.53909999999404,0,1,1.984,2.4365,0,36,Male,1,18.0,49.0,8.82,23.0,29.0,6.67,-5.0,20.0,2.1500000000000004,5,0,5,0.0539099999994039,0.6333333333333333
23,Block,2,24,29,0,1,Left,2.989,,,10,0,12.906399999976156,0,1,2.1364000000059606,2.782300000011921,0,36,Male,1,64.0,32.0,20.48,69.0,4.0,2.76,-5.0,28.0,17.72,7,0,4,0.2906399999976156,0.6333333333333333
23,Block,2,36,30,1,0,Left,3.3167999999821185,,,10,0,11.00069999998808,0,2,2.3514000000059605,3.0779000000059606,0,36,Male,1,71.0,82.0,58.22,80.0,78.0,62.400000000000006,-9.0,4.0,-4.180000000000007,2,1,16,0.100069999998808,0.6333333333333333
23,Block,2,28,31,0,1,Right,3.5605,,,10,0,9.553600000023842,0,1,3.7588999999761583,4.254399999976158,0,36,Male,1,59.0,23.0,13.57,74.0,22.0,16.28,-15.0,1.0,-2.710000000000001,2,1,8,0.0446399999976158,0.6333333333333333
23,Block,2,23,38,0,1,Right,3.2252999999821186,,,10,0,10.187300000011922,0,2,1.8757999999821189,2.6542999999821184,0,36,Male,1,43.0,54.0,23.22,63.0,45.0,28.35,-20.0,9.0,-5.129999999999999,1,1,3,0.0187300000011921,0.6333333333333333
23,Block,2,40,40,1,0,Left,2.374,,,10,0,15.238100000023842,0,2,2.65059999999404,3.30759999999404,0,36,Male,1,30.0,41.0,12.3,60.0,35.0,21.0,-30.0,6.0,-8.700000000000001,1,1,20,0.5238100000023842,0.6333333333333333
23,Block,2,21,41,0,1,Left,2.1237999999821184,,,10,0,7.565900000005961,0,1,2.8114000000059605,3.351200000017881,0,36,Male,1,35.0,40.0,14.0,48.0,10.0,4.800000000000001,-13.0,30.0,9.2,6,0,1,0.2434099999994039,0.6333333333333333
23,Block,2,39,45,1,0,Left,2.047799999982119,,,10,0,13.034399999976158,0,1,4.741300000011921,5.448600000023842,0,36,Male,1,52.0,92.0,47.84,72.0,91.0,65.52,-20.0,1.0,-17.679999999999993,0,1,19,0.3034399999976157,0.6333333333333333
23,Block,2,35,49,1,0,Left,2.5805,,,10,0,11.33290000000596,0,1,3.289,3.96559999999404,0,36,Male,1,69.0,87.0,60.03,99.0,86.0,85.14,-30.0,1.0,-25.11,0,1,15,0.133290000000596,0.6333333333333333
23,Block,2,31,52,1,0,Left,6.992299999982119,,,10,0,5.740400000005961,0,4,2.4863999999761583,3.0837999999821184,0,36,Male,3,62.0,92.0,57.04,83.0,62.0,51.46,-21.0,30.0,5.579999999999998,5,1,11,0.4259599999994039,0.6333333333333333
23,Block,2,33,53,0,1,Right,5.1905,,,10,0,4.787,0,3,3.821699999988079,5.53,0,36,Male,2,69.0,28.0,19.32,81.0,23.0,18.630000000000003,-12.0,5.0,0.6899999999999977,4,1,13,0.5213,0.6333333333333333
23,Block,2,26,54,1,0,Left,5.681699999988079,,,10,0,7.941300000011921,0,3,3.252199999988079,3.853699999988079,0,36,Male,2,47.0,37.0,17.39,77.0,23.0,17.71,-30.0,14.0,-0.3200000000000003,3,1,6,0.2058699999988079,0.6333333333333333
23,Block,2,38,8,1,0,Right,3.7925,,,10,0,8.48130000001192,0,3,2.7087999999821184,3.3622999999821186,0,36,Male,2,65.0,49.0,31.85,71.0,33.0,23.43,-6.0,16.0,8.419999999999998,6,0,18,0.1518699999988079,0.6333333333333333
23,Block,2,22,9,1,0,Right,5.467299999982119,,,10,0,6.718199999988079,0,1,0.6772999999821187,1.3528999999761582,0,36,Male,1,39.0,66.0,25.74,40.0,50.0,20.0,-1.0,16.0,5.740000000000002,6,0,2,0.3281800000011921,0.6333333333333333
24,Block,3,46,1,1,0,Left,3.187199999988079,,,6,0,1.9218000000119209,0,2,1.6446999999880791,2.356,0,49,Male,1,18.0,44.0,7.92,40.0,39.0,15.6,-22.0,5.0,-7.6800000000000015,1,1,6,0.6796999999980132,0.4666666666666667
24,Block,3,53,18,1,0,Right,2.368900000005961,,,6,0,2.564700000017881,0,2,6.376699999988079,7.164799999982119,0,49,Male,1,73.0,32.0,23.36,82.0,2.0,1.64,-9.0,30.0,21.72,7,0,13,0.5725499999970198,0.4666666666666667
24,Block,3,58,19,0,1,Left,2.379200000017881,,,6,0,2.9515,0,1,1.441300000011921,2.1605999999940395,0,49,Male,1,24.0,74.0,17.759999999999998,25.0,64.0,16.0,-1.0,10.0,1.759999999999998,5,0,18,0.5080833333333333,0.4666666666666667
24,Block,3,52,24,1,0,Left,3.163200000017881,,,6,0,1.8589000000059608,0,2,1.5613000000119208,2.0279000000059604,0,49,Male,1,7.0,96.0,6.72,37.0,66.0,24.42,-30.0,30.0,-17.700000000000003,0,1,12,0.6901833333323398,0.4666666666666667
24,Block,3,47,25,0,1,Left,2.3325,,,6,0,3.370699999988079,0,1,1.262699999988079,1.9207999999821184,0,49,Male,1,52.0,96.0,49.92,55.0,83.0,45.65,-3.0,13.0,4.270000000000003,5,0,7,0.4382166666686535,0.4666666666666667
24,Block,3,45,28,0,1,Right,3.681799999982119,,,6,0,2.247699999988079,0,2,2.338699999988079,3.1742999999821184,0,49,Male,1,11.0,72.0,7.92,33.0,45.0,14.85,-22.0,27.0,-6.93,1,1,5,0.6253833333353201,0.4666666666666667
24,Block,3,48,3,0,1,Left,3.732699999988079,,,6,0,1.9125999999940395,0,2,1.3972999999821183,1.9610999999940395,0,49,Male,1,76.0,72.0,54.72,99.0,48.0,47.52,-23.0,24.0,7.200000000000003,6,0,8,0.6812333333343267,0.4666666666666667
24,Block,3,50,34,1,0,Right,4.036300000011921,,,6,0,1.9969000000059605,0,3,1.5125999999940396,2.1127999999821188,0,49,Male,2,27.0,60.0,16.2,36.0,41.0,14.76,-9.0,19.0,1.4399999999999995,4,0,10,0.6671833333323399,0.4666666666666667
24,Block,3,59,35,1,0,Right,2.774100000023842,,,6,0,2.996,0,2,1.8320999999940395,2.343,0,49,Male,1,36.0,37.0,13.32,51.0,10.0,5.1000000000000005,-15.0,27.0,8.219999999999999,6,0,19,0.5006666666666667,0.4666666666666667
24,Block,3,54,36,0,1,Left,2.82859999999404,,,6,0,2.921200000017881,0,2,3.7959000000059606,4.747800000011921,0,49,Male,1,75.0,31.0,23.25,96.0,14.0,13.44,-21.0,17.0,9.81,7,0,14,0.5131333333303532,0.4666666666666667
24,Block,3,55,37,1,0,Right,1.9344000000059605,,,6,0,3.222699999988079,0,2,3.929600000023842,4.883100000023842,0,49,Male,1,48.0,35.0,16.799999999999997,61.0,19.0,11.59,-13.0,16.0,5.209999999999997,5,0,15,0.4628833333353201,0.4666666666666667
24,Block,3,44,39,1,0,Right,3.168700000017881,,,6,0,2.9554000000059606,0,2,2.1324000000059606,2.935700000017881,0,49,Male,1,36.0,68.0,24.48,55.0,48.0,26.4,-19.0,20.0,-1.9199999999999984,2,0,4,0.5074333333323399,0.4666666666666667
24,Block,3,49,42,0,1,Left,2.616,,,6,0,2.0205,0,2,2.360200000017881,3.791300000011921,0,49,Male,1,50.0,89.0,44.5,66.0,67.0,44.220000000000006,-16.0,22.0,0.279999999999994,4,0,9,0.66325,0.4666666666666667
24,Block,3,60,43,0,1,Right,2.4392000000178813,,,6,0,3.1821999999880792,0,2,1.8879000000059605,3.0865,0,49,Male,1,17.0,73.0,12.41,42.0,63.0,26.46,-25.0,10.0,-14.05,0,1,20,0.4696333333353201,0.4666666666666667
24,Block,3,56,46,1,0,Right,1.7752999999821186,,,6,0,3.899300000011921,0,2,2.6894000000059606,3.349,0,49,Male,1,78.0,38.0,29.64,90.0,15.0,13.5,-12.0,23.0,16.14,7,0,16,0.3501166666646798,0.4666666666666667
24,Block,3,42,50,0,1,Right,2.703700000017881,,,6,0,3.0904000000059604,0,2,3.060199999988079,4.0875,0,49,Male,1,2.0,34.0,0.68,29.0,13.0,3.77,-27.0,21.0,-3.09,2,1,2,0.4849333333323399,0.4666666666666667
24,Block,3,41,55,1,0,Right,2.2669000000059603,,,6,0,3.1129000000059603,0,2,1.8015999999940395,2.604,0,49,Male,1,35.0,92.0,32.2,41.0,81.0,33.21,-6.0,11.0,-1.009999999999998,3,0,1,0.4811833333323399,0.4666666666666667
24,Block,3,43,6,1,0,Left,4.102599999994039,,,6,0,1.1675,0,3,1.82859999999404,3.141200000017881,0,49,Male,2,41.0,64.0,26.24,52.0,51.0,26.52,-11.0,13.0,-0.2799999999999976,3,1,3,0.8054166666666666,0.4666666666666667
24,Block,3,51,60,1,0,Left,3.06559999999404,Left,4.323799999982119,6,0,1.694,0,1,1.3401999999880791,2.3932999999821187,0,49,Male,1,56.0,75.0,42.0,81.0,74.0,59.94,-25.0,1.0,-17.939999999999998,0,1,11,0.7176666666666667,0.4666666666666667
24,Block,3,57,7,1,0,Left,2.187700000017881,,,6,0,2.5177000000178813,0,1,0.9605999999940396,1.7635999999940395,0,49,Male,1,61.0,62.0,37.82,69.0,61.0,42.09,-8.0,1.0,-4.269999999999996,2,1,17,0.5803833333303531,0.4666666666666667
24,Block,1,4,12,0,1,Left,3.150300000011921,,,8,0,3.638800000011921,0,1,1.5225,2.227199999988079,0,49,Male,1,72.0,98.0,70.56,73.0,77.0,56.21,-1.0,21.0,14.35,7,0,4,0.5451499999985099,0.4666666666666667
24,Block,1,7,13,0,1,Right,4.235900000005961,,,8,0,3.61840000000596,0,2,2.0835,2.705800000011921,0,49,Male,1,73.0,49.0,35.77,81.0,42.0,34.02,-8.0,7.0,1.75,4,1,7,0.547699999999255,0.4666666666666667
24,Block,1,15,16,0,1,Left,3.807700000017881,,,8,0,3.49509999999404,0,2,2.219200000017881,3.1714000000059603,0,49,Male,1,23.0,12.0,2.76,26.0,6.0,1.56,-3.0,6.0,1.1999999999999995,4,0,15,0.563112500000745,0.4666666666666667
24,Block,1,2,17,1,0,Left,3.94940000000596,,,8,0,3.3000999999940395,0,3,2.3564000000059604,3.9344000000059607,0,49,Male,2,31.0,38.0,11.78,46.0,29.0,13.34,-15.0,9.0,-1.5600000000000005,3,1,2,0.5874875000007451,0.4666666666666667
24,Block,1,20,2,1,0,Left,3.639,,,8,0,1.8320999999940395,0,3,12.33059999999404,13.76369999998808,0,49,Male,2,40.0,63.0,25.2,57.0,58.0,33.059999999999995,-17.0,5.0,-7.859999999999996,1,1,20,0.7709875000007451,0.4666666666666667
24,Block,1,1,21,0,1,Left,3.5915,,,8,0,4.19290000000596,0,2,2.0999000000059604,2.9780999999940394,0,49,Male,1,26.0,59.0,15.34,36.0,33.0,11.88,-10.0,26.0,3.459999999999999,5,0,1,0.4758874999992549,0.4666666666666667
24,Block,1,11,22,0,1,Right,3.9947999999821184,,,8,0,4.43509999999404,0,2,1.791800000011921,2.541300000011921,0,49,Male,1,24.0,95.0,22.8,53.0,71.0,37.63,-29.0,24.0,-14.829999999999998,0,1,11,0.445612500000745,0.4666666666666667
24,Block,1,16,33,0,1,Left,3.94959999999404,,,8,0,3.425,0,2,1.2837999999821186,1.8045,0,49,Male,1,57.0,51.0,29.07,62.0,48.0,29.76,-5.0,3.0,-0.6899999999999977,3,0,16,0.571875,0.4666666666666667
24,Block,1,10,4,0,1,Left,3.705899999976158,,,8,0,3.114,0,2,1.5025,2.689800000011921,0,49,Male,1,72.0,82.0,59.04,73.0,81.0,59.13,-1.0,1.0,-0.0900000000000034,3,0,10,0.61075,0.4666666666666667
24,Block,1,6,44,0,1,Left,3.981699999988079,,,8,0,3.419,0,3,1.3232000000178814,20.20820000001788,0,49,Male,2,19.0,86.0,16.34,45.0,71.0,31.95,-26.0,15.0,-15.61,0,0,6,0.5726249999999999,0.4666666666666667
24,Block,1,9,47,0,1,Left,4.536,,,8,0,2.6905,0,2,2.8475,4.455399999976158,0,49,Male,1,68.0,30.0,20.4,89.0,16.0,14.24,-21.0,14.0,6.159999999999998,6,0,9,0.6636875,0.4666666666666667
24,Block,1,3,48,0,1,Right,4.63709999999404,,,8,0,3.1728000000119208,0,2,2.873600000023842,3.640300000011921,0,49,Male,1,35.0,68.0,23.8,54.0,43.0,23.22,-19.0,25.0,0.5800000000000018,4,1,3,0.6033999999985099,0.4666666666666667
24,Block,1,18,5,0,1,Left,3.8177000000178816,,,8,0,3.1349000000059606,0,2,1.347399999976158,2.159199999988079,0,49,Male,1,72.0,33.0,23.76,98.0,5.0,4.9,-26.0,28.0,18.86,7,0,18,0.6081374999992549,0.4666666666666667
24,Block,1,5,51,0,1,Left,3.7992000000178816,,,8,0,4.039900000005961,0,2,2.158100000023842,2.8249000000059605,0,49,Male,1,41.0,94.0,38.54,48.0,70.0,33.599999999999994,-7.0,24.0,4.940000000000005,5,0,5,0.4950124999992549,0.4666666666666667
24,Block,1,8,57,1,0,Left,4.7355,,,8,0,2.332200000017881,0,3,1.1487000000178813,1.8697000000178807,0,49,Male,2,59.0,94.0,55.46,86.0,89.0,76.54,-27.0,5.0,-21.080000000000013,0,1,8,0.7084749999977649,0.4666666666666667
24,Block,1,12,59,0,1,Right,4.850900000005961,,,8,0,3.364600000023842,0,2,1.4497999999821185,3.0128999999761583,0,49,Male,1,8.0,64.0,5.12,25.0,34.0,8.5,-17.0,30.0,-3.38,2,1,12,0.5794249999970198,0.4666666666666667
24,Block,2,26,10,0,1,Right,4.438900000005961,,,10,0,4.9745,0,3,3.115800000011921,4.159200000017881,0,49,Male,2,5.0,55.0,2.75,35.0,36.0,12.6,-30.0,19.0,-9.85,1,1,6,0.50255,0.4666666666666667
24,Block,2,28,11,0,1,Left,2.9507999999821184,,,10,0,5.433399999976158,0,2,3.0039000000059604,4.232099999994039,0,49,Male,1,72.0,85.0,61.2,86.0,66.0,56.760000000000005,-14.0,19.0,4.439999999999991,5,0,8,0.4566600000023841,0.4666666666666667
24,Block,2,34,14,0,1,Right,3.0839000000059604,,,10,0,5.491,0,2,1.6620999999940396,2.3615,0,49,Male,1,33.0,61.0,20.13,51.0,44.0,22.44,-18.0,17.0,-2.3100000000000023,2,1,14,0.4509,0.4666666666666667
24,Block,2,30,20,0,1,Right,2.9940999999940394,,,10,0,6.696899999976158,0,3,1.9471999999880791,2.645800000011921,0,49,Male,2,35.0,24.0,8.4,65.0,14.0,9.1,-30.0,10.0,-0.7000000000000011,3,1,10,0.3303100000023842,0.4666666666666667
24,Block,2,36,23,0,1,Left,3.579699999988079,,,10,0,4.065699999988079,0,2,3.6466000000238417,4.24790000000596,0,49,Male,1,52.0,36.0,18.72,63.0,27.0,17.01,-11.0,9.0,1.7099999999999973,4,0,16,0.5934300000011921,0.4666666666666667
24,Block,2,22,26,1,0,Right,3.809799999982119,,,10,0,4.5767000000178815,0,1,3.4802999999821185,5.038899999976159,0,49,Male,1,95.0,74.0,70.3,97.0,49.0,47.53,-2.0,25.0,22.77,7,0,2,0.5423299999982119,0.4666666666666667
24,Block,2,35,27,1,0,Right,3.91190000000596,,,10,0,3.8035,0,2,2.5635,3.350899999976158,0,49,Male,1,18.0,49.0,8.82,23.0,29.0,6.67,-5.0,20.0,2.1500000000000004,5,0,15,0.61965,0.4666666666666667
24,Block,2,40,29,1,0,Right,2.153300000011921,,,10,0,7.304400000005961,0,2,1.81009999999404,2.470200000017881,0,49,Male,1,64.0,32.0,20.48,69.0,4.0,2.76,-5.0,28.0,17.72,7,0,20,0.2695599999994039,0.4666666666666667
24,Block,2,25,31,0,1,Right,2.5,,,10,0,6.006399999976158,0,2,2.477199999988079,3.99359999999404,0,49,Male,1,59.0,23.0,13.57,74.0,22.0,16.28,-15.0,1.0,-2.710000000000001,2,1,5,0.3993600000023842,0.4666666666666667
24,Block,2,29,38,0,1,Right,3.8744000000059606,,,10,0,4.579200000017881,0,2,2.721300000011921,3.48,0,49,Male,1,43.0,54.0,23.22,63.0,45.0,28.35,-20.0,9.0,-5.129999999999999,1,1,9,0.5420799999982119,0.4666666666666667
24,Block,2,38,40,1,0,Left,2.789,,,10,0,6.869199999988079,0,2,1.4364000000059605,2.013800000011921,0,49,Male,1,30.0,41.0,12.3,60.0,35.0,21.0,-30.0,6.0,-8.700000000000001,1,1,18,0.313080000001192,0.4666666666666667
24,Block,2,33,41,0,1,Left,2.994200000017881,,,10,0,5.392700000017881,0,2,2.4119000000059603,2.9512000000178813,0,49,Male,1,35.0,40.0,14.0,48.0,10.0,4.800000000000001,-13.0,30.0,9.2,6,0,13,0.4607299999982118,0.4666666666666667
24,Block,2,31,45,1,0,Left,2.456300000011921,,,10,0,6.151700000017882,0,1,3.119300000011921,3.713199999988079,0,49,Male,1,52.0,92.0,47.84,72.0,91.0,65.52,-20.0,1.0,-17.679999999999993,0,1,11,0.3848299999982118,0.4666666666666667
24,Block,2,32,49,0,1,Right,2.488699999988079,,,10,0,4.385199999988079,0,2,1.8284000000059604,2.430600000023842,0,49,Male,1,69.0,87.0,60.03,99.0,86.0,85.14,-30.0,1.0,-25.11,0,1,12,0.5614800000011921,0.4666666666666667
24,Block,2,37,52,1,0,Right,3.997800000011921,,,10,0,4.65459999999404,0,2,2.005800000011921,2.51909999999404,0,49,Male,1,62.0,92.0,57.04,83.0,62.0,51.46,-21.0,30.0,5.579999999999998,5,0,17,0.534540000000596,0.4666666666666667
24,Block,2,27,53,1,0,Left,3.4573000000119207,,,10,0,5.64640000000596,0,2,2.4222000000178814,3.2707000000178814,0,49,Male,1,69.0,28.0,19.32,81.0,23.0,18.630000000000003,-12.0,5.0,0.6899999999999977,4,1,7,0.4353599999994039,0.4666666666666667
24,Block,2,24,54,1,0,Left,3.636600000023842,,,10,0,4.828699999988079,0,2,3.346600000023842,4.554300000011921,0,49,Male,1,47.0,37.0,17.39,77.0,23.0,17.71,-30.0,14.0,-0.3200000000000003,3,1,4,0.517130000001192,0.4666666666666667
24,Block,2,23,8,1,0,Right,3.836800000011921,,,10,0,5.043699999988079,0,2,3.976,4.674300000011921,0,49,Male,1,65.0,49.0,31.85,71.0,33.0,23.43,-6.0,16.0,8.419999999999998,6,0,3,0.495630000001192,0.4666666666666667
24,Block,2,21,9,1,0,Right,2.7039000000059605,,,10,0,6.47009999999404,0,1,1.5942999999821186,5.54109999999404,0,49,Male,1,39.0,66.0,25.74,40.0,50.0,20.0,-1.0,16.0,5.740000000000002,6,0,1,0.352990000000596,0.4666666666666667
25,Block,3,44,1,1,0,Left,2.707899999856949,,,6,0,4.656900000095368,0,2,39.02040000009536,50.839,0,34,Male,1,18.0,44.0,7.92,40.0,39.0,15.6,-22.0,5.0,-7.6800000000000015,1,1,4,0.2238499999841052,0.25
25,Block,3,41,18,0,1,Left,1.5534000000953674,,,6,0,4.002700000047684,0,1,1.3556999998092651,1.9141999998092647,0,34,Male,1,73.0,32.0,23.36,82.0,2.0,1.64,-9.0,30.0,21.72,7,0,1,0.332883333325386,0.25
25,Block,3,51,19,1,0,Right,1.9747999999523165,,,6,0,4.538600000143052,0,2,1.2345,1.7148999998569487,0,34,Male,1,24.0,74.0,17.759999999999998,25.0,64.0,16.0,-1.0,10.0,1.759999999999998,5,0,11,0.2435666666428246,0.25
25,Block,3,60,24,0,1,Right,3.2693999998569487,,,6,0,4.009100000143051,0,3,0.7862999999523163,1.3527000000476836,0,34,Male,2,7.0,96.0,6.72,37.0,66.0,24.42,-30.0,30.0,-17.700000000000003,0,1,20,0.3318166666428248,0.25
25,Block,3,54,25,0,1,Left,1.2223999998569488,,,6,0,4.2945,0,2,1.641599999904633,2.091399999856949,0,34,Male,1,52.0,96.0,49.92,55.0,83.0,45.65,-3.0,13.0,4.270000000000003,5,0,14,0.2842499999999999,0.25
25,Block,3,59,28,1,0,Right,2.0479000000953675,,,6,0,4.4682999999523165,0,2,1.0305,1.479,0,34,Male,1,11.0,72.0,7.92,33.0,45.0,14.85,-22.0,27.0,-6.93,1,0,19,0.2552833333412805,0.25
25,Block,3,52,3,1,0,Right,1.5513000001907349,,,6,0,3.634100000143051,0,2,0.9632999999523164,1.3761000001430512,0,34,Male,1,76.0,72.0,54.72,99.0,48.0,47.52,-23.0,24.0,7.200000000000003,6,0,12,0.3943166666428248,0.25
25,Block,3,47,34,0,1,Left,1.877400000095368,,,6,0,5.692,0,2,1.2397000000476837,1.8000999999046323,0,34,Male,1,27.0,60.0,16.2,36.0,41.0,14.76,-9.0,19.0,1.4399999999999995,4,0,7,0.0513333333333333,0.25
25,Block,3,56,35,0,1,Left,1.361,,,6,0,3.9183999998569488,0,2,1.2235999999046323,1.6717999999523163,0,34,Male,1,36.0,37.0,13.32,51.0,10.0,5.1000000000000005,-15.0,27.0,8.219999999999999,6,0,16,0.3469333333571752,0.25
25,Block,3,49,36,1,0,Right,1.1287999999523164,,,6,0,3.3372999999523163,0,2,2.1782999999523165,2.6948999998569487,0,34,Male,1,75.0,31.0,23.25,96.0,14.0,13.44,-21.0,17.0,9.81,7,0,9,0.4437833333412806,0.25
25,Block,3,50,37,0,1,Left,1.959700000047684,,,6,0,2.872300000190735,0,2,1.0522000000476837,1.5042000000476836,0,34,Male,1,48.0,35.0,16.799999999999997,61.0,19.0,11.59,-13.0,16.0,5.209999999999997,5,0,10,0.5212833333015442,0.25
25,Block,3,57,39,1,0,Right,1.5495,,,6,0,3.740200000047684,0,2,1.1302999999523162,1.6465999999046326,0,34,Male,1,36.0,68.0,24.48,55.0,48.0,26.4,-19.0,20.0,-1.9199999999999984,2,0,17,0.376633333325386,0.25
25,Block,3,48,42,1,0,Right,1.5604000000953675,,,6,0,3.098200000047684,0,2,1.2405,1.783,0,34,Male,1,50.0,89.0,44.5,66.0,67.0,44.220000000000006,-16.0,22.0,0.279999999999994,4,0,8,0.483633333325386,0.25
25,Block,3,55,43,1,0,Left,1.8235,,,6,0,3.4837999999523164,0,2,1.1507000000476837,1.6702000000476838,0,34,Male,1,17.0,73.0,12.41,42.0,63.0,26.46,-25.0,10.0,-14.05,0,1,15,0.4193666666746139,0.25
25,Block,3,53,46,0,1,Left,1.1771000001430512,,,6,0,4.015100000143051,0,2,1.7965999999046325,2.240899999856949,0,34,Male,1,78.0,38.0,29.64,90.0,15.0,13.5,-12.0,23.0,16.14,7,0,13,0.3308166666428248,0.25
25,Block,3,42,50,0,1,Left,1.6028999998569489,,,6,0,4.629700000047683,0,3,0.9800999999046326,1.5465999999046325,0,34,Male,2,2.0,34.0,0.68,29.0,13.0,3.77,-27.0,21.0,-3.09,2,0,2,0.2283833333253861,0.25
25,Block,3,58,55,0,1,Left,1.861200000047684,,,6,0,4.587799999952316,0,2,1.053899999856949,1.5221999998092652,0,34,Male,1,35.0,92.0,32.2,41.0,81.0,33.21,-6.0,11.0,-1.009999999999998,3,0,18,0.235366666674614,0.25
25,Block,3,43,6,1,0,Right,2.053100000143051,,,6,0,2.964100000143051,0,2,4.437399999856948,4.923599999904632,0,34,Male,1,41.0,64.0,26.24,52.0,51.0,26.52,-11.0,13.0,-0.2799999999999976,3,0,3,0.5059833333094915,0.25
25,Block,3,46,60,1,0,Left,2.6400999999046326,,,6,0,3.3605,0,2,1.838700000047684,2.440900000095368,0,34,Male,1,56.0,75.0,42.0,81.0,74.0,59.94,-25.0,1.0,-17.939999999999998,0,1,6,0.4399166666666667,0.25
25,Block,3,45,7,1,0,Left,2.360200000047684,,,6,0,4.851599999904632,0,2,45.76879999995232,46.561,0,34,Male,1,61.0,62.0,37.82,69.0,61.0,42.09,-8.0,1.0,-4.269999999999996,2,1,5,0.1914000000158946,0.25
25,Block,2,30,12,0,1,Left,1.439,,,8,0,4.161399999856949,0,1,1.744,2.278299999952316,0,34,Male,1,72.0,98.0,70.56,73.0,77.0,56.21,-1.0,21.0,14.35,7,0,10,0.4798250000178814,0.25
25,Block,2,33,13,1,0,Right,2.021699999809265,,,8,0,2.958,0,2,1.7644000000953677,2.238600000143052,0,34,Male,1,73.0,49.0,35.77,81.0,42.0,34.02,-8.0,7.0,1.75,4,0,13,0.63025,0.25
25,Block,2,26,15,1,0,Right,2.496200000047684,,,8,0,3.299799999952316,0,2,1.85,2.291900000095368,0,34,Male,1,36.0,75.0,27.0,52.0,61.0,31.72,-16.0,14.0,-4.719999999999999,2,0,6,0.5875250000059604,0.25
25,Block,2,24,16,1,0,Right,1.9375,,,8,0,3.6855999999046327,0,2,1.6856999998092652,2.1760999999046327,0,34,Male,1,23.0,12.0,2.76,26.0,6.0,1.56,-3.0,6.0,1.1999999999999995,4,0,4,0.5393000000119209,0.25
25,Block,2,37,17,0,1,Left,1.8680999999046328,,,8,0,4.123100000143051,0,2,0.9967999999523164,1.4572000000476837,0,34,Male,1,31.0,38.0,11.78,46.0,29.0,13.34,-15.0,9.0,-1.5600000000000005,3,0,17,0.4846124999821186,0.25
25,Block,2,34,2,0,1,Left,1.5815999999046326,,,8,0,3.8119000000953673,0,2,1.3285,1.7768999998569488,0,34,Male,1,40.0,63.0,25.2,57.0,58.0,33.059999999999995,-17.0,5.0,-7.859999999999996,1,0,14,0.5235124999880791,0.25
25,Block,2,35,21,1,0,Right,1.7683999998569488,,,8,0,4.310599999904633,0,2,1.8152999999523165,2.401900000095368,0,34,Male,1,26.0,59.0,15.34,36.0,33.0,11.88,-10.0,26.0,3.459999999999999,5,0,15,0.4611750000119209,0.25
25,Block,2,21,22,1,0,Right,1.7005999999046326,,,8,0,3.3610999999046327,0,2,1.9337999999523163,2.418200000047684,0,34,Male,1,24.0,95.0,22.8,53.0,71.0,37.63,-29.0,24.0,-14.829999999999998,0,0,1,0.5798625000119209,0.25
25,Block,2,36,32,1,0,Right,1.2077999999523163,,,8,0,4.2435,0,1,2.5985,3.076800000190735,0,34,Male,1,59.0,31.0,18.29,60.0,1.0,0.6,-1.0,30.0,17.689999999999998,7,0,16,0.4695625,0.25
25,Block,2,32,4,1,0,Right,3.395899999856949,,,8,0,3.660200000047684,0,2,1.836700000047684,2.325200000047684,0,34,Male,1,72.0,82.0,59.04,73.0,81.0,59.13,-1.0,1.0,-0.0900000000000034,3,0,12,0.5424749999940395,0.25
25,Block,2,31,47,1,0,Right,2.417900000095368,,,8,0,4.439600000143051,0,2,1.8815,2.351600000143052,0,34,Male,1,68.0,30.0,20.4,89.0,16.0,14.24,-21.0,14.0,6.159999999999998,6,0,11,0.4450499999821186,0.25
25,Block,2,29,48,1,0,Right,1.863,,,8,0,3.911099999904633,0,2,1.3952999999523163,1.8517999999523165,0,34,Male,1,35.0,68.0,23.8,54.0,43.0,23.22,-19.0,25.0,0.5800000000000018,4,0,9,0.5111125000119209,0.25
25,Block,2,23,5,1,0,Right,2.2185,,,8,0,3.543800000190735,0,2,1.7747000000476838,2.245,0,34,Male,1,72.0,33.0,23.76,98.0,5.0,4.9,-26.0,28.0,18.86,7,0,3,0.5570249999761581,0.25
25,Block,2,22,51,0,1,Left,1.3504000000953675,,,8,0,3.944,0,2,1.245399999856949,1.7917000000476837,0,34,Male,1,41.0,94.0,38.54,48.0,70.0,33.599999999999994,-7.0,24.0,4.940000000000005,5,0,2,0.507,0.25
25,Block,2,28,56,0,1,Left,1.4725999999046326,,,8,0,3.751599999904633,0,2,1.7873000001907349,2.372,0,34,Male,1,62.0,34.0,21.08,86.0,15.0,12.9,-24.0,19.0,8.180000000000001,6,0,8,0.5310500000119209,0.25
25,Block,2,39,57,0,1,Right,3.225600000143051,,,8,0,2.297700000047684,0,2,0.8020999999046325,1.2305,0,34,Male,1,59.0,94.0,55.46,86.0,89.0,76.54,-27.0,5.0,-21.080000000000013,0,1,19,0.7127874999940396,0.25
25,Block,2,40,58,1,0,Left,2.6887999999523164,,,8,0,3.5622999999523164,0,2,1.1575,1.7276000001430512,0,34,Male,1,36.0,54.0,19.44,48.0,53.0,25.44,-12.0,1.0,-6.0,1,1,20,0.5547125000059605,0.25
25,Block,2,27,59,0,1,Left,3.3217000000476835,,,8,0,3.1733999998569487,0,2,0.8215,1.2478999998569489,0,34,Male,1,8.0,64.0,5.12,25.0,34.0,8.5,-17.0,30.0,-3.38,2,0,7,0.6033250000178814,0.25
25,Block,1,15,10,1,0,Left,2.5905999999046325,,,10,0,4.3365,0,2,2.012899999856949,2.6370999999046325,0,34,Male,1,5.0,55.0,2.75,35.0,36.0,12.6,-30.0,19.0,-9.85,1,1,15,0.56635,0.25
25,Block,1,11,11,1,0,Right,2.0492000000476835,,,10,0,6.154700000047684,0,2,2.416799999952316,2.8915,0,34,Male,1,72.0,85.0,61.2,86.0,66.0,56.760000000000005,-14.0,19.0,4.439999999999991,5,0,11,0.3845299999952316,0.25
25,Block,1,18,14,1,0,Right,1.5811999998092652,,,10,0,5.098400000095367,0,2,1.7965,2.261,0,34,Male,1,33.0,61.0,20.13,51.0,44.0,22.44,-18.0,17.0,-2.3100000000000023,2,0,18,0.4901599999904633,0.25
25,Block,1,8,20,0,1,Left,3.580200000047684,,,10,0,4.988200000047684,0,4,1.924200000047684,2.498600000143051,0,34,Male,3,35.0,24.0,8.4,65.0,14.0,9.1,-30.0,10.0,-0.7000000000000011,3,0,8,0.5011799999952317,0.25
25,Block,1,9,23,0,1,Left,3.873700000047684,,,10,0,4.738899999856949,0,2,2.357199999809265,2.803199999809265,0,34,Male,1,52.0,36.0,18.72,63.0,27.0,17.01,-11.0,9.0,1.7099999999999973,4,0,9,0.5261100000143051,0.25
25,Block,1,19,27,0,1,Left,2.1762999999523163,,,10,0,4.697700000047684,0,2,1.8105999999046325,2.538699999809265,0,34,Male,1,18.0,49.0,8.82,23.0,29.0,6.67,-5.0,20.0,2.1500000000000004,5,0,19,0.5302299999952316,0.25
25,Block,1,7,29,1,0,Right,2.1190999999046327,,,10,0,6.454400000095368,0,2,3.029100000143051,3.5815,0,34,Male,1,64.0,32.0,20.48,69.0,4.0,2.76,-5.0,28.0,17.72,7,0,7,0.3545599999904632,0.25
25,Block,1,16,30,0,1,Left,2.2195,,,10,0,4.408,0,2,1.0181000001430511,1.6027000000476836,0,34,Male,1,71.0,82.0,58.22,80.0,78.0,62.400000000000006,-9.0,4.0,-4.180000000000007,2,0,16,0.5591999999999999,0.25
25,Block,1,3,31,1,0,Left,3.4612999999523164,,,10,0,4.192099999904633,0,3,1.898200000047684,2.4384000000953674,0,34,Male,2,59.0,23.0,13.57,74.0,22.0,16.28,-15.0,1.0,-2.710000000000001,2,1,3,0.5807900000095367,0.25
25,Block,1,5,38,1,0,Right,1.8595999999046329,,,10,0,4.072700000047684,0,3,2.009700000047684,2.610399999856949,0,34,Male,2,43.0,54.0,23.22,63.0,45.0,28.35,-20.0,9.0,-5.129999999999999,1,0,5,0.5927299999952316,0.25
25,Block,1,6,40,1,0,Left,2.839700000047684,,,10,0,5.525799999952317,0,3,1.332399999856949,1.852699999809265,0,34,Male,2,30.0,41.0,12.3,60.0,35.0,21.0,-30.0,6.0,-8.700000000000001,1,1,6,0.4474200000047683,0.25
25,Block,1,13,41,1,0,Right,1.907700000047684,,,10,0,5.811900000095368,0,2,1.4572000000476837,2.1838000001907347,0,34,Male,1,35.0,40.0,14.0,48.0,10.0,4.800000000000001,-13.0,30.0,9.2,6,0,13,0.4188099999904632,0.25
25,Block,1,14,45,1,0,Left,2.552899999856949,,,10,0,6.159099999904632,0,2,4.943200000047684,5.529900000095368,0,34,Male,1,52.0,92.0,47.84,72.0,91.0,65.52,-20.0,1.0,-17.679999999999993,0,1,14,0.3840900000095367,0.25
25,Block,1,20,49,1,0,Left,2.7983000001907348,,,10,0,3.944100000143051,0,2,1.1708000001907348,1.6471000001430511,0,34,Male,1,69.0,87.0,60.03,99.0,86.0,85.14,-30.0,1.0,-25.11,0,1,20,0.605589999985695,0.25
25,Block,1,17,52,0,1,Left,1.4149000000953675,,,10,0,4.9031999998092655,0,2,1.1365,1.6072000000476838,0,34,Male,1,62.0,92.0,57.04,83.0,62.0,51.46,-21.0,30.0,5.579999999999998,5,0,17,0.5096800000190734,0.25
25,Block,1,4,53,0,1,Right,3.0240999999046325,,,10,0,4.399100000143052,0,3,42.795200000047686,43.3535,0,34,Male,2,69.0,28.0,19.32,81.0,23.0,18.630000000000003,-12.0,5.0,0.6899999999999977,4,1,4,0.5600899999856949,0.25
25,Block,1,1,54,0,1,Left,2.556700000047684,,,10,0,4.560400000095368,0,3,2.219700000047684,2.783799999952316,0,34,Male,2,47.0,37.0,17.39,77.0,23.0,17.71,-30.0,14.0,-0.3200000000000003,3,0,1,0.5439599999904632,0.25
25,Block,1,10,8,1,0,Right,2.22,,,10,0,7.055200000047684,0,2,1.5122000000476836,2.0125,0,34,Male,1,65.0,49.0,31.85,71.0,33.0,23.43,-6.0,16.0,8.419999999999998,6,0,10,0.2944799999952316,0.25
25,Block,1,2,9,1,0,Right,2.355900000095368,,,10,0,3.204800000190735,0,2,2.480200000047684,2.9565999999046326,0,34,Male,1,39.0,66.0,25.74,40.0,50.0,20.0,-1.0,16.0,5.740000000000002,6,0,2,0.6795199999809265,0.25
26,Block,1,17,1,1,0,Right,2.5757999999988823,,,6,0,5.4462000000011175,0,4,0.989300000000745,1.484800000000745,0,31,Male,3,18.0,44.0,7.92,40.0,39.0,15.6,-22.0,5.0,-7.6800000000000015,1,0,17,0.0922999999998137,0.4
26,Block,1,3,18,1,0,Right,1.9044000000003725,"Right, Right, Right, Right, Right, Right, Right, Right, Right, Right","2.9250999999996274, 3.686800000000745, 4.3255, 4.525, 4.710199999999255, 4.894699999999255, 5.0705, 5.2453000000007455, 5.438400000000373, 5.638300000000745",6,0,5.851099999999628,0,4,1.327300000000745,1.903,0,31,Male,3,73.0,32.0,23.36,82.0,2.0,1.64,-9.0,30.0,21.72,7,0,3,0.0248166666667287,0.4
26,Block,1,16,19,0,1,Left,1.8779000000003725,Left,3.0444000000003726,6,0,8.435,0,4,34.04290000000037,34.66730000000074,0,31,Male,3,24.0,74.0,17.759999999999998,25.0,64.0,16.0,-1.0,10.0,1.759999999999998,5,0,16,0.4058333333333334,0.4
26,Block,1,11,24,1,0,Left,5.070900000000372,,,6,0,4.809199999999255,0,5,1.88960000000149,2.540300000000745,0,31,Male,3,7.0,96.0,6.72,37.0,66.0,24.42,-30.0,30.0,-17.700000000000003,0,1,11,0.1984666666667907,0.4
26,Block,1,9,25,1,0,Right,1.919599999999628,"Right, Right, Right, Right, Right, Right, Right, Right, Right, Right, Right","2.768, 2.9124000000003725, 3.0714000000003727, 3.216300000000745, 3.344800000000745, 3.4712000000011174, 3.6084000000003726, 3.7513000000007453, 3.9040999999996275, 4.081599999999628, 4.289900000000372",6,0,8.515700000001118,0,4,1.9909000000003725,2.680199999999255,0,31,Male,3,52.0,96.0,49.92,55.0,83.0,45.65,-3.0,13.0,4.270000000000003,5,0,9,0.4192833333335197,0.4
26,Block,1,12,28,0,1,Right,2.133099999999628,Right,3.894199999999255,6,0,6.127799999998882,0,4,1.67,2.253199999999255,0,31,Male,3,11.0,72.0,7.92,33.0,45.0,14.85,-22.0,27.0,-6.93,1,1,12,0.0212999999998137,0.4
26,Block,1,20,3,0,1,Left,3.346,,,6,0,6.574200000001118,0,4,7.799699999999255,8.601,0,31,Male,3,76.0,72.0,54.72,99.0,48.0,47.52,-23.0,24.0,7.200000000000003,6,0,20,0.0957000000001862,0.4
26,Block,1,7,34,1,0,Right,2.113599999999628,Right,5.009099999999627,6,0,6.280700000001118,0,4,3.447,4.2545,0,31,Male,3,27.0,60.0,16.2,36.0,41.0,14.76,-9.0,19.0,1.4399999999999995,4,0,7,0.0467833333335196,0.4
26,Block,1,13,35,0,1,Left,1.6795,,,6,0,9.162200000001118,0,4,1.4625999999996275,2.071,0,31,Male,3,36.0,37.0,13.32,51.0,10.0,5.1000000000000005,-15.0,27.0,8.219999999999999,6,0,13,0.5270333333335196,0.4
26,Block,1,1,36,1,0,Right,2.027199999999255,Right,5.374099999999627,6,0,4.910099999999628,0,4,3.465599999999628,4.401,0,31,Male,3,75.0,31.0,23.25,96.0,14.0,13.44,-21.0,17.0,9.81,7,0,1,0.181650000000062,0.4
26,Block,1,5,37,1,0,Left,3.5334000000003725,,,6,0,6.334099999999627,0,4,1.5485,2.546599999999628,0,31,Male,3,48.0,35.0,16.799999999999997,61.0,19.0,11.59,-13.0,16.0,5.209999999999997,5,1,5,0.0556833333332712,0.4
26,Block,1,8,39,1,0,Left,3.2399000000003726,Left,4.2845,6,0,4.891299999998882,0,4,45.47290000000037,46.0655,0,31,Male,3,36.0,68.0,24.48,55.0,48.0,26.4,-19.0,20.0,-1.9199999999999984,2,1,8,0.1847833333335196,0.4
26,Block,1,14,42,0,1,Left,1.482,"Left, Left, Left, Left, Left, Left, Left, Left, Left, Left, Left, Left, Left, Left, Left, Left, Left, Left, Left, Left, Left, Left, Left","2.4902999999988826, 2.746699999999255, 2.9219000000003725, 3.0812999999988824, 3.2334000000003726, 3.4092999999988822, 3.586, 4.2425, 5.057599999999628, 5.5715, 5.602699999999255, 5.6345, 5.664, 5.700799999998883, 5.734099999999628, 5.770799999998882, 5.803, 5.835400000000373, 5.867, 5.905400000000372, 5.934099999999628, 5.969799999998882, 6.0025",6,0,8.037199999999254,0,4,1.7744000000003726,2.263800000000745,0,31,Male,3,50.0,89.0,44.5,66.0,67.0,44.220000000000006,-16.0,22.0,0.279999999999994,4,0,14,0.339533333333209,0.4
26,Block,1,15,43,1,0,Left,2.1524000000003727,Left,4.5845,6,0,6.837300000000745,0,4,1.8409000000003728,2.4879000000003724,0,31,Male,3,17.0,73.0,12.41,42.0,63.0,26.46,-25.0,10.0,-14.05,0,1,15,0.1395500000001241,0.4
26,Block,1,10,46,0,1,Left,2.7465,,,6,0,5.543699999999255,0,3,1.53,2.011200000001117,0,31,Male,2,78.0,38.0,29.64,90.0,15.0,13.5,-12.0,23.0,16.14,7,0,10,0.0760500000001241,0.4
26,Block,1,4,50,1,0,Left,1.696300000000745,,,6,0,6.507599999999628,0,4,1.431,1.9764000000003723,0,31,Male,3,2.0,34.0,0.68,29.0,13.0,3.77,-27.0,21.0,-3.09,2,1,4,0.0845999999999379,0.4
26,Block,1,18,55,0,1,Left,1.4305,Left,2.3184000000003726,6,0,7.008900000000373,0,5,3.5915999999996275,6.856199999999255,0,31,Male,3,35.0,92.0,32.2,41.0,81.0,33.21,-6.0,11.0,-1.009999999999998,3,0,18,0.1681500000000621,0.4
26,Block,1,2,6,0,1,Right,2.1630999999996274,Right,4.475599999999628,6,0,3.5149000000003725,0,4,1.1225999999996277,1.8662999999988823,0,31,Male,3,41.0,64.0,26.24,52.0,51.0,26.52,-11.0,13.0,-0.2799999999999976,3,1,2,0.4141833333332712,0.4
26,Block,1,6,60,1,0,Left,2.702800000000745,Left,3.9902000000011175,6,0,4.5345,0,4,2.2935999999996275,2.959199999999255,0,31,Male,3,56.0,75.0,42.0,81.0,74.0,59.94,-25.0,1.0,-17.939999999999998,0,1,6,0.2442499999999999,0.4
26,Block,1,19,7,1,0,Left,2.2757000000011174,Left,4.890599999999628,6,0,7.0105,0,5,9.078599999999629,9.63939999999851,0,31,Male,3,61.0,62.0,37.82,69.0,61.0,42.09,-8.0,1.0,-4.269999999999996,2,1,19,0.1684166666666667,0.4
26,Block,2,30,12,1,0,Right,1.2287000000011177,"Right, Right, Right, Right, Right, Right, Right, Right, Right, Right, Right","2.04510000000149, 2.8917000000011175, 3.101300000000745, 3.27660000000149, 3.43710000000149, 3.581, 3.733, 3.8929000000003726, 4.043900000000373, 4.197, 4.349",8,0,7.626099999999627,0,5,1.6507000000011176,2.171300000000745,0,31,Male,3,72.0,98.0,70.56,73.0,77.0,56.21,-1.0,21.0,14.35,7,0,10,0.0467375000000466,0.4
26,Block,2,29,15,1,0,Left,3.956099999999628,,,8,0,9.013400000000372,0,4,2.12089999999851,2.64989999999851,0,31,Male,3,36.0,75.0,27.0,52.0,61.0,31.72,-16.0,14.0,-4.719999999999999,2,1,9,0.1266750000000465,0.4
26,Block,2,25,16,0,1,Left,2.135199999999255,,,8,0,10.714800000000745,0,4,1.229300000000745,2.174300000000745,0,31,Male,3,23.0,12.0,2.76,26.0,6.0,1.56,-3.0,6.0,1.1999999999999995,4,0,5,0.3393500000000931,0.4
26,Block,2,21,17,0,1,Left,2.2306000000014903,Left,3.5414000000003725,8,0,6.607199999999255,0,4,1.442300000000745,1.8284000000003728,0,31,Male,3,31.0,38.0,11.78,46.0,29.0,13.34,-15.0,9.0,-1.5600000000000005,3,0,1,0.1741000000000931,0.4
26,Block,2,28,2,1,0,Left,3.554599999999628,Left,4.447900000000373,8,0,6.168599999999628,0,5,0.9705999999996274,1.4592999999988825,0,31,Male,3,40.0,63.0,25.2,57.0,58.0,33.059999999999995,-17.0,5.0,-7.859999999999996,1,1,8,0.2289250000000464,0.4
26,Block,2,27,21,1,0,Right,2.0099000000003726,Right,4.424300000000745,8,0,7.780800000000745,0,5,3.403300000000745,4.43610000000149,0,31,Male,3,26.0,59.0,15.34,36.0,33.0,11.88,-10.0,26.0,3.459999999999999,5,0,7,0.0273999999999068,0.4
26,Block,2,32,22,0,1,Right,3.6455,Right,4.619800000000745,8,0,7.0475,0,5,0.9536999999992548,1.4738999999985098,0,31,Male,3,24.0,95.0,22.8,53.0,71.0,37.63,-29.0,24.0,-14.829999999999998,0,1,12,0.1190624999999999,0.4
26,Block,2,40,32,0,1,Left,1.56510000000149,,,8,0,7.683800000000745,0,4,1.05,1.562,0,31,Male,3,59.0,31.0,18.29,60.0,1.0,0.6,-1.0,30.0,17.689999999999998,7,0,20,0.0395249999999068,0.4
26,Block,2,36,33,1,0,Left,3.433699999999255,,,8,0,7.224099999999628,0,5,1.33760000000149,1.875800000000745,0,31,Male,3,57.0,51.0,29.07,62.0,48.0,29.76,-5.0,3.0,-0.6899999999999977,3,1,16,0.0969875000000465,0.4
26,Block,2,35,44,1,0,Left,1.3842000000011176,Left,2.2885,8,0,7.7975,0,4,2.110699999999255,2.5755999999996275,0,31,Male,3,19.0,86.0,16.34,45.0,71.0,31.95,-26.0,15.0,-15.61,0,1,15,0.0253124999999999,0.4
26,Block,2,26,48,1,0,Right,3.4974000000003724,Right,5.505400000000373,8,0,8.064,0,4,1.746,2.755599999999628,0,31,Male,3,35.0,68.0,23.8,54.0,43.0,23.22,-19.0,25.0,0.5800000000000018,4,0,6,0.008,0.4
26,Block,2,37,51,0,1,Left,1.68439999999851,Left,2.5317999999988823,8,0,8.624099999999627,0,5,4.396800000000745,4.869699999999255,0,31,Male,3,41.0,94.0,38.54,48.0,70.0,33.599999999999994,-7.0,24.0,4.940000000000005,5,0,17,0.0780124999999534,0.4
26,Block,2,31,56,1,0,Right,2.307099999999628,,,8,0,3.682099999999628,0,5,3.05210000000149,5.2682000000011175,0,31,Male,3,62.0,34.0,21.08,86.0,15.0,12.9,-24.0,19.0,8.180000000000001,6,0,11,0.5397375000000465,0.4
26,Block,2,24,57,0,1,Left,1.949700000001117,Left,2.702,8,0,6.763800000000745,0,4,10.2985,11.403799999998885,0,31,Male,3,59.0,94.0,55.46,86.0,89.0,76.54,-27.0,5.0,-21.080000000000013,0,0,4,0.1545249999999068,0.4
26,Block,2,38,58,1,0,Left,1.3767999999988825,Left,2.4885,8,0,8.928699999999255,0,4,1.05439999999851,1.91839999999851,0,31,Male,3,36.0,54.0,19.44,48.0,53.0,25.44,-12.0,1.0,-6.0,1,1,18,0.1160874999999068,0.4
26,Block,2,39,59,1,0,Left,4.495400000000372,,,8,0,6.9575,0,4,0.9595,1.4239000000003723,0,31,Male,3,8.0,64.0,5.12,25.0,34.0,8.5,-17.0,30.0,-3.38,2,1,19,0.1303125,0.4
26,Block,3,42,10,1,0,Left,2.391400000000373,,,10,0,10.1935,0,1,3.869400000000372,4.309200000001118,0,31,Male,1,5.0,55.0,2.75,35.0,36.0,12.6,-30.0,19.0,-9.85,1,1,2,0.01935,0.4
26,Block,3,45,11,1,0,Right,2.266099999999628,,,10,0,8.5065,0,4,1.6847000000011176,2.149099999999628,0,31,Male,3,72.0,85.0,61.2,86.0,66.0,56.760000000000005,-14.0,19.0,4.439999999999991,5,0,5,0.1493499999999999,0.4
26,Block,3,44,14,1,0,Right,4.367099999999628,,,10,0,6.461,0,4,2.2532000000011174,2.8520999999996275,0,31,Male,3,33.0,61.0,20.13,51.0,44.0,22.44,-18.0,17.0,-2.3100000000000023,2,0,4,0.3539,0.4
26,Block,3,47,20,1,0,Right,5.122099999999628,,,10,0,8.539899999998509,0,4,3.29,4.2195,0,31,Male,3,35.0,24.0,8.4,65.0,14.0,9.1,-30.0,10.0,-0.7000000000000011,3,0,7,0.1460100000001491,0.4
26,Block,3,58,23,0,1,Left,2.8609000000003726,,,10,0,8.980400000000373,0,4,1.3485,1.8369000000003728,0,31,Male,3,52.0,36.0,18.72,63.0,27.0,17.01,-11.0,9.0,1.7099999999999973,4,0,18,0.1019599999999627,0.4
26,Block,3,54,26,0,1,Left,1.9692000000011176,,,10,0,10.928699999999257,0,4,2.5764000000003726,3.328699999999255,0,31,Male,3,95.0,74.0,70.3,97.0,49.0,47.53,-2.0,25.0,22.77,7,0,14,0.0928699999999256,0.4
26,Block,3,59,27,1,0,Right,1.8889000000003728,,,10,0,15.54739999999851,0,4,0.954,1.449300000000745,0,31,Male,3,18.0,49.0,8.82,23.0,29.0,6.67,-5.0,20.0,2.1500000000000004,5,0,19,0.5547399999998509,0.4
26,Block,3,55,29,1,0,Right,1.4883999999985098,,,10,0,12.410299999998882,0,2,1.263,1.6404000000003724,0,31,Male,1,64.0,32.0,20.48,69.0,4.0,2.76,-5.0,28.0,17.72,7,0,15,0.2410299999998882,0.4
26,Block,3,46,30,1,0,Right,2.7520999999996274,,,10,0,10.04810000000149,0,4,0.997,1.693,0,31,Male,3,71.0,82.0,58.22,80.0,78.0,62.400000000000006,-9.0,4.0,-4.180000000000007,2,0,6,0.004810000000149,0.4
26,Block,3,50,31,0,1,Right,1.47810000000149,,,10,0,9.106800000000746,0,2,1.0354000000003725,1.4657999999988824,0,31,Male,1,59.0,23.0,13.57,74.0,22.0,16.28,-15.0,1.0,-2.710000000000001,2,1,10,0.0893199999999254,0.4
26,Block,3,52,38,1,0,Left,3.270400000000373,,,10,0,10.253,0,4,1.5115,2.057099999999628,0,31,Male,3,43.0,54.0,23.22,63.0,45.0,28.35,-20.0,9.0,-5.129999999999999,1,1,12,0.0253,0.4
26,Block,3,43,40,0,1,Right,2.699900000000373,,,10,0,7.468299999998883,0,3,1.405,2.5565,0,31,Male,2,30.0,41.0,12.3,60.0,35.0,21.0,-30.0,6.0,-8.700000000000001,1,1,3,0.2531700000001117,0.4
26,Block,3,49,41,1,0,Right,2.481,,,10,0,5.653099999999627,0,4,1.7947999999988824,2.291699999999255,0,31,Male,3,35.0,40.0,14.0,48.0,10.0,4.800000000000001,-13.0,30.0,9.2,6,0,9,0.4346900000000372,0.4
26,Block,3,60,45,0,1,Right,1.464,,,10,0,10.224800000000744,0,2,1.303300000000745,1.8713000000007447,0,31,Male,1,52.0,92.0,47.84,72.0,91.0,65.52,-20.0,1.0,-17.679999999999993,0,1,20,0.0224800000000744,0.4
26,Block,3,56,49,0,1,Right,2.4512000000011174,,,10,0,6.478,0,1,1.2796999999992549,2.086900000000373,0,31,Male,1,69.0,87.0,60.03,99.0,86.0,85.14,-30.0,1.0,-25.11,0,1,16,0.3522,0.4
26,Block,3,48,52,1,0,Right,1.93260000000149,,,10,0,6.437,0,2,3.929199999999255,4.426,0,31,Male,1,62.0,92.0,57.04,83.0,62.0,51.46,-21.0,30.0,5.579999999999998,5,0,8,0.3562999999999999,0.4
26,Block,3,57,53,0,1,Left,2.7125,,,10,0,12.035199999999255,0,4,3.483699999999255,4.011400000000372,0,31,Male,3,69.0,28.0,19.32,81.0,23.0,18.630000000000003,-12.0,5.0,0.6899999999999977,4,0,17,0.2035199999999255,0.4
26,Block,3,53,54,0,1,Left,3.619299999998882,,,10,0,11.038699999999254,0,5,9.798599999999627,10.374900000000371,0,31,Male,3,47.0,37.0,17.39,77.0,23.0,17.71,-30.0,14.0,-0.3200000000000003,3,0,13,0.1038699999999254,0.4
26,Block,3,41,8,0,1,Left,1.448699999999255,"Left, Left","2.960300000000745, 3.3271999999992548",10,0,7.028,0,2,9.418800000000743,9.850699999999255,0,31,Male,1,65.0,49.0,31.85,71.0,33.0,23.43,-6.0,16.0,8.419999999999998,6,0,1,0.2972,0.4
26,Block,3,51,9,1,0,Left,2.969,,,10,0,7.443900000000372,0,4,1.4790999999996275,2.4145999999996275,0,31,Male,3,39.0,66.0,25.74,40.0,50.0,20.0,-1.0,16.0,5.740000000000002,6,1,11,0.2556099999999627,0.4
27,Block,1,9,1,0,1,Right,2.498599999999628,,,6,0,2.7815,0,2,1.441,2.6712000000001863,1,36,Male,1,18.0,44.0,7.92,40.0,39.0,15.6,-22.0,5.0,-7.6800000000000015,1,1,9,0.5364166666666667,0.3166666666666666
27,Block,1,8,18,1,0,Right,2.2105,,,6,0,4.127599999999627,0,2,1.990599999999628,3.0987999999998137,1,36,Male,1,73.0,32.0,23.36,82.0,2.0,1.64,-9.0,30.0,21.72,7,0,8,0.3120666666667288,0.3166666666666666
27,Block,1,6,19,1,0,Right,1.8936000000000928,,,6,0,5.471600000000093,0,1,3.08330000000028,3.7595,1,36,Male,1,24.0,74.0,17.759999999999998,25.0,64.0,16.0,-1.0,10.0,1.759999999999998,5,0,6,0.0880666666666512,0.3166666666666666
27,Block,1,16,24,1,0,Left,4.860099999999627,,,6,0,4.269400000000372,0,2,3.5265,4.024599999999627,1,36,Male,1,7.0,96.0,6.72,37.0,66.0,24.42,-30.0,30.0,-17.700000000000003,0,1,16,0.2884333333332713,0.3166666666666666
27,Block,1,7,25,1,0,Right,1.9208999999999068,,,6,0,5.063299999999813,0,1,2.6902999999998136,4.682299999999814,1,36,Male,1,52.0,96.0,49.92,55.0,83.0,45.65,-3.0,13.0,4.270000000000003,5,0,7,0.1561166666666977,0.3166666666666666
27,Block,1,14,28,0,1,Left,2.981700000000186,,,6,0,2.8553999999994413,0,4,2.7967000000001865,4.0187000000001865,1,36,Male,3,11.0,72.0,7.92,33.0,45.0,14.85,-22.0,27.0,-6.93,1,0,14,0.5241000000000932,0.3166666666666666
27,Block,1,20,3,1,0,Right,3.833600000000559,,,6,0,4.103299999999813,0,1,2.218700000000186,2.758899999999441,1,36,Male,1,76.0,72.0,54.72,99.0,48.0,47.52,-23.0,24.0,7.200000000000003,6,0,20,0.3161166666666977,0.3166666666666666
27,Block,1,3,34,1,0,Right,1.7278000000002791,,,6,0,4.259,0,1,2.65930000000028,3.1815,1,36,Male,1,27.0,60.0,16.2,36.0,41.0,14.76,-9.0,19.0,1.4399999999999995,4,0,3,0.2901666666666666,0.3166666666666666
27,Block,1,17,35,0,1,Left,3.3045,,,6,0,5.759700000000186,0,2,2.2925,3.4766000000005586,1,36,Male,1,36.0,37.0,13.32,51.0,10.0,5.1000000000000005,-15.0,27.0,8.219999999999999,6,0,17,0.0400499999999689,0.3166666666666666
27,Block,1,19,36,1,0,Right,3.1347999999998137,,,6,0,4.1265,0,1,4.803,5.483,1,36,Male,1,75.0,31.0,23.25,96.0,14.0,13.44,-21.0,17.0,9.81,7,0,19,0.3122499999999999,0.3166666666666666
27,Block,1,13,37,1,0,Right,2.149099999999628,,,6,0,3.091899999999441,0,1,3.046199999999255,3.9122999999998136,1,36,Male,1,48.0,35.0,16.799999999999997,61.0,19.0,11.59,-13.0,16.0,5.209999999999997,5,0,13,0.4846833333334264,0.3166666666666666
27,Block,1,2,39,1,0,Right,1.9886000000000927,,,6,0,4.5967999999998135,0,1,1.8911999999997209,2.563199999999721,1,36,Male,1,36.0,68.0,24.48,55.0,48.0,26.4,-19.0,20.0,-1.9199999999999984,2,0,2,0.2338666666666977,0.3166666666666666
27,Block,1,15,42,1,0,Right,3.1659000000003727,,,6,0,2.858799999999814,0,1,4.689599999999627,5.655900000000373,1,36,Male,1,50.0,89.0,44.5,66.0,67.0,44.220000000000006,-16.0,22.0,0.279999999999994,4,0,15,0.5235333333333644,0.3166666666666666
27,Block,1,18,43,1,0,Left,2.268600000000559,,,6,0,3.250599999999628,0,2,5.586,6.168,1,36,Male,1,17.0,73.0,12.41,42.0,63.0,26.46,-25.0,10.0,-14.05,0,1,18,0.4582333333333954,0.3166666666666666
27,Block,1,12,46,1,0,Right,1.9095,,,6,0,3.3325,0,2,5.235900000000372,5.849799999999814,1,36,Male,1,78.0,38.0,29.64,90.0,15.0,13.5,-12.0,23.0,16.14,7,0,12,0.4445833333333333,0.3166666666666666
27,Block,1,1,50,0,1,Right,3.6764000000003727,,,6,0,2.355600000000093,0,1,3.6965,4.274700000000187,1,36,Male,1,2.0,34.0,0.68,29.0,13.0,3.77,-27.0,21.0,-3.09,2,1,1,0.6073999999999845,0.3166666666666666
27,Block,1,4,55,0,1,Left,2.52630000000028,,,6,0,3.378300000000279,0,1,2.0505,2.7143999999999067,1,36,Male,1,35.0,92.0,32.2,41.0,81.0,33.21,-6.0,11.0,-1.009999999999998,3,0,4,0.4369499999999535,0.3166666666666666
27,Block,1,5,6,1,0,Right,1.64,,,6,0,5.156900000000372,0,1,3.940899999999907,4.552899999999907,1,36,Male,1,41.0,64.0,26.24,52.0,51.0,26.52,-11.0,13.0,-0.2799999999999976,3,0,5,0.1405166666666046,0.3166666666666666
27,Block,1,11,60,0,1,Right,2.311399999999441,,,6,0,4.460200000000186,0,2,60.03959999999963,60.64959999999963,1,36,Male,1,56.0,75.0,42.0,81.0,74.0,59.94,-25.0,1.0,-17.939999999999998,0,1,11,0.2566333333333023,0.3166666666666666
27,Block,1,10,7,1,0,Left,1.929599999999628,,,6,0,2.7832999999998136,0,2,1.7132000000001864,3.1052000000001865,1,36,Male,1,61.0,62.0,37.82,69.0,61.0,42.09,-8.0,1.0,-4.269999999999996,2,1,10,0.5361166666666978,0.3166666666666666
27,Block,2,26,12,1,0,Right,1.9323999999994408,,,8,0,8.625399999999441,0,1,2.3127999999998137,3.2207999999998136,1,36,Male,1,72.0,98.0,70.56,73.0,77.0,56.21,-1.0,21.0,14.35,7,0,6,0.0781749999999301,0.3166666666666666
27,Block,2,28,13,0,1,Left,3.4272999999998137,,,8,0,6.506599999999628,0,1,2.1735999999996274,2.7457000000001863,1,36,Male,1,73.0,49.0,35.77,81.0,42.0,34.02,-8.0,7.0,1.75,4,0,8,0.1866750000000465,0.3166666666666666
27,Block,2,29,15,1,0,Left,5.224200000000186,,,8,0,6.376299999999814,0,1,2.8672999999998137,3.613399999999441,1,36,Male,1,36.0,75.0,27.0,52.0,61.0,31.72,-16.0,14.0,-4.719999999999999,2,1,9,0.2029625000000232,0.3166666666666666
27,Block,2,25,16,1,0,Right,3.3337999999998136,,,8,0,4.034200000000186,0,1,2.559399999999441,4.3815,1,36,Male,1,23.0,12.0,2.76,26.0,6.0,1.56,-3.0,6.0,1.1999999999999995,4,0,5,0.4957249999999767,0.3166666666666666
27,Block,2,37,17,1,0,Right,6.676700000000186,,,8,0,5.854699999999255,0,3,2.0295,2.7777000000001864,1,36,Male,2,31.0,38.0,11.78,46.0,29.0,13.34,-15.0,9.0,-1.5600000000000005,3,0,17,0.2681625000000931,0.3166666666666666
27,Block,2,39,2,0,1,Right,4.694199999999255,,,8,0,8.0815,0,1,3.262099999999628,3.7962000000001854,1,36,Male,1,40.0,63.0,25.2,57.0,58.0,33.059999999999995,-17.0,5.0,-7.859999999999996,1,1,19,0.0101875,0.3166666666666666
27,Block,2,35,21,1,0,Right,2.195,,,8,0,5.861599999999627,0,1,1.8354000000003723,3.0775,1,36,Male,1,26.0,59.0,15.34,36.0,33.0,11.88,-10.0,26.0,3.459999999999999,5,0,15,0.2673000000000466,0.3166666666666666
27,Block,2,22,22,0,1,Left,2.8335,,,8,0,4.515300000000745,0,1,3.106700000000186,3.554800000000745,1,36,Male,1,24.0,95.0,22.8,53.0,71.0,37.63,-29.0,24.0,-14.829999999999998,0,0,2,0.4355874999999068,0.3166666666666666
27,Block,2,27,32,0,1,Left,1.754,,,8,0,6.59,0,1,2.273200000000186,2.8672999999998137,1,36,Male,1,59.0,31.0,18.29,60.0,1.0,0.6,-1.0,30.0,17.689999999999998,7,0,7,0.17625,0.3166666666666666
27,Block,2,23,33,1,0,Right,2.439099999999628,,,8,0,4.634299999999814,0,1,2.453800000000745,3.147800000000745,1,36,Male,1,57.0,51.0,29.07,62.0,48.0,29.76,-5.0,3.0,-0.6899999999999977,3,0,3,0.4207125000000232,0.3166666666666666
27,Block,2,33,4,1,0,Right,3.754799999999814,,,8,0,4.235599999999628,0,1,2.518299999999814,3.4189000000003724,1,36,Male,1,72.0,82.0,59.04,73.0,81.0,59.13,-1.0,1.0,-0.0900000000000034,3,0,13,0.4705500000000465,0.3166666666666666
27,Block,2,31,44,1,0,Left,3.4542000000001862,,,8,0,5.429700000000186,0,3,3.2792000000001864,4.051200000000186,1,36,Male,2,19.0,86.0,16.34,45.0,71.0,31.95,-26.0,15.0,-15.61,0,1,11,0.3212874999999767,0.3166666666666666
27,Block,2,24,47,0,1,Left,2.393299999999814,,,8,0,5.781700000000186,0,1,2.26,2.85,1,36,Male,1,68.0,30.0,20.4,89.0,16.0,14.24,-21.0,14.0,6.159999999999998,6,0,4,0.2772874999999767,0.3166666666666666
27,Block,2,38,48,0,1,Left,4.5892000000001865,,,8,0,5.005200000000186,0,1,6.031400000000373,6.5455,1,36,Male,1,35.0,68.0,23.8,54.0,43.0,23.22,-19.0,25.0,0.5800000000000018,4,0,18,0.3743499999999767,0.3166666666666666
27,Block,2,36,5,0,1,Left,1.5942999999998138,,,8,0,5.187199999999255,0,1,2.422099999999628,3.1702000000001864,1,36,Male,1,72.0,33.0,23.76,98.0,5.0,4.9,-26.0,28.0,18.86,7,0,16,0.3516000000000931,0.3166666666666666
27,Block,2,34,51,1,0,Right,2.247,,,8,0,5.380600000000559,0,1,2.2705,2.8725,1,36,Male,1,41.0,94.0,38.54,48.0,70.0,33.599999999999994,-7.0,24.0,4.940000000000005,5,0,14,0.3274249999999301,0.3166666666666666
27,Block,2,40,56,1,0,Right,2.9218999999994413,,,8,0,4.5975,0,1,5.261400000000372,6.1455,1,36,Male,1,62.0,34.0,21.08,86.0,15.0,12.9,-24.0,19.0,8.180000000000001,6,0,20,0.4253125,0.3166666666666666
27,Block,2,21,57,0,1,Right,2.730799999999814,,,8,0,3.6807000000001855,0,1,2.7102999999998136,3.576200000000186,1,36,Male,1,59.0,94.0,55.46,86.0,89.0,76.54,-27.0,5.0,-21.080000000000013,0,1,1,0.5399124999999768,0.3166666666666666
27,Block,2,32,58,0,1,Right,2.461,,,8,0,5.084400000000373,0,1,3.2395,4.0295,1,36,Male,1,36.0,54.0,19.44,48.0,53.0,25.44,-12.0,1.0,-6.0,1,1,12,0.3644499999999534,0.3166666666666666
27,Block,2,30,59,1,0,Right,5.515900000000372,,,8,0,6.730599999999628,0,2,2.0086000000005586,2.9387000000001864,1,36,Male,1,8.0,64.0,5.12,25.0,34.0,8.5,-17.0,30.0,-3.38,2,0,10,0.1586750000000465,0.3166666666666666
27,Block,3,41,10,0,1,Right,2.2952000000001864,,,10,0,5.618099999999627,0,2,3.3079000000003727,4.185900000000372,1,36,Male,1,5.0,55.0,2.75,35.0,36.0,12.6,-30.0,19.0,-9.85,1,1,1,0.4381900000000372,0.3166666666666666
27,Block,3,49,11,0,1,Left,1.806399999999441,,,10,0,8.761200000000187,0,1,2.7717999999998137,3.2479000000003726,1,36,Male,1,72.0,85.0,61.2,86.0,66.0,56.760000000000005,-14.0,19.0,4.439999999999991,5,0,9,0.1238799999999813,0.3166666666666666
27,Block,3,57,14,0,1,Left,3.524799999999814,,,10,0,4.862599999999627,0,1,1.582699999999255,2.242799999999814,1,36,Male,1,33.0,61.0,20.13,51.0,44.0,22.44,-18.0,17.0,-2.3100000000000023,2,0,17,0.5137400000000373,0.3166666666666666
27,Block,3,42,20,1,0,Left,4.085700000000187,,,10,0,6.121599999999628,0,1,3.409,3.937,1,36,Male,1,35.0,24.0,8.4,65.0,14.0,9.1,-30.0,10.0,-0.7000000000000011,3,1,2,0.3878400000000372,0.3166666666666666
27,Block,3,44,23,1,0,Right,4.09,,,10,0,5.519200000000186,0,1,1.2592000000001862,1.797300000000745,1,36,Male,1,52.0,36.0,18.72,63.0,27.0,17.01,-11.0,9.0,1.7099999999999973,4,0,4,0.4480799999999814,0.3166666666666666
27,Block,3,53,26,0,1,Left,3.460100000000559,,,10,0,6.555700000000186,0,1,1.8562000000001864,2.836299999999813,1,36,Male,1,95.0,74.0,70.3,97.0,49.0,47.53,-2.0,25.0,22.77,7,0,13,0.3444299999999813,0.3166666666666666
27,Block,3,46,27,1,0,Right,2.7725,,,10,0,6.789400000000373,0,1,2.4325,3.680600000000559,1,36,Male,1,18.0,49.0,8.82,23.0,29.0,6.67,-5.0,20.0,2.1500000000000004,5,0,6,0.3210599999999627,0.3166666666666666
27,Block,3,58,30,1,0,Left,2.721899999999441,,,10,0,8.65989999999944,0,1,2.0755,2.7535,1,36,Male,1,71.0,82.0,58.22,80.0,78.0,62.400000000000006,-9.0,4.0,-4.180000000000007,2,1,18,0.1340100000000559,0.3166666666666666
27,Block,3,51,31,0,1,Right,3.498299999999814,,,10,0,6.029700000000187,0,1,2.6597999999998136,3.1918999999994413,1,36,Male,1,59.0,23.0,13.57,74.0,22.0,16.28,-15.0,1.0,-2.710000000000001,2,1,11,0.3970299999999813,0.3166666666666666
27,Block,3,50,38,1,0,Right,3.395,,,10,0,6.455299999999814,0,2,3.273899999999441,4.4198999999994415,1,36,Male,1,43.0,54.0,23.22,63.0,45.0,28.35,-20.0,9.0,-5.129999999999999,1,0,10,0.3544700000000186,0.3166666666666666
27,Block,3,55,40,1,0,Left,4.179199999999255,,,10,0,5.312200000000186,0,1,2.1699000000003723,2.9899000000003726,1,36,Male,1,30.0,41.0,12.3,60.0,35.0,21.0,-30.0,6.0,-8.700000000000001,1,1,15,0.4687799999999814,0.3166666666666666
27,Block,3,52,45,1,0,Left,2.4175,,,10,0,7.283100000000559,0,1,2.292,3.3720999999996275,1,36,Male,1,52.0,92.0,47.84,72.0,91.0,65.52,-20.0,1.0,-17.679999999999993,0,1,12,0.2716899999999441,0.3166666666666666
27,Block,3,43,49,0,1,Right,2.363,,,10,0,5.751200000000186,0,1,1.807,2.6509000000003726,1,36,Male,1,69.0,87.0,60.03,99.0,86.0,85.14,-30.0,1.0,-25.11,0,1,3,0.4248799999999814,0.3166666666666666
27,Block,3,59,52,0,1,Left,1.939,,,10,0,5.646899999999441,0,1,1.7155,2.3216000000005588,1,36,Male,1,62.0,92.0,57.04,83.0,62.0,51.46,-21.0,30.0,5.579999999999998,5,0,19,0.4353100000000559,0.3166666666666666
27,Block,3,48,53,1,0,Left,3.492699999999255,,,10,0,5.2395,0,1,3.0475,3.699399999999441,1,36,Male,1,69.0,28.0,19.32,81.0,23.0,18.630000000000003,-12.0,5.0,0.6899999999999977,4,1,8,0.47605,0.3166666666666666
27,Block,3,47,54,1,0,Right,4.4095,,,10,0,5.944299999999814,0,1,2.444700000000186,3.108800000000745,1,36,Male,1,47.0,37.0,17.39,77.0,23.0,17.71,-30.0,14.0,-0.3200000000000003,3,0,7,0.4055700000000186,0.3166666666666666
27,Block,3,45,8,1,0,Right,3.161600000000558,,,10,0,6.010700000000186,0,2,4.848599999999627,5.460700000000187,1,36,Male,1,65.0,49.0,31.85,71.0,33.0,23.43,-6.0,16.0,8.419999999999998,6,0,5,0.3989299999999814,0.3166666666666666
27,Block,3,60,9,0,1,Left,3.063200000000186,,,10,0,6.964399999999441,0,1,1.6359000000003725,2.242,1,36,Male,1,39.0,66.0,25.74,40.0,50.0,20.0,-1.0,16.0,5.740000000000002,6,0,20,0.3035600000000559,0.3166666666666666
28,Block,1,17,1,1,0,Left,4.8521000000238415,,,6,0,8.522100000023842,0,3,1.104800000011921,1.6987000000476835,0,37,Male,2,18.0,44.0,7.92,40.0,39.0,15.6,-22.0,5.0,-7.6800000000000015,1,1,17,0.4203500000039737,0.4166666666666667
28,Block,1,8,18,0,1,Left,1.0478999999761582,,,6,0,8.853699999988079,0,1,1.3969000000357628,1.7944000000357627,0,37,Male,1,73.0,32.0,23.36,82.0,2.0,1.64,-9.0,30.0,21.72,7,0,8,0.4756166666646798,0.4166666666666667
28,Block,1,14,19,0,1,Left,2.635800000011921,,,6,0,10.38630000001192,0,2,0.9686999999880792,1.4665999999642372,0,37,Male,1,24.0,74.0,17.759999999999998,25.0,64.0,16.0,-1.0,10.0,1.759999999999998,5,0,14,0.7310500000019866,0.4166666666666667
28,Block,1,9,24,0,1,Right,3.283699999988079,,,6,0,9.056899999976158,0,4,1.273399999976158,1.8846999999880791,0,37,Male,3,7.0,96.0,6.72,37.0,66.0,24.42,-30.0,30.0,-17.700000000000003,0,1,9,0.5094833333293597,0.4166666666666667
28,Block,1,11,25,1,0,Right,2.595199999988079,,,6,0,11.814100000023842,0,1,1.731800000011921,2.202,0,37,Male,1,52.0,96.0,49.92,55.0,83.0,45.65,-3.0,13.0,4.270000000000003,5,0,11,0.9690166666706403,0.4166666666666667
28,Block,1,4,28,1,0,Right,4.038300000011921,,,6,0,9.53530000001192,0,3,2.059300000011921,2.463399999976158,0,37,Male,2,11.0,72.0,7.92,33.0,45.0,14.85,-22.0,27.0,-6.93,1,0,4,0.5892166666686535,0.4166666666666667
28,Block,1,7,3,0,1,Left,2.2596000000238416,,,6,0,8.012799999952316,0,1,1.6276000000238418,2.025100000023842,0,37,Male,1,76.0,72.0,54.72,99.0,48.0,47.52,-23.0,24.0,7.200000000000003,6,0,7,0.3354666666587193,0.4166666666666667
28,Block,1,6,34,0,1,Left,2.208899999976158,,,6,0,8.140300000011921,0,2,2.132,2.714100000023842,0,37,Male,1,27.0,60.0,16.2,36.0,41.0,14.76,-9.0,19.0,1.4399999999999995,4,0,6,0.3567166666686535,0.4166666666666667
28,Block,1,16,35,1,0,Right,3.882199999988079,,,6,0,7.7525,0,3,2.270400000035763,3.159,0,37,Male,2,36.0,37.0,13.32,51.0,10.0,5.1000000000000005,-15.0,27.0,8.219999999999999,6,0,16,0.2920833333333334,0.4166666666666667
28,Block,1,3,36,1,0,Right,2.063099999964237,,,6,0,6.980099999964237,0,2,1.0,1.4026999999880791,0,37,Male,1,75.0,31.0,23.25,96.0,14.0,13.44,-21.0,17.0,9.81,7,0,3,0.1633499999940394,0.4166666666666667
28,Block,1,10,37,0,1,Left,2.789899999976158,,,6,0,8.8695,0,2,1.430300000011921,1.8521999999880792,0,37,Male,1,48.0,35.0,16.799999999999997,61.0,19.0,11.59,-13.0,16.0,5.209999999999997,5,0,10,0.47825,0.4166666666666667
28,Block,1,20,39,0,1,Left,3.938899999976158,,,6,0,8.348300000011921,0,3,1.802300000011921,2.334800000011921,0,37,Male,2,36.0,68.0,24.48,55.0,48.0,26.4,-19.0,20.0,-1.9199999999999984,2,0,20,0.3913833333353202,0.4166666666666667
28,Block,1,18,42,1,0,Right,2.0845,,,6,0,8.9715,0,2,1.3392000000476838,3.013100000023842,0,37,Male,1,50.0,89.0,44.5,66.0,67.0,44.220000000000006,-16.0,22.0,0.279999999999994,4,0,18,0.4952500000000001,0.4166666666666667
28,Block,1,1,43,1,0,Left,3.0329000000357627,,,6,0,7.094599999964237,0,4,5.262700000047683,5.731200000047684,0,37,Male,3,17.0,73.0,12.41,42.0,63.0,26.46,-25.0,10.0,-14.05,0,1,1,0.1824333333273728,0.4166666666666667
28,Block,1,5,46,1,0,Right,2.071699999988079,,,6,0,7.902199999988079,0,1,1.557800000011921,2.091300000011921,0,37,Male,1,78.0,38.0,29.64,90.0,15.0,13.5,-12.0,23.0,16.14,7,0,5,0.3170333333313466,0.4166666666666667
28,Block,1,13,50,0,1,Right,3.9585,,,6,0,11.76119999998808,0,1,1.831600000023842,2.232600000023842,0,37,Male,1,2.0,34.0,0.68,29.0,13.0,3.77,-27.0,21.0,-3.09,2,1,13,0.9601999999980132,0.4166666666666667
28,Block,1,15,55,1,0,Left,4.507399999976158,,,6,0,10.752,0,4,1.0675,1.6286999999880791,0,37,Male,3,35.0,92.0,32.2,41.0,81.0,33.21,-6.0,11.0,-1.009999999999998,3,1,15,0.7920000000000001,0.4166666666666667
28,Block,1,19,6,0,1,Left,3.923799999952316,,,6,0,9.611800000011922,0,2,1.706800000011921,2.133199999988079,0,37,Male,1,41.0,64.0,26.24,52.0,51.0,26.52,-11.0,13.0,-0.2799999999999976,3,0,19,0.6019666666686536,0.4166666666666667
28,Block,1,2,60,0,1,Right,2.904800000011921,,,6,0,6.823600000023842,0,1,1.772199999988079,2.1939000000357627,0,37,Male,1,56.0,75.0,42.0,81.0,74.0,59.94,-25.0,1.0,-17.939999999999998,0,1,2,0.1372666666706403,0.4166666666666667
28,Block,1,12,7,1,0,Left,1.768899999976158,,,6,0,9.431,0,1,1.317699999988079,1.7158999999761582,0,37,Male,1,61.0,62.0,37.82,69.0,61.0,42.09,-8.0,1.0,-4.269999999999996,2,1,12,0.5718333333333332,0.4166666666666667
28,Block,2,22,12,0,1,Left,1.487600000023842,,,8,0,12.052600000023842,0,1,0.8665,1.264899999976158,0,37,Male,1,72.0,98.0,70.56,73.0,77.0,56.21,-1.0,21.0,14.35,7,0,2,0.5065750000029803,0.4166666666666667
28,Block,2,24,13,0,1,Left,4.049700000047684,,,8,0,6.676799999952316,0,3,3.6263000000119208,4.301100000023842,0,37,Male,2,73.0,49.0,35.77,81.0,42.0,34.02,-8.0,7.0,1.75,4,0,4,0.1654000000059604,0.4166666666666667
28,Block,2,40,15,0,1,,4.491699999988079,,,8,0,11.05610000002384,1,5,6.039300000011921,6.567800000011921,0,37,Male,3,36.0,75.0,27.0,52.0,61.0,31.72,-16.0,14.0,-4.719999999999999,2,1,20,0.3820125000029799,0.4166666666666667
28,Block,2,34,16,0,1,Left,2.6223000000119208,,,8,0,10.066800000011922,0,1,1.661899999976158,2.0675,0,37,Male,1,23.0,12.0,2.76,26.0,6.0,1.56,-3.0,6.0,1.1999999999999995,4,0,14,0.2583500000014902,0.4166666666666667
28,Block,2,32,17,1,0,Right,2.867800000011921,,,8,0,8.684400000035764,0,3,6.510400000035763,7.1765,0,37,Male,2,31.0,38.0,11.78,46.0,29.0,13.34,-15.0,9.0,-1.5600000000000005,3,0,12,0.0855500000044704,0.4166666666666667
28,Block,2,21,2,0,1,Right,3.430599999964237,,,8,0,9.451599999964236,0,3,1.6438000000119208,2.223100000023842,0,37,Male,2,40.0,63.0,25.2,57.0,58.0,33.059999999999995,-17.0,5.0,-7.859999999999996,1,1,1,0.1814499999955294,0.4166666666666667
28,Block,2,25,21,1,0,Right,4.3025,,,8,0,9.52710000002384,0,2,1.5913000000119208,2.212,0,37,Male,1,26.0,59.0,15.34,36.0,33.0,11.88,-10.0,26.0,3.459999999999999,5,0,5,0.1908875000029799,0.4166666666666667
28,Block,2,37,22,0,1,Right,4.364300000011921,,,8,0,12.462900000035765,0,5,5.454199999988079,5.9945,0,37,Male,3,24.0,95.0,22.8,53.0,71.0,37.63,-29.0,24.0,-14.829999999999998,0,1,17,0.5578625000044706,0.4166666666666667
28,Block,2,38,32,1,0,Right,1.069,,,8,0,8.872,0,1,17.278600000023843,17.80940000003576,0,37,Male,1,59.0,31.0,18.29,60.0,1.0,0.6,-1.0,30.0,17.689999999999998,7,0,18,0.1089999999999999,0.4166666666666667
28,Block,2,29,33,0,1,Right,2.2996000000238417,,,8,0,10.28430000001192,0,2,1.646800000011921,5.603300000011921,0,37,Male,1,57.0,51.0,29.07,62.0,48.0,29.76,-5.0,3.0,-0.6899999999999977,3,1,9,0.2855375000014899,0.4166666666666667
28,Block,2,35,4,1,0,Left,2.9035,,,8,0,12.310800000011922,0,2,1.824299999952316,2.2915999999642374,0,37,Male,1,72.0,82.0,59.04,73.0,81.0,59.13,-1.0,1.0,-0.0900000000000034,3,1,15,0.5388500000014902,0.4166666666666667
28,Block,2,28,44,1,0,Left,1.783399999976158,,,8,0,13.192400000035764,0,1,1.6554000000357627,3.753,0,37,Male,1,19.0,86.0,16.34,45.0,71.0,31.95,-26.0,15.0,-15.61,0,1,8,0.6490500000044706,0.4166666666666667
28,Block,2,23,47,1,0,Right,2.117,,,8,0,7.3921000000238415,0,3,2.588400000035763,3.056200000047684,0,37,Male,2,68.0,30.0,20.4,89.0,16.0,14.24,-21.0,14.0,6.159999999999998,6,0,3,0.0759874999970198,0.4166666666666667
28,Block,2,36,48,1,0,Right,3.375300000011921,,,8,0,8.934699999988078,0,2,1.5851000000238418,2.0769000000357627,0,37,Male,1,35.0,68.0,23.8,54.0,43.0,23.22,-19.0,25.0,0.5800000000000018,4,0,16,0.1168374999985097,0.4166666666666667
28,Block,2,31,5,1,0,Right,2.5491999999880792,,,8,0,8.186699999988079,0,3,44.2275,44.80830000001192,0,37,Male,2,72.0,33.0,23.76,98.0,5.0,4.9,-26.0,28.0,18.86,7,0,11,0.0233374999985098,0.4166666666666667
28,Block,2,27,51,0,1,Left,2.789199999988079,,,8,0,13.56319999998808,0,2,3.612199999988079,4.803599999964237,0,37,Male,1,41.0,94.0,38.54,48.0,70.0,33.599999999999994,-7.0,24.0,4.940000000000005,5,0,7,0.6953999999985101,0.4166666666666667
28,Block,2,39,56,0,1,Left,4.491699999988079,,,8,0,12.26969999998808,0,1,9.2015,10.81619999998808,0,37,Male,1,62.0,34.0,21.08,86.0,15.0,12.9,-24.0,19.0,8.180000000000001,6,0,19,0.5337124999985099,0.4166666666666667
28,Block,2,33,57,0,1,Right,2.364800000011921,,,8,0,8.35,0,3,1.5815999999642372,2.215799999952316,0,37,Male,2,59.0,94.0,55.46,86.0,89.0,76.54,-27.0,5.0,-21.080000000000013,0,1,13,0.0437499999999999,0.4166666666666667
28,Block,2,26,58,0,1,Right,2.526800000011921,,,8,0,8.95230000001192,0,1,1.315600000023842,1.8799000000357629,0,37,Male,1,36.0,54.0,19.44,48.0,53.0,25.44,-12.0,1.0,-6.0,1,1,6,0.11903750000149,0.4166666666666667
28,Block,2,30,59,1,0,Left,2.463399999976158,,,8,0,10.597399999976158,0,4,4.6901000000238415,5.218800000011921,0,37,Male,3,8.0,64.0,5.12,25.0,34.0,8.5,-17.0,30.0,-3.38,2,1,10,0.3246749999970197,0.4166666666666667
28,Block,3,46,10,0,1,Right,4.8311000000238415,,,10,0,11.2265,0,3,5.961899999976158,6.622,0,37,Male,2,5.0,55.0,2.75,35.0,36.0,12.6,-30.0,19.0,-9.85,1,1,6,0.1226499999999999,0.4166666666666667
28,Block,3,60,11,0,1,Left,2.746800000011921,,,10,0,8.5665,0,2,1.619400000035763,2.776300000011921,0,37,Male,1,72.0,85.0,61.2,86.0,66.0,56.760000000000005,-14.0,19.0,4.439999999999991,5,0,20,0.14335,0.4166666666666667
28,Block,3,57,20,0,1,Right,3.0016000000238416,,,10,0,9.735900000035764,0,3,22.23689999997616,22.724,0,37,Male,2,35.0,24.0,8.4,65.0,14.0,9.1,-30.0,10.0,-0.7000000000000011,3,1,17,0.0264099999964235,0.4166666666666667
28,Block,3,44,23,0,1,Left,3.7243999999761583,,,10,0,10.430600000023842,0,3,5.0835,5.751400000035763,0,37,Male,2,52.0,36.0,18.72,63.0,27.0,17.01,-11.0,9.0,1.7099999999999973,4,0,4,0.0430600000023842,0.4166666666666667
28,Block,3,58,26,1,0,Right,2.6465,,,10,0,12.385400000035762,0,1,0.8858999999761581,1.3593000000119209,0,37,Male,1,95.0,74.0,70.3,97.0,49.0,47.53,-2.0,25.0,22.77,7,0,18,0.2385400000035762,0.4166666666666667
28,Block,3,41,27,1,0,Right,2.7250999999642374,,,10,0,7.720399999976158,0,2,1.6515,2.112,0,37,Male,1,18.0,49.0,8.82,23.0,29.0,6.67,-5.0,20.0,2.1500000000000004,5,0,1,0.2279600000023841,0.4166666666666667
28,Block,3,47,29,0,1,Left,1.650399999976158,,,10,0,8.937,0,2,5.571300000011921,6.394,0,37,Male,1,64.0,32.0,20.48,69.0,4.0,2.76,-5.0,28.0,17.72,7,0,7,0.1063,0.4166666666666667
28,Block,3,49,30,0,1,Right,3.8375,,,10,0,8.460599999964238,0,2,4.855199999988079,5.331099999964237,0,37,Male,1,71.0,82.0,58.22,80.0,78.0,62.400000000000006,-9.0,4.0,-4.180000000000007,2,1,9,0.1539400000035762,0.4166666666666667
28,Block,3,50,31,0,1,Right,5.150199999988079,,,10,0,8.646400000035763,0,3,31.666900000035763,32.16360000002384,0,37,Male,2,59.0,23.0,13.57,74.0,22.0,16.28,-15.0,1.0,-2.710000000000001,2,1,10,0.1353599999964236,0.4166666666666667
28,Block,3,42,38,0,1,Left,4.4507999999523165,,,10,0,8.79280000001192,0,2,5.876899999976158,8.282199999988078,0,37,Male,1,43.0,54.0,23.22,63.0,45.0,28.35,-20.0,9.0,-5.129999999999999,1,0,2,0.1207199999988079,0.4166666666666667
28,Block,3,48,40,0,1,Right,3.248899999976158,,,10,0,10.172100000023844,0,2,21.503900000035763,21.939900000035763,0,37,Male,1,30.0,41.0,12.3,60.0,35.0,21.0,-30.0,6.0,-8.700000000000001,1,1,8,0.0172100000023844,0.4166666666666667
28,Block,3,51,41,1,0,Right,1.4484000000357629,,,10,0,9.693399999976158,0,1,8.945199999988079,9.385900000035765,0,37,Male,1,35.0,40.0,14.0,48.0,10.0,4.800000000000001,-13.0,30.0,9.2,6,0,11,0.0306600000023841,0.4166666666666667
28,Block,3,54,45,0,1,Right,2.401300000011921,,,10,0,9.4585,0,1,0.638,1.0456999999880792,0,37,Male,1,52.0,92.0,47.84,72.0,91.0,65.52,-20.0,1.0,-17.679999999999993,0,1,14,0.0541499999999999,0.4166666666666667
28,Block,3,43,52,1,0,Right,2.789,,,10,0,10.06139999997616,0,1,5.733399999976158,6.209899999976158,0,37,Male,1,62.0,92.0,57.04,83.0,62.0,51.46,-21.0,30.0,5.579999999999998,5,0,3,0.006139999997616,0.4166666666666667
28,Block,3,55,53,0,1,Left,4.647700000047684,,,10,0,11.88769999998808,0,1,3.377099999964237,3.782199999988079,0,37,Male,1,69.0,28.0,19.32,81.0,23.0,18.630000000000003,-12.0,5.0,0.6899999999999977,4,0,15,0.1887699999988079,0.4166666666666667
28,Block,3,56,54,1,0,Left,3.733799999952317,,,10,0,10.266900000035765,0,2,7.884299999952316,8.3165,0,37,Male,1,47.0,37.0,17.39,77.0,23.0,17.71,-30.0,14.0,-0.3200000000000003,3,1,16,0.0266900000035764,0.4166666666666667
28,Block,3,59,8,1,0,Right,3.540600000023842,,,10,0,10.75680000001192,0,2,0.932,1.607600000023842,0,37,Male,1,65.0,49.0,31.85,71.0,33.0,23.43,-6.0,16.0,8.419999999999998,6,0,19,0.0756800000011919,0.4166666666666667
28,Block,3,45,9,0,1,Left,5.024100000023842,,,10,0,10.17269999998808,0,2,5.177200000047684,7.349400000035763,0,37,Male,1,39.0,66.0,25.74,40.0,50.0,20.0,-1.0,16.0,5.740000000000002,6,0,5,0.0172699999988079,0.4166666666666667
29,Block,2,32,1,0,1,Right,3.417900000095368,,,6,0,2.3116000001430512,0,2,0.6107999999523163,1.1101000001430512,0,44,Male,1,18.0,44.0,7.92,40.0,39.0,15.6,-22.0,5.0,-7.6800000000000015,1,1,12,0.6147333333094914,0.5333333333333333
29,Block,2,35,18,1,0,Right,3.215799999952316,,,6,0,2.5323999998569486,0,2,2.038900000095368,2.7057999999523163,0,44,Male,1,73.0,32.0,23.36,82.0,2.0,1.64,-9.0,30.0,21.72,7,0,15,0.5779333333571752,0.5333333333333333
29,Block,2,34,19,1,0,Right,2.703,,,6,0,2.783,0,2,2.1232999999523163,2.9565,0,44,Male,1,24.0,74.0,17.759999999999998,25.0,64.0,16.0,-1.0,10.0,1.759999999999998,5,0,14,0.5361666666666667,0.5333333333333333
29,Block,2,36,24,1,0,Left,3.2693999998569487,,,6,0,2.730200000047684,0,2,0.7315,1.2087000000476835,0,44,Male,1,7.0,96.0,6.72,37.0,66.0,24.42,-30.0,30.0,-17.700000000000003,0,1,16,0.5449666666587193,0.5333333333333333
29,Block,2,37,25,1,0,Right,2.9742999999523163,,,6,0,2.389600000143051,0,2,1.5756999998092651,2.0978999998569487,0,44,Male,1,52.0,96.0,49.92,55.0,83.0,45.65,-3.0,13.0,4.270000000000003,5,0,17,0.6017333333094915,0.5333333333333333
29,Block,2,33,28,1,0,Left,3.720299999952316,,,6,0,1.6779000000953674,0,3,0.4456000001430511,1.2329000000953674,0,44,Male,2,11.0,72.0,7.92,33.0,45.0,14.85,-22.0,27.0,-6.93,1,1,13,0.7203499999841054,0.5333333333333333
29,Block,2,38,3,1,0,Left,3.690400000095368,,,6,0,2.220200000047684,0,2,0.6275,1.0367999999523163,0,44,Male,1,76.0,72.0,54.72,99.0,48.0,47.52,-23.0,24.0,7.200000000000003,6,1,18,0.6299666666587194,0.5333333333333333
29,Block,2,21,34,0,1,Left,3.008700000047684,,,6,0,2.5330999999046324,0,2,1.8675999999046329,2.304899999856949,0,44,Male,1,27.0,60.0,16.2,36.0,41.0,14.76,-9.0,19.0,1.4399999999999995,4,0,1,0.5778166666825613,0.5333333333333333
29,Block,2,29,35,0,1,Left,2.6979000000953675,,,6,0,2.7177999999523164,0,2,1.7059000000953677,2.188,0,44,Male,1,36.0,37.0,13.32,51.0,10.0,5.1000000000000005,-15.0,27.0,8.219999999999999,6,0,9,0.5470333333412806,0.5333333333333333
29,Block,2,30,36,0,1,Left,3.081299999952316,,,6,0,2.685,0,2,1.2967999999523163,2.4619000000953672,0,44,Male,1,75.0,31.0,23.25,96.0,14.0,13.44,-21.0,17.0,9.81,7,0,10,0.5525,0.5333333333333333
29,Block,2,27,37,1,0,Right,4.422400000095368,,,6,0,1.7927000000476838,0,3,0.7742000000476837,1.3924000000953674,0,44,Male,2,48.0,35.0,16.799999999999997,61.0,19.0,11.59,-13.0,16.0,5.209999999999997,5,0,7,0.7012166666587194,0.5333333333333333
29,Block,2,39,39,1,0,Left,3.759,,,6,0,1.9292999999523164,0,2,1.1502999999523162,1.8085999999046325,0,44,Male,1,36.0,68.0,24.48,55.0,48.0,26.4,-19.0,20.0,-1.9199999999999984,2,1,19,0.6784500000079472,0.5333333333333333
29,Block,2,25,42,0,1,Left,4.801899999856949,,,6,0,1.3056000001430512,0,3,0.6717999999523163,1.358199999809265,0,44,Male,2,50.0,89.0,44.5,66.0,67.0,44.220000000000006,-16.0,22.0,0.279999999999994,4,0,5,0.7823999999761582,0.5333333333333333
29,Block,2,22,43,0,1,Right,2.336899999856949,,,6,0,3.046700000047684,0,2,0.9571000001430512,1.9854000000953675,0,44,Male,1,17.0,73.0,12.41,42.0,63.0,26.46,-25.0,10.0,-14.05,0,1,2,0.4922166666587193,0.5333333333333333
29,Block,2,31,46,0,1,Left,2.918400000095368,,,6,0,2.136299999952316,0,2,1.6271000001430511,2.110200000047684,0,44,Male,1,78.0,38.0,29.64,90.0,15.0,13.5,-12.0,23.0,16.14,7,0,11,0.6439500000079473,0.5333333333333333
29,Block,2,40,50,1,0,Left,3.572200000047684,,,6,0,2.4400999999046324,0,3,2.1724000000953674,2.5905,0,44,Male,2,2.0,34.0,0.68,29.0,13.0,3.77,-27.0,21.0,-3.09,2,1,20,0.5933166666825612,0.5333333333333333
29,Block,2,24,55,1,0,Right,3.0105999999046325,,,6,0,2.350299999952316,0,2,0.7407000000476838,1.5777000000476835,0,44,Male,1,35.0,92.0,32.2,41.0,81.0,33.21,-6.0,11.0,-1.009999999999998,3,0,4,0.6082833333412806,0.5333333333333333
29,Block,2,26,6,0,1,Left,4.799299999952316,,,6,0,1.3695999999046329,0,3,1.671,2.189099999904633,0,44,Male,2,41.0,64.0,26.24,52.0,51.0,26.52,-11.0,13.0,-0.2799999999999976,3,0,6,0.7717333333492279,0.5333333333333333
29,Block,2,28,60,1,0,Left,3.377900000095368,,,6,0,2.443200000047684,0,2,0.5483000001907349,1.167600000143051,0,44,Male,1,56.0,75.0,42.0,81.0,74.0,59.94,-25.0,1.0,-17.939999999999998,0,1,8,0.5927999999920527,0.5333333333333333
29,Block,2,23,7,1,0,Left,2.111199999809265,,,6,0,3.1195,0,2,1.0115,1.5597000000476835,0,44,Male,1,61.0,62.0,37.82,69.0,61.0,42.09,-8.0,1.0,-4.269999999999996,2,1,3,0.4800833333333333,0.5333333333333333
29,Block,1,1,12,1,0,Right,1.6018999998569488,,,8,0,5.469900000095367,0,1,2.589299999952316,3.091399999856949,0,44,Male,1,72.0,98.0,70.56,73.0,77.0,56.21,-1.0,21.0,14.35,7,0,1,0.3162624999880791,0.5333333333333333
29,Block,1,17,13,1,0,Left,5.156700000047684,,,8,0,3.3097000000476835,0,2,0.8674000000953674,1.3267000000476836,0,44,Male,1,73.0,49.0,35.77,81.0,42.0,34.02,-8.0,7.0,1.75,4,1,17,0.5862874999940395,0.5333333333333333
29,Block,1,18,15,1,0,Left,5.165900000095368,,,8,0,2.1940999999046324,0,2,0.8767999999523163,1.6169000000953675,0,44,Male,1,36.0,75.0,27.0,52.0,61.0,31.72,-16.0,14.0,-4.719999999999999,2,1,18,0.7257375000119209,0.5333333333333333
29,Block,1,19,16,0,1,Left,3.323800000190735,,,8,0,3.471200000047684,0,2,1.4299000000953674,2.105299999952316,0,44,Male,1,23.0,12.0,2.76,26.0,6.0,1.56,-3.0,6.0,1.1999999999999995,4,0,19,0.5660999999940395,0.5333333333333333
29,Block,1,5,17,0,1,Right,5.267900000095367,,,8,0,2.740200000047684,0,2,1.508,2.129200000047684,0,44,Male,1,31.0,38.0,11.78,46.0,29.0,13.34,-15.0,9.0,-1.5600000000000005,3,1,5,0.6574749999940395,0.5333333333333333
29,Block,1,16,2,1,0,Left,4.098400000095367,,,8,0,3.1049000000953675,0,2,0.7013000001907349,1.1185,0,44,Male,1,40.0,63.0,25.2,57.0,58.0,33.059999999999995,-17.0,5.0,-7.859999999999996,1,1,16,0.611887499988079,0.5333333333333333
29,Block,1,7,21,0,1,Left,5.887899999856949,,,8,0,3.3682000000476835,0,2,3.444799999952316,3.976100000143051,0,44,Male,1,26.0,59.0,15.34,36.0,33.0,11.88,-10.0,26.0,3.459999999999999,5,0,7,0.5789749999940396,0.5333333333333333
29,Block,1,4,22,0,1,Right,3.725100000143051,,,8,0,4.184299999952317,0,2,1.1834000000953675,1.7457000000476837,0,44,Male,1,24.0,95.0,22.8,53.0,71.0,37.63,-29.0,24.0,-14.829999999999998,0,1,4,0.4769625000059604,0.5333333333333333
29,Block,1,15,32,1,0,Right,3.850700000047684,,,8,0,3.5335,0,1,2.008700000047684,2.350800000190735,0,44,Male,1,59.0,31.0,18.29,60.0,1.0,0.6,-1.0,30.0,17.689999999999998,7,0,15,0.5583125,0.5333333333333333
29,Block,1,8,33,1,0,Left,3.6710999999046328,,,8,0,3.391899999856949,0,2,1.4014000000953677,1.950700000047684,0,44,Male,1,57.0,51.0,29.07,62.0,48.0,29.76,-5.0,3.0,-0.6899999999999977,3,1,8,0.5760125000178814,0.5333333333333333
29,Block,1,12,4,0,1,Right,2.743,,,8,0,4.649,0,2,1.0165,1.4285,0,44,Male,1,72.0,82.0,59.04,73.0,81.0,59.13,-1.0,1.0,-0.0900000000000034,3,1,12,0.418875,0.5333333333333333
29,Block,1,14,44,0,1,Right,3.840400000095368,,,8,0,3.4242999999523165,0,2,1.3199000000953671,2.049900000095368,0,44,Male,1,19.0,86.0,16.34,45.0,71.0,31.95,-26.0,15.0,-15.61,0,1,14,0.5719625000059605,0.5333333333333333
29,Block,1,6,47,1,0,Right,4.0132999999523165,,,8,0,3.9435,0,2,0.9706000001430511,1.5607000000476836,0,44,Male,1,68.0,30.0,20.4,89.0,16.0,14.24,-21.0,14.0,6.159999999999998,6,0,6,0.5070625,0.5333333333333333
29,Block,1,10,48,0,1,Left,6.231199999809265,,,8,0,2.3236000001430512,0,2,0.7515999999046326,1.3487999999523164,0,44,Male,1,35.0,68.0,23.8,54.0,43.0,23.22,-19.0,25.0,0.5800000000000018,4,0,10,0.7095499999821187,0.5333333333333333
29,Block,1,20,5,0,1,Left,2.743400000095368,,,8,0,3.5632999999523163,0,2,1.1027000000476836,1.7148000001907349,0,44,Male,1,72.0,33.0,23.76,98.0,5.0,4.9,-26.0,28.0,18.86,7,0,20,0.5545875000059605,0.5333333333333333
29,Block,1,2,51,0,1,Left,2.1565999999046324,,,8,0,5.438900000095368,0,1,1.7977999999523162,2.441399999856949,0,44,Male,1,41.0,94.0,38.54,48.0,70.0,33.599999999999994,-7.0,24.0,4.940000000000005,5,0,2,0.320137499988079,0.5333333333333333
29,Block,1,13,56,1,0,Right,4.221,,,8,0,3.684899999856949,0,2,0.8013999998569489,1.2647000000476838,0,44,Male,1,62.0,34.0,21.08,86.0,15.0,12.9,-24.0,19.0,8.180000000000001,6,0,13,0.5393875000178814,0.5333333333333333
29,Block,1,11,57,0,1,Right,2.205200000047684,,,8,0,4.496599999904633,0,2,1.4586000001430512,1.8797999999523165,0,44,Male,1,59.0,94.0,55.46,86.0,89.0,76.54,-27.0,5.0,-21.080000000000013,0,1,11,0.4379250000119209,0.5333333333333333
29,Block,1,9,58,0,1,Right,3.128299999952316,,,8,0,4.0065,0,2,0.8552999999523163,1.2885,0,44,Male,1,36.0,54.0,19.44,48.0,53.0,25.44,-12.0,1.0,-6.0,1,1,9,0.4991875,0.5333333333333333
29,Block,1,3,59,1,0,Left,2.796700000047684,,,8,0,4.836199999809265,0,1,1.828399999856949,2.4125,0,44,Male,1,8.0,64.0,5.12,25.0,34.0,8.5,-17.0,30.0,-3.38,2,1,3,0.3954750000238418,0.5333333333333333
29,Block,3,59,10,0,1,Right,2.991,,,10,0,4.778,0,2,1.6802000000476838,2.093700000047684,0,44,Male,1,5.0,55.0,2.75,35.0,36.0,12.6,-30.0,19.0,-9.85,1,1,19,0.5222,0.5333333333333333
29,Block,3,52,11,0,1,Left,6.6605,,,10,0,3.398199999809265,0,3,0.6907999999523163,1.2478999998569489,0,44,Male,2,72.0,85.0,61.2,86.0,66.0,56.760000000000005,-14.0,19.0,4.439999999999991,5,0,12,0.6601800000190735,0.5333333333333333
29,Block,3,41,14,1,0,Left,2.019400000095368,,,10,0,6.095199999809265,0,2,2.3545999999046328,3.290700000047684,0,44,Male,1,33.0,61.0,20.13,51.0,44.0,22.44,-18.0,17.0,-2.3100000000000023,2,1,1,0.3904800000190735,0.5333333333333333
29,Block,3,58,20,1,0,Left,5.038,,,10,0,4.096300000190735,0,3,1.0109000000953674,1.681,0,44,Male,2,35.0,24.0,8.4,65.0,14.0,9.1,-30.0,10.0,-0.7000000000000011,3,1,18,0.5903699999809265,0.5333333333333333
29,Block,3,53,23,0,1,Right,6.353099999904632,,,10,0,3.9925,0,3,1.0185,2.118700000047684,0,44,Male,2,52.0,36.0,18.72,63.0,27.0,17.01,-11.0,9.0,1.7099999999999973,4,1,13,0.60075,0.5333333333333333
29,Block,3,44,26,0,1,Left,3.462100000143052,,,10,0,5.217100000143051,0,1,1.1904000000953674,1.804600000143051,0,44,Male,1,95.0,74.0,70.3,97.0,49.0,47.53,-2.0,25.0,22.77,7,0,4,0.4782899999856949,0.5333333333333333
29,Block,3,57,27,1,0,Right,2.746,,,10,0,5.597799999952317,0,2,1.6497999999523163,2.093,0,44,Male,1,18.0,49.0,8.82,23.0,29.0,6.67,-5.0,20.0,2.1500000000000004,5,0,17,0.4402200000047683,0.5333333333333333
29,Block,3,45,29,1,0,Right,3.2568000001907347,,,10,0,6.207299999952316,0,1,2.13,2.806200000047684,0,44,Male,1,64.0,32.0,20.48,69.0,4.0,2.76,-5.0,28.0,17.72,7,0,5,0.3792700000047683,0.5333333333333333
29,Block,3,46,30,1,0,Left,4.411,,,10,0,3.437200000047684,0,1,1.8292999999523163,2.3282999999523164,0,44,Male,1,71.0,82.0,58.22,80.0,78.0,62.400000000000006,-9.0,4.0,-4.180000000000007,2,1,6,0.6562799999952317,0.5333333333333333
29,Block,3,50,31,1,0,Left,3.700600000143051,,,10,0,5.4515,0,1,2.0062999999523163,2.5165999999046327,0,44,Male,1,59.0,23.0,13.57,74.0,22.0,16.28,-15.0,1.0,-2.710000000000001,2,1,10,0.45485,0.5333333333333333
29,Block,3,47,38,0,1,Right,3.625900000095368,,,10,0,4.557200000047684,0,2,2.321900000095368,2.894200000047684,0,44,Male,1,43.0,54.0,23.22,63.0,45.0,28.35,-20.0,9.0,-5.129999999999999,1,1,7,0.5442799999952316,0.5333333333333333
29,Block,3,42,40,1,0,Left,3.848100000143051,,,10,0,5.549099999904633,0,1,1.9146000001430512,2.470800000190734,0,44,Male,1,30.0,41.0,12.3,60.0,35.0,21.0,-30.0,6.0,-8.700000000000001,1,1,2,0.4450900000095367,0.5333333333333333
29,Block,3,54,41,0,1,Left,3.350199999809265,,,10,0,4.9735,0,2,1.2152999999523162,2.2407000000476835,0,44,Male,1,35.0,40.0,14.0,48.0,10.0,4.800000000000001,-13.0,30.0,9.2,6,0,14,0.50265,0.5333333333333333
29,Block,3,49,45,1,0,Left,2.897700000047684,,,10,0,4.829799999952316,0,1,1.0134000000953671,1.6845,0,44,Male,1,52.0,92.0,47.84,72.0,91.0,65.52,-20.0,1.0,-17.679999999999993,0,1,9,0.5170200000047684,0.5333333333333333
29,Block,3,56,49,1,0,Left,3.323400000095368,,,10,0,4.6343999998569485,0,1,1.0737999999523162,1.5650999999046329,0,44,Male,1,69.0,87.0,60.03,99.0,86.0,85.14,-30.0,1.0,-25.11,0,1,16,0.5365600000143051,0.5333333333333333
29,Block,3,55,52,0,1,Left,6.234899999856949,,,10,0,3.6725,0,2,2.013599999904633,2.535700000047684,0,44,Male,1,62.0,92.0,57.04,83.0,62.0,51.46,-21.0,30.0,5.579999999999998,5,0,15,0.63275,0.5333333333333333
29,Block,3,48,53,1,0,Left,3.035,,,10,0,5.738600000143051,0,1,1.883200000047684,2.610300000190735,0,44,Male,1,69.0,28.0,19.32,81.0,23.0,18.630000000000003,-12.0,5.0,0.6899999999999977,4,1,8,0.4261399999856949,0.5333333333333333
29,Block,3,51,54,1,0,Left,7.439399999856949,,,10,0,1.8,0,3,1.386699999809265,2.13,0,44,Male,2,47.0,37.0,17.39,77.0,23.0,17.71,-30.0,14.0,-0.3200000000000003,3,1,11,0.82,0.5333333333333333
29,Block,3,60,8,0,1,Left,3.3133999998569488,,,10,0,4.474299999952316,0,2,1.5177999999523162,2.261,0,44,Male,1,65.0,49.0,31.85,71.0,33.0,23.43,-6.0,16.0,8.419999999999998,6,0,20,0.5525700000047684,0.5333333333333333
29,Block,3,43,9,1,0,Right,4.5165,,,10,0,3.997599999904633,0,1,1.132899999856949,1.9070999999046323,0,44,Male,1,39.0,66.0,25.74,40.0,50.0,20.0,-1.0,16.0,5.740000000000002,6,0,3,0.6002400000095367,0.5333333333333333
30,Random,1,15,1,0,1,Right,2.984,,,6,0,4.752,0,4,2.729,3.741,1,53,Female,3,18.0,44.0,7.92,40.0,39.0,15.6,-22.0,5.0,-7.6800000000000015,1,1,15,0.208,0.3
30,Random,1,13,18,1,0,Right,1.772,,,6,0,6.091,0,2,1.863,3.078,1,53,Female,1,73.0,32.0,23.36,82.0,2.0,1.64,-9.0,30.0,21.72,7,0,13,0.0151666666666666,0.3
30,Random,2,37,19,1,0,Right,2.373,,,6,0,4.585,0,3,1.445,3.481,1,53,Female,2,24.0,74.0,17.759999999999998,25.0,64.0,16.0,-1.0,10.0,1.759999999999998,5,0,17,0.2358333333333333,0.3
30,Random,3,41,24,0,1,Left,1.386,,,6,0,3.265,0,3,4.324,5.201,1,53,Female,2,7.0,96.0,6.72,37.0,66.0,24.42,-30.0,30.0,-17.700000000000003,0,0,1,0.4558333333333333,0.3
30,Random,1,17,25,1,0,Right,2.567,,,6,0,4.123,0,2,3.475,14.178,1,53,Female,1,52.0,96.0,49.92,55.0,83.0,45.65,-3.0,13.0,4.270000000000003,5,0,17,0.3128333333333333,0.3
30,Random,1,4,28,1,0,Right,3.818,,,6,0,5.149,0,2,2.351,3.321,1,53,Female,1,11.0,72.0,7.92,33.0,45.0,14.85,-22.0,27.0,-6.93,1,0,4,0.1418333333333333,0.3
30,Random,2,28,3,0,1,Left,1.658,,,6,0,4.812,0,2,11.012,11.755,1,53,Female,1,76.0,72.0,54.72,99.0,48.0,47.52,-23.0,24.0,7.200000000000003,6,0,8,0.1979999999999999,0.3
30,Random,3,51,34,1,0,Right,2.013,,,6,0,4.764,0,2,1.562,2.25,1,53,Female,1,27.0,60.0,16.2,36.0,41.0,14.76,-9.0,19.0,1.4399999999999995,4,0,11,0.2059999999999999,0.3
30,Random,2,25,35,0,1,Left,3.349,,,6,0,4.916,0,3,2.651,3.919,1,53,Female,2,36.0,37.0,13.32,51.0,10.0,5.1000000000000005,-15.0,27.0,8.219999999999999,6,0,5,0.1806666666666666,0.3
30,Random,2,33,36,0,1,Left,2.053,,,6,0,6.848,0,3,1.49,2.235,1,53,Female,2,75.0,31.0,23.25,96.0,14.0,13.44,-21.0,17.0,9.81,7,0,13,0.1413333333333333,0.3
30,Random,2,27,37,1,0,Right,1.301,,,6,0,5.063,0,2,2.583,3.325,1,53,Female,1,48.0,35.0,16.799999999999997,61.0,19.0,11.59,-13.0,16.0,5.209999999999997,5,0,7,0.1561666666666667,0.3
30,Random,1,18,39,0,1,Left,2.27,,,6,0,4.052,0,3,3.004,4.046,1,53,Female,2,36.0,68.0,24.48,55.0,48.0,26.4,-19.0,20.0,-1.9199999999999984,2,0,18,0.3246666666666667,0.3
30,Random,1,20,42,1,0,Right,2.392,,,6,0,5.306,0,2,3.353,4.157,1,53,Female,1,50.0,89.0,44.5,66.0,67.0,44.220000000000006,-16.0,22.0,0.279999999999994,4,0,20,0.1156666666666666,0.3
30,Random,3,42,43,1,0,Left,1.722,,,6,0,5.327,0,3,3.473,4.758,1,53,Female,2,17.0,73.0,12.41,42.0,63.0,26.46,-25.0,10.0,-14.05,0,1,2,0.1121666666666666,0.3
30,Random,3,58,46,1,0,Right,1.154,,,6,0,4.569,0,3,2.553,3.35,1,53,Female,2,78.0,38.0,29.64,90.0,15.0,13.5,-12.0,23.0,16.14,7,0,18,0.2385,0.3
30,Random,2,21,50,1,0,Left,2.159,,,6,0,4.514,0,3,2.642,3.382,1,53,Female,2,2.0,34.0,0.68,29.0,13.0,3.77,-27.0,21.0,-3.09,2,1,1,0.2476666666666666,0.3
30,Random,3,45,55,1,0,Right,1.711,,,6,0,3.79,0,3,1.724,2.604,1,53,Female,2,35.0,92.0,32.2,41.0,81.0,33.21,-6.0,11.0,-1.009999999999998,3,0,5,0.3683333333333333,0.3
30,Random,1,14,6,0,1,Left,2.707,,,6,0,5.529,0,2,1.731,2.478,1,53,Female,1,41.0,64.0,26.24,52.0,51.0,26.52,-11.0,13.0,-0.2799999999999976,3,0,14,0.0785,0.3
30,Random,1,7,60,0,1,Right,1.587,,,6,0,5.663,0,2,1.112,1.787,1,53,Female,1,56.0,75.0,42.0,81.0,74.0,59.94,-25.0,1.0,-17.939999999999998,0,1,7,0.0561666666666666,0.3
30,Random,2,39,7,0,1,Right,1.916,,,6,0,3.336,0,3,1.83,2.594,1,53,Female,2,61.0,62.0,37.82,69.0,61.0,42.09,-8.0,1.0,-4.269999999999996,2,1,19,0.444,0.3
30,Random,3,53,12,0,1,Left,1.407,,,8,0,5.287,0,2,1.87,2.948,1,53,Female,1,72.0,98.0,70.56,73.0,77.0,56.21,-1.0,21.0,14.35,7,0,13,0.339125,0.3
30,Random,1,2,13,0,1,Left,3.835,,,8,0,6.343,0,2,2.709,3.427,1,53,Female,1,73.0,49.0,35.77,81.0,42.0,34.02,-8.0,7.0,1.75,4,0,2,0.207125,0.3
30,Random,1,3,15,1,0,Left,4.049,,,8,0,6.579,0,2,2.672,3.358,1,53,Female,1,36.0,75.0,27.0,52.0,61.0,31.72,-16.0,14.0,-4.719999999999999,2,1,3,0.177625,0.3
30,Random,2,36,16,0,1,Left,2.388,,,8,0,6.412,0,3,2.521,3.3,1,53,Female,2,23.0,12.0,2.76,26.0,6.0,1.56,-3.0,6.0,1.1999999999999995,4,0,16,0.1985,0.3
30,Random,2,24,17,0,1,Left,3.907,,,8,0,6.277,0,2,1.9,3.717,1,53,Female,1,31.0,38.0,11.78,46.0,29.0,13.34,-15.0,9.0,-1.5600000000000005,3,0,4,0.2153749999999999,0.3
30,Random,3,57,2,1,0,Left,1.709,,,8,0,7.134,0,3,2.013,3.086,1,53,Female,2,40.0,63.0,25.2,57.0,58.0,33.059999999999995,-17.0,5.0,-7.859999999999996,1,1,17,0.1082499999999999,0.3
30,Random,1,19,21,0,1,Left,2.156,,,8,0,5.593,0,3,3.538,4.903,1,53,Female,2,26.0,59.0,15.34,36.0,33.0,11.88,-10.0,26.0,3.459999999999999,5,0,19,0.300875,0.3
30,Random,1,5,22,0,1,Left,2.133,,,8,0,6.852,0,3,2.79,3.471,1,53,Female,2,24.0,95.0,22.8,53.0,71.0,37.63,-29.0,24.0,-14.829999999999998,0,0,5,0.1434999999999999,0.3
30,Random,2,23,32,1,0,Right,1.691,,,8,0,5.183,0,3,2.265,3.059,1,53,Female,2,59.0,31.0,18.29,60.0,1.0,0.6,-1.0,30.0,17.689999999999998,7,0,3,0.352125,0.3
30,Random,3,60,33,1,0,Left,3.085,,,8,0,5.138,0,2,1.794,3.018,1,53,Female,1,57.0,51.0,29.07,62.0,48.0,29.76,-5.0,3.0,-0.6899999999999977,3,1,20,0.35775,0.3
30,Random,3,55,4,1,0,Left,3.779,,,8,0,2.24,0,2,1.614,2.265,1,53,Female,1,72.0,82.0,59.04,73.0,81.0,59.13,-1.0,1.0,-0.0900000000000034,3,1,15,0.72,0.3
30,Random,3,48,44,1,0,Left,1.958,,,8,0,3.561,0,2,1.977,2.78,1,53,Female,1,19.0,86.0,16.34,45.0,71.0,31.95,-26.0,15.0,-15.61,0,1,8,0.554875,0.3
30,Random,2,38,47,0,1,Left,1.53,,,8,0,7.837,0,3,2.146,2.968,1,53,Female,2,68.0,30.0,20.4,89.0,16.0,14.24,-21.0,14.0,6.159999999999998,6,0,18,0.020375,0.3
30,Random,1,8,48,0,1,Left,3.53,,,8,0,7.853,0,2,2.61,3.915,1,53,Female,1,35.0,68.0,23.8,54.0,43.0,23.22,-19.0,25.0,0.5800000000000018,4,0,8,0.018375,0.3
30,Random,2,34,5,0,1,Left,2.175,,,8,0,6.164,0,3,1.373,2.207,1,53,Female,2,72.0,33.0,23.76,98.0,5.0,4.9,-26.0,28.0,18.86,7,0,14,0.2295,0.3
30,Random,2,29,51,0,1,Left,1.495,,,8,0,6.457,0,2,2.153,3.219,1,53,Female,1,41.0,94.0,38.54,48.0,70.0,33.599999999999994,-7.0,24.0,4.940000000000005,5,0,9,0.192875,0.3
30,Random,3,49,56,0,1,Left,2.846,,,8,0,4.323,0,2,2.027,2.833,1,53,Female,1,62.0,34.0,21.08,86.0,15.0,12.9,-24.0,19.0,8.180000000000001,6,0,9,0.4596249999999999,0.3
30,Random,2,30,57,0,1,Right,2.711,,,8,0,7.417,0,3,11.541,12.37,1,53,Female,2,59.0,94.0,55.46,86.0,89.0,76.54,-27.0,5.0,-21.080000000000013,0,1,10,0.072875,0.3
30,Random,3,47,58,0,1,Right,2.822,,,8,0,4.103,0,3,2.058,3.445,1,53,Female,2,36.0,54.0,19.44,48.0,53.0,25.44,-12.0,1.0,-6.0,1,1,7,0.487125,0.3
30,Random,3,46,59,1,0,Left,2.88,,,8,0,5.925,0,3,2.068,3.016,1,53,Female,2,8.0,64.0,5.12,25.0,34.0,8.5,-17.0,30.0,-3.38,2,1,6,0.259375,0.3
30,Random,3,50,10,1,0,Left,1.748,,,10,0,6.252,0,3,2.386,49.829,1,53,Female,2,5.0,55.0,2.75,35.0,36.0,12.6,-30.0,19.0,-9.85,1,1,10,0.3748,0.3
30,Random,1,9,11,1,0,Right,2.259,,,10,0,9.533,0,2,2.386,3.451,1,53,Female,1,72.0,85.0,61.2,86.0,66.0,56.760000000000005,-14.0,19.0,4.439999999999991,5,0,9,0.0467,0.3
30,Random,3,59,14,0,1,Left,3.009,,,10,0,5.627,0,3,2.532,3.528,1,53,Female,2,33.0,61.0,20.13,51.0,44.0,22.44,-18.0,17.0,-2.3100000000000023,2,0,19,0.4373,0.3
30,Random,2,26,20,1,0,Right,1.327,,,10,0,8.219,0,3,1.977,2.861,1,53,Female,2,35.0,24.0,8.4,65.0,14.0,9.1,-30.0,10.0,-0.7000000000000011,3,0,6,0.1781,0.3
30,Random,1,12,23,1,0,Right,1.965,,,10,0,8.612,0,2,2.146,2.971,1,53,Female,1,52.0,36.0,18.72,63.0,27.0,17.01,-11.0,9.0,1.7099999999999973,4,0,12,0.1387999999999999,0.3
30,Random,1,6,26,0,1,Left,2.283,,,10,0,9.508,0,2,2.025,2.661,1,53,Female,1,95.0,74.0,70.3,97.0,49.0,47.53,-2.0,25.0,22.77,7,0,6,0.0492,0.3
30,Random,2,40,27,1,0,Right,1.653,,,10,0,7.56,0,2,2.205,3.298,1,53,Female,1,18.0,49.0,8.82,23.0,29.0,6.67,-5.0,20.0,2.1500000000000004,5,0,20,0.244,0.3
30,Random,1,10,29,0,1,Left,2.296,,,10,0,8.407,0,2,1.74,2.37,1,53,Female,1,64.0,32.0,20.48,69.0,4.0,2.76,-5.0,28.0,17.72,7,0,10,0.1593,0.3
30,Random,3,56,30,0,1,Left,2.683,,,10,0,7.989,0,3,2.158,2.886,1,53,Female,2,71.0,82.0,58.22,80.0,78.0,62.400000000000006,-9.0,4.0,-4.180000000000007,2,0,16,0.2011,0.3
30,Random,2,31,31,1,0,Left,2.994,,,10,0,10.012,0,3,2.278,3.366,1,53,Female,2,59.0,23.0,13.57,74.0,22.0,16.28,-15.0,1.0,-2.710000000000001,2,1,11,0.0012,0.3
30,Random,1,16,38,0,1,Left,3.578,,,10,0,7.207,0,3,3.414,5.319,1,53,Female,2,43.0,54.0,23.22,63.0,45.0,28.35,-20.0,9.0,-5.129999999999999,1,0,16,0.2793,0.3
30,Random,2,32,40,0,1,Left,3.377,,,10,0,7.692,0,3,2.196,3.162,1,53,Female,2,30.0,41.0,12.3,60.0,35.0,21.0,-30.0,6.0,-8.700000000000001,1,0,12,0.2307999999999999,0.3
30,Random,1,1,41,0,1,Left,2.979,,,10,0,9.893,0,2,2.223,3.185,1,53,Female,1,35.0,40.0,14.0,48.0,10.0,4.800000000000001,-13.0,30.0,9.2,6,0,1,0.0106999999999999,0.3
30,Random,3,52,45,1,0,Left,2.216,,,10,0,6.645,0,3,1.736,4.192,1,53,Female,2,52.0,92.0,47.84,72.0,91.0,65.52,-20.0,1.0,-17.679999999999993,0,1,12,0.3355,0.3
30,Random,1,11,49,1,0,Left,3.553,,,10,0,9.386,0,2,2.349,3.049,1,53,Female,1,69.0,87.0,60.03,99.0,86.0,85.14,-30.0,1.0,-25.11,0,1,11,0.0614,0.3
30,Random,3,43,52,0,1,Left,1.86,,,10,0,9.237,0,3,10.589,12.175,1,53,Female,2,62.0,92.0,57.04,83.0,62.0,51.46,-21.0,30.0,5.579999999999998,5,0,3,0.0762999999999999,0.3
30,Random,2,35,53,0,1,Right,3.07,,,10,0,7.931,0,2,2.44,3.134,1,53,Female,1,69.0,28.0,19.32,81.0,23.0,18.630000000000003,-12.0,5.0,0.6899999999999977,4,1,15,0.2069,0.3
30,Random,3,44,54,1,0,Right,2.937,,,10,0,8.456,0,3,2.352,3.609,1,53,Female,2,47.0,37.0,17.39,77.0,23.0,17.71,-30.0,14.0,-0.3200000000000003,3,0,4,0.1544,0.3
30,Random,3,54,8,0,1,Left,1.9,,,10,0,6.22,0,2,1.949,2.607,1,53,Female,1,65.0,49.0,31.85,71.0,33.0,23.43,-6.0,16.0,8.419999999999998,6,0,14,0.378,0.3
30,Random,2,22,9,1,0,Right,1.87,,,10,0,8.75,0,2,4.067,5.063,1,53,Female,1,39.0,66.0,25.74,40.0,50.0,20.0,-1.0,16.0,5.740000000000002,6,0,2,0.125,0.3
31,Random,3,55,1,0,1,Right,3.399300000011921,,,6,0,9.016600000023844,0,2,2.758800000011921,3.806100000023842,0,63,Female,1,18.0,44.0,7.92,40.0,39.0,15.6,-22.0,5.0,-7.6800000000000015,1,1,15,0.5027666666706407,0.2833333333333333
31,Random,3,52,18,1,0,Right,2.1325,,,6,0,6.647,0,1,2.442599999964237,3.719199999988079,0,63,Female,1,73.0,32.0,23.36,82.0,2.0,1.64,-9.0,30.0,21.72,7,0,12,0.1078333333333333,0.2833333333333333
31,Random,1,6,19,1,0,Right,2.370899999976158,,,6,0,6.3115,0,2,3.159100000023842,4.641600000023842,0,63,Female,1,24.0,74.0,17.759999999999998,25.0,64.0,16.0,-1.0,10.0,1.759999999999998,5,0,6,0.0519166666666666,0.2833333333333333
31,Random,3,46,24,0,1,Right,4.122699999988079,,,6,0,7.784300000011921,0,3,3.751399999976158,4.8235,0,63,Female,2,7.0,96.0,6.72,37.0,66.0,24.42,-30.0,30.0,-17.700000000000003,0,1,6,0.2973833333353202,0.2833333333333333
31,Random,3,41,25,1,0,Right,2.169800000011921,,,6,0,6.356600000023842,0,1,2.530300000011921,4.077699999988079,0,63,Female,1,52.0,96.0,49.92,55.0,83.0,45.65,-3.0,13.0,4.270000000000003,5,0,1,0.0594333333373069,0.2833333333333333
31,Random,3,51,28,1,0,Right,2.282300000011921,,,6,0,8.078300000011922,0,2,1.7216000000238418,3.761199999988079,0,63,Female,1,11.0,72.0,7.92,33.0,45.0,14.85,-22.0,27.0,-6.93,1,0,11,0.3463833333353203,0.2833333333333333
31,Random,1,4,3,0,1,Left,1.488800000011921,,,6,0,6.961100000023841,0,2,4.018,5.563800000011921,0,63,Female,1,76.0,72.0,54.72,99.0,48.0,47.52,-23.0,24.0,7.200000000000003,6,0,4,0.1601833333373069,0.2833333333333333
31,Random,1,13,34,0,1,Left,2.981199999988079,,,6,0,7.389900000035762,0,2,2.2937999999523164,5.770399999976158,0,63,Female,1,27.0,60.0,16.2,36.0,41.0,14.76,-9.0,19.0,1.4399999999999995,4,0,13,0.2316500000059604,0.2833333333333333
31,Random,3,58,35,1,0,Right,2.262800000011921,,,6,0,10.2435,0,3,3.637799999952316,4.870299999952317,0,63,Female,2,36.0,37.0,13.32,51.0,10.0,5.1000000000000005,-15.0,27.0,8.219999999999999,6,0,18,0.7072499999999998,0.2833333333333333
31,Random,2,23,36,0,1,,5.765899999976158,,,6,0,6.406300000011921,1,4,5.514600000023842,8.079100000023843,0,63,Female,3,75.0,31.0,23.25,96.0,14.0,13.44,-21.0,17.0,9.81,7,1,3,0.0677166666686535,0.2833333333333333
31,Random,2,33,37,0,1,Left,1.956100000023841,,,6,0,5.111400000035763,0,3,4.996800000011921,6.290199999988079,0,63,Female,2,48.0,35.0,16.799999999999997,61.0,19.0,11.59,-13.0,16.0,5.209999999999997,5,0,13,0.1480999999940394,0.2833333333333333
31,Random,3,57,39,1,0,Right,4.625800000011921,,,6,0,8.446900000035763,0,3,3.032300000011921,4.841200000047683,0,63,Female,2,36.0,68.0,24.48,55.0,48.0,26.4,-19.0,20.0,-1.9199999999999984,2,0,17,0.4078166666726271,0.2833333333333333
31,Random,1,7,42,0,1,Left,4.811699999988079,,,6,0,6.085300000011921,0,3,4.639899999976159,5.731099999964237,0,63,Female,2,50.0,89.0,44.5,66.0,67.0,44.220000000000006,-16.0,22.0,0.279999999999994,4,0,7,0.0142166666686535,0.2833333333333333
31,Random,3,42,43,1,0,Left,2.357599999964237,,,6,0,7.276,0,1,2.5718000000119208,4.627699999988079,0,63,Female,1,17.0,73.0,12.41,42.0,63.0,26.46,-25.0,10.0,-14.05,0,1,2,0.2126666666666666,0.2833333333333333
31,Random,2,29,46,0,1,Left,2.325,,,6,0,9.727,0,2,2.373,3.775199999988079,0,63,Female,1,78.0,38.0,29.64,90.0,15.0,13.5,-12.0,23.0,16.14,7,0,9,0.6211666666666668,0.2833333333333333
31,Random,3,44,50,1,0,Left,3.633199999988079,,,6,0,7.445699999988079,0,2,1.919,3.394,0,63,Female,1,2.0,34.0,0.68,29.0,13.0,3.77,-27.0,21.0,-3.09,2,1,4,0.2409499999980132,0.2833333333333333
31,Random,3,59,55,1,0,Right,4.614300000011921,,,6,0,7.085699999988079,0,3,2.4663999999761583,3.652699999988079,0,63,Female,2,35.0,92.0,32.2,41.0,81.0,33.21,-6.0,11.0,-1.009999999999998,3,0,19,0.1809499999980131,0.2833333333333333
31,Random,3,49,6,1,0,Right,1.9015,,,6,0,8.440400000035762,0,2,2.091200000047684,3.594200000047684,0,63,Female,1,41.0,64.0,26.24,52.0,51.0,26.52,-11.0,13.0,-0.2799999999999976,3,0,9,0.4067333333392937,0.2833333333333333
31,Random,1,9,60,1,0,Left,3.469,,,6,0,5.579199999988079,0,2,4.369800000011921,5.869200000047684,0,63,Female,1,56.0,75.0,42.0,81.0,74.0,59.94,-25.0,1.0,-17.939999999999998,0,1,9,0.0701333333353201,0.2833333333333333
31,Random,1,1,7,0,1,Right,4.0895,,,6,0,4.308300000011921,0,2,4.970699999988079,6.162699999988079,0,63,Female,1,61.0,62.0,37.82,69.0,61.0,42.09,-8.0,1.0,-4.269999999999996,2,1,1,0.2819499999980131,0.2833333333333333
31,Random,3,48,12,0,1,Left,3.11719999998808,,,8,0,4.837199999988079,0,2,1.652600000023842,2.890199999988079,0,63,Female,1,72.0,98.0,70.56,73.0,77.0,56.21,-1.0,21.0,14.35,7,0,8,0.3953500000014901,0.2833333333333333
31,Random,2,36,13,1,0,Right,2.555,,,8,0,9.16180000001192,0,3,2.359,3.8843000000119208,0,63,Female,2,73.0,49.0,35.77,81.0,42.0,34.02,-8.0,7.0,1.75,4,0,16,0.14522500000149,0.2833333333333333
31,Random,2,24,15,1,0,Left,3.6395,,,8,0,10.640899999976158,0,3,4.825300000011921,6.4713000000119205,0,63,Female,2,36.0,75.0,27.0,52.0,61.0,31.72,-16.0,14.0,-4.719999999999999,2,1,4,0.3301124999970197,0.2833333333333333
31,Random,1,15,16,1,0,Right,4.340100000023842,,,8,0,7.463100000023842,0,2,4.263100000023842,5.469300000011921,0,63,Female,1,23.0,12.0,2.76,26.0,6.0,1.56,-3.0,6.0,1.1999999999999995,4,0,15,0.0671124999970197,0.2833333333333333
31,Random,2,27,17,1,0,Right,3.419100000023842,,,8,0,7.6407000000476835,0,3,4.1245999999642375,5.711299999952316,0,63,Female,2,31.0,38.0,11.78,46.0,29.0,13.34,-15.0,9.0,-1.5600000000000005,3,0,7,0.0449124999940395,0.2833333333333333
31,Random,2,21,2,0,1,Left,3.732300000011921,,,8,0,9.65769999998808,0,3,3.820100000023842,5.242100000023842,0,63,Female,2,40.0,63.0,25.2,57.0,58.0,33.059999999999995,-17.0,5.0,-7.859999999999996,1,0,1,0.2072124999985101,0.2833333333333333
31,Random,1,5,21,1,0,Right,4.885199999988079,,,8,0,6.825300000011921,0,3,6.420599999964237,7.652300000011921,0,63,Female,2,26.0,59.0,15.34,36.0,33.0,11.88,-10.0,26.0,3.459999999999999,5,0,5,0.1468374999985099,0.2833333333333333
31,Random,3,50,22,0,1,Right,5.332600000023842,,,8,0,8.188800000011922,0,3,4.519199999988079,5.735099999964238,0,63,Female,2,24.0,95.0,22.8,53.0,71.0,37.63,-29.0,24.0,-14.829999999999998,0,1,10,0.0236000000014902,0.2833333333333333
31,Random,2,32,32,0,1,Left,2.701800000011921,,,8,0,6.944300000011921,0,1,4.478599999964238,5.755599999964237,0,63,Female,1,59.0,31.0,18.29,60.0,1.0,0.6,-1.0,30.0,17.689999999999998,7,0,12,0.1319624999985098,0.2833333333333333
31,Random,2,40,33,0,1,Left,4.235800000011921,,,8,0,12.6935,0,2,2.7908999999761583,5.246299999952316,0,63,Female,1,57.0,51.0,29.07,62.0,48.0,29.76,-5.0,3.0,-0.6899999999999977,3,0,20,0.5866875,0.2833333333333333
31,Random,2,35,4,1,0,Right,3.457,,,8,0,9.859900000035765,0,2,3.217199999988079,4.689099999964237,0,63,Female,1,72.0,82.0,59.04,73.0,81.0,59.13,-1.0,1.0,-0.0900000000000034,3,0,15,0.2324875000044706,0.2833333333333333
31,Random,1,3,44,1,0,Left,4.364700000047684,,,8,0,5.239,0,3,3.550200000047684,4.899300000011921,0,63,Female,2,19.0,86.0,16.34,45.0,71.0,31.95,-26.0,15.0,-15.61,0,1,3,0.345125,0.2833333333333333
31,Random,2,38,47,1,0,Right,2.430600000023842,,,8,0,9.263899999976156,0,3,2.580800000011921,3.9905,0,63,Female,2,68.0,30.0,20.4,89.0,16.0,14.24,-21.0,14.0,6.159999999999998,6,0,18,0.1579874999970194,0.2833333333333333
31,Random,1,12,48,1,0,Right,5.709100000023842,,,8,0,10.193,0,3,5.473300000011921,6.720800000011921,0,63,Female,2,35.0,68.0,23.8,54.0,43.0,23.22,-19.0,25.0,0.5800000000000018,4,0,12,0.2741249999999999,0.2833333333333333
31,Random,3,43,5,1,0,Right,2.105399999976158,,,8,0,8.61469999998808,0,1,2.321199999988079,3.545900000035763,0,63,Female,1,72.0,33.0,23.76,98.0,5.0,4.9,-26.0,28.0,18.86,7,0,3,0.0768374999985099,0.2833333333333333
31,Random,1,8,51,1,0,Right,1.9205,,,8,0,7.422800000011921,0,3,3.123099999964237,4.157099999964237,0,63,Female,2,41.0,94.0,38.54,48.0,70.0,33.599999999999994,-7.0,24.0,4.940000000000005,5,0,8,0.0721499999985099,0.2833333333333333
31,Random,2,30,56,1,0,Right,1.871699999988079,,,8,0,9.08669999998808,0,2,2.6575,4.472300000011921,0,63,Female,1,62.0,34.0,21.08,86.0,15.0,12.9,-24.0,19.0,8.180000000000001,6,0,10,0.1358374999985099,0.2833333333333333
31,Random,3,45,57,0,1,Right,4.757699999988079,,,8,0,6.527699999988079,0,3,3.3675,4.523299999952316,0,63,Female,2,59.0,94.0,55.46,86.0,89.0,76.54,-27.0,5.0,-21.080000000000013,0,1,5,0.1840375000014901,0.2833333333333333
31,Random,2,34,58,0,1,Right,2.6382000000476835,,,8,0,8.52119999998808,0,2,3.867699999988079,5.630100000023842,0,63,Female,1,36.0,54.0,19.44,48.0,53.0,25.44,-12.0,1.0,-6.0,1,1,14,0.0651499999985099,0.2833333333333333
31,Random,2,25,59,1,0,Right,4.779599999964237,,,8,0,10.86780000001192,0,3,4.928800000011921,6.545,0,63,Female,2,8.0,64.0,5.12,25.0,34.0,8.5,-17.0,30.0,-3.38,2,0,5,0.35847500000149,0.2833333333333333
31,Random,2,26,10,1,0,,4.779599999964237,,,10,0,7.401800000011921,1,4,5.306100000023842,6.8391000000238416,0,63,Female,3,5.0,55.0,2.75,35.0,36.0,12.6,-30.0,19.0,-9.85,1,0,6,0.2598199999988079,0.2833333333333333
31,Random,1,14,11,0,1,Left,1.1070999999642372,,,10,0,8.86569999998808,0,3,3.822,5.237600000023842,0,63,Female,2,72.0,85.0,61.2,86.0,66.0,56.760000000000005,-14.0,19.0,4.439999999999991,5,0,14,0.113430000001192,0.2833333333333333
31,Random,2,22,14,1,0,Right,5.765899999976158,,,10,0,12.226900000035762,0,2,4.103,6.199,0,63,Female,1,33.0,61.0,20.13,51.0,44.0,22.44,-18.0,17.0,-2.3100000000000023,2,0,2,0.2226900000035762,0.2833333333333333
31,Random,3,47,20,1,0,Right,2.452400000035763,,,10,0,11.6175,0,3,2.853600000023842,4.1455,0,63,Female,2,35.0,24.0,8.4,65.0,14.0,9.1,-30.0,10.0,-0.7000000000000011,3,0,7,0.1617499999999999,0.2833333333333333
31,Random,2,28,23,0,1,Left,2.800600000023842,,,10,0,6.386600000023842,0,3,2.874299999952316,5.690899999976158,0,63,Female,2,52.0,36.0,18.72,63.0,27.0,17.01,-11.0,9.0,1.7099999999999973,4,0,8,0.3613399999976158,0.2833333333333333
31,Random,1,19,26,1,0,Right,4.528099999964237,,,10,0,7.874599999964237,0,2,2.640899999976158,3.855699999988079,0,63,Female,1,95.0,74.0,70.3,97.0,49.0,47.53,-2.0,25.0,22.77,7,0,19,0.2125400000035763,0.2833333333333333
31,Random,1,20,27,1,0,Right,4.533399999976158,,,10,0,9.493599999964236,0,2,4.8216000000238415,6.038400000035763,0,63,Female,1,18.0,49.0,8.82,23.0,29.0,6.67,-5.0,20.0,2.1500000000000004,5,0,20,0.0506400000035764,0.2833333333333333
31,Random,2,39,29,0,1,Left,2.5215999999642373,,,10,0,10.213400000035763,0,1,2.726700000047684,3.927800000011921,0,63,Female,1,64.0,32.0,20.48,69.0,4.0,2.76,-5.0,28.0,17.72,7,0,19,0.0213400000035763,0.2833333333333333
31,Random,3,56,30,1,0,Right,4.217100000023842,,,10,0,6.265600000023841,0,3,2.309,3.6098999999761583,0,63,Female,2,71.0,82.0,58.22,80.0,78.0,62.400000000000006,-9.0,4.0,-4.180000000000007,2,0,16,0.3734399999976158,0.2833333333333333
31,Random,1,16,31,0,1,Right,3.9228000000119208,,,10,0,12.338,0,4,7.570399999976158,9.464299999952315,0,63,Female,3,59.0,23.0,13.57,74.0,22.0,16.28,-15.0,1.0,-2.710000000000001,2,1,16,0.2337999999999999,0.2833333333333333
31,Random,1,10,38,1,0,Left,5.100300000011921,,,10,0,8.963399999976158,0,3,4.191,5.784700000047684,0,63,Female,2,43.0,54.0,23.22,63.0,45.0,28.35,-20.0,9.0,-5.129999999999999,1,1,10,0.1036600000023842,0.2833333333333333
31,Random,2,31,40,0,1,Left,2.5745,,,10,0,8.692399999976159,0,3,2.585,4.025199999988079,0,63,Female,2,30.0,41.0,12.3,60.0,35.0,21.0,-30.0,6.0,-8.700000000000001,1,0,11,0.1307600000023841,0.2833333333333333
31,Random,3,60,41,1,0,Right,1.8001999999880791,,,10,0,12.589599999964236,0,2,4.015199999988079,5.2235,0,63,Female,1,35.0,40.0,14.0,48.0,10.0,4.800000000000001,-13.0,30.0,9.2,6,0,20,0.2589599999964235,0.2833333333333333
31,Random,1,18,45,0,1,Right,3.610299999952317,,,10,0,6.4965,0,2,5.690400000035763,6.9386000000238415,0,63,Female,1,52.0,92.0,47.84,72.0,91.0,65.52,-20.0,1.0,-17.679999999999993,0,1,18,0.35035,0.2833333333333333
31,Random,3,53,49,0,1,Right,2.5513999999761583,,,10,0,9.791100000023842,0,2,2.25,5.614899999976158,0,63,Female,1,69.0,87.0,60.03,99.0,86.0,85.14,-30.0,1.0,-25.11,0,1,13,0.0208899999976157,0.2833333333333333
31,Random,1,2,52,0,1,Left,1.3383999999761582,,,10,0,8.702800000011921,0,2,2.425100000023842,4.063100000023842,0,63,Female,1,62.0,92.0,57.04,83.0,62.0,51.46,-21.0,30.0,5.579999999999998,5,0,2,0.1297199999988079,0.2833333333333333
31,Random,1,17,53,1,0,Right,7.576,,,10,0,7.703399999976158,0,3,5.683699999988079,7.2295,0,63,Female,2,69.0,28.0,19.32,81.0,23.0,18.630000000000003,-12.0,5.0,0.6899999999999977,4,0,17,0.2296600000023842,0.2833333333333333
31,Random,3,54,54,0,1,Right,6.219399999976158,,,10,0,8.435600000023841,0,3,2.416699999988079,3.6401000000238417,0,63,Female,2,47.0,37.0,17.39,77.0,23.0,17.71,-30.0,14.0,-0.3200000000000003,3,1,14,0.1564399999976158,0.2833333333333333
31,Random,1,11,8,0,1,Left,4.129899999976158,,,10,0,10.002,0,2,4.8925,6.3449000000357625,0,63,Female,1,65.0,49.0,31.85,71.0,33.0,23.43,-6.0,16.0,8.419999999999998,6,0,11,0.0002,0.2833333333333333
31,Random,2,37,9,0,1,Left,2.4999000000357627,,,10,0,11.7855,0,3,3.061399999976158,4.469599999964237,0,63,Female,2,39.0,66.0,25.74,40.0,50.0,20.0,-1.0,16.0,5.740000000000002,6,0,17,0.17855,0.2833333333333333
32,Random,2,22,1,1,0,Left,1.7432999999821186,,,6,0,3.133199999988079,0,2,1.025800000011921,1.6776000000238418,0,26,Female,1,18.0,44.0,7.92,40.0,39.0,15.6,-22.0,5.0,-7.6800000000000015,1,1,2,0.4778000000019868,0.3333333333333333
32,Random,2,38,18,0,1,Left,1.559,,,6,0,6.32340000000596,0,3,4.089899999976158,5.12409999999404,0,26,Female,2,73.0,32.0,23.36,82.0,2.0,1.64,-9.0,30.0,21.72,7,0,18,0.0539000000009933,0.3333333333333333
32,Random,3,51,19,0,1,Left,1.6915,,,6,0,6.1745,0,2,0.8429000000059604,1.4594000000059604,0,26,Female,1,24.0,74.0,17.759999999999998,25.0,64.0,16.0,-1.0,10.0,1.759999999999998,5,0,11,0.0290833333333333,0.3333333333333333
32,Random,1,6,24,0,1,Left,1.4887999999821186,,,6,0,3.7161000000238418,0,2,1.1179000000059605,1.5519000000059604,0,26,Female,1,7.0,96.0,6.72,37.0,66.0,24.42,-30.0,30.0,-17.700000000000003,0,0,6,0.3806499999960264,0.3333333333333333
32,Random,2,35,25,0,1,Left,1.952699999988079,,,6,0,8.95940000000596,0,2,1.164199999988079,2.3315,0,26,Female,1,52.0,96.0,49.92,55.0,83.0,45.65,-3.0,13.0,4.270000000000003,5,0,15,0.4932333333343267,0.3333333333333333
32,Random,3,47,28,1,0,Right,4.516799999982118,,,6,0,7.26640000000596,0,2,31.94660000002384,32.9305,0,26,Female,1,11.0,72.0,7.92,33.0,45.0,14.85,-22.0,27.0,-6.93,1,0,7,0.2110666666676599,0.3333333333333333
32,Random,3,43,3,0,1,Left,2.4054000000059603,,,6,0,4.05709999999404,0,2,1.5003000000119209,2.050200000017881,0,26,Female,1,76.0,72.0,54.72,99.0,48.0,47.52,-23.0,24.0,7.200000000000003,6,0,3,0.32381666666766,0.3333333333333333
32,Random,2,31,34,0,1,Left,3.1302000000178816,,,6,0,6.610299999982119,0,3,2.65159999999404,3.4504000000059603,0,26,Female,2,27.0,60.0,16.2,36.0,41.0,14.76,-9.0,19.0,1.4399999999999995,4,0,11,0.1017166666636864,0.3333333333333333
32,Random,2,32,35,1,0,Right,2.473900000005961,,,6,0,6.600300000011921,0,2,1.4677000000178817,2.0334000000059604,0,26,Female,1,36.0,37.0,13.32,51.0,10.0,5.1000000000000005,-15.0,27.0,8.219999999999999,6,0,12,0.1000500000019868,0.3333333333333333
32,Random,3,41,36,0,1,Left,1.3663999999761582,,,6,0,4.018700000017882,0,2,1.663699999988079,2.146,0,26,Female,1,75.0,31.0,23.25,96.0,14.0,13.44,-21.0,17.0,9.81,7,0,1,0.3302166666636864,0.3333333333333333
32,Random,2,26,37,1,0,Right,2.0362000000178813,,,6,0,2.8314000000059605,0,2,1.1905999999940395,1.906700000017881,0,26,Female,1,48.0,35.0,16.799999999999997,61.0,19.0,11.59,-13.0,16.0,5.209999999999997,5,0,6,0.5280999999990066,0.3333333333333333
32,Random,1,5,39,1,0,Left,2.05059999999404,,,6,0,5.50390000000596,0,3,0.8805,1.5795,0,26,Female,2,36.0,68.0,24.48,55.0,48.0,26.4,-19.0,20.0,-1.9199999999999984,2,1,5,0.0826833333323399,0.3333333333333333
32,Random,1,11,42,1,0,Left,2.7095,,,6,0,4.22009999999404,0,2,1.0985999999940397,1.6805999999940395,0,26,Female,1,50.0,89.0,44.5,66.0,67.0,44.220000000000006,-16.0,22.0,0.279999999999994,4,1,11,0.2966500000009933,0.3333333333333333
32,Random,3,45,43,1,0,Left,2.4192000000178813,,,6,0,5.910299999982119,0,2,7.5305,8.149100000023841,0,26,Female,1,17.0,73.0,12.41,42.0,63.0,26.46,-25.0,10.0,-14.05,0,1,5,0.0149500000029802,0.3333333333333333
32,Random,1,1,46,0,1,Left,1.7018000000119209,,,6,0,4.909,0,2,1.7055999999940394,2.471199999988079,0,26,Female,1,78.0,38.0,29.64,90.0,15.0,13.5,-12.0,23.0,16.14,7,0,1,0.1818333333333333,0.3333333333333333
32,Random,3,58,50,1,0,Left,1.8885,,,6,0,3.5449000000059603,0,3,1.0960999999940395,1.8480999999940395,0,26,Female,2,2.0,34.0,0.68,29.0,13.0,3.77,-27.0,21.0,-3.09,2,1,18,0.4091833333323399,0.3333333333333333
32,Random,2,39,55,0,1,Left,2.103300000011921,,,6,0,4.955,0,2,2.368,3.552,0,26,Female,1,35.0,92.0,32.2,41.0,81.0,33.21,-6.0,11.0,-1.009999999999998,3,0,19,0.1741666666666666,0.3333333333333333
32,Random,1,17,6,0,1,Left,2.521,,,6,0,3.3255,0,2,0.8412999999821186,2.2422999999821185,0,26,Female,1,41.0,64.0,26.24,52.0,51.0,26.52,-11.0,13.0,-0.2799999999999976,3,0,17,0.44575,0.3333333333333333
32,Random,1,10,60,1,0,Left,4.05009999999404,,,6,0,5.655199999988079,0,3,1.1239000000059605,1.823,0,26,Female,2,56.0,75.0,42.0,81.0,74.0,59.94,-25.0,1.0,-17.939999999999998,0,1,10,0.0574666666686535,0.3333333333333333
32,Random,2,25,7,1,0,Left,3.6640999999940393,,,6,0,3.7765,0,3,1.272699999988079,1.805,0,26,Female,2,61.0,62.0,37.82,69.0,61.0,42.09,-8.0,1.0,-4.269999999999996,2,1,5,0.3705833333333333,0.3333333333333333
32,Random,3,50,12,1,0,Right,1.901,,,8,0,6.34040000000596,0,1,1.4085,1.9911999999880792,0,26,Female,1,72.0,98.0,70.56,73.0,77.0,56.21,-1.0,21.0,14.35,7,0,10,0.2074499999992549,0.3333333333333333
32,Random,1,15,13,1,0,Left,2.2778000000119207,,,8,0,5.031200000017882,0,2,0.6858000000119209,1.501800000011921,0,26,Female,1,73.0,49.0,35.77,81.0,42.0,34.02,-8.0,7.0,1.75,4,1,15,0.3710999999977648,0.3333333333333333
32,Random,3,42,15,1,0,Left,2.453299999982119,,,8,0,5.636099999994039,0,2,1.363699999988079,2.196199999988079,0,26,Female,1,36.0,75.0,27.0,52.0,61.0,31.72,-16.0,14.0,-4.719999999999999,2,1,2,0.2954875000007451,0.3333333333333333
32,Random,2,30,16,0,1,Left,2.8074000000059605,,,8,0,5.11809999999404,0,3,1.3344000000059604,2.250200000017881,0,26,Female,2,23.0,12.0,2.76,26.0,6.0,1.56,-3.0,6.0,1.1999999999999995,4,0,10,0.3602375000007449,0.3333333333333333
32,Random,3,48,17,0,1,Left,1.88159999999404,,,8,0,4.668300000011921,0,2,2.90809999999404,3.540699999988079,0,26,Female,1,31.0,38.0,11.78,46.0,29.0,13.34,-15.0,9.0,-1.5600000000000005,3,0,8,0.4164624999985099,0.3333333333333333
32,Random,1,14,2,1,0,Left,2.276,,,8,0,8.016900000005961,0,3,0.9111999999880792,2.211800000011921,0,26,Female,2,40.0,63.0,25.2,57.0,58.0,33.059999999999995,-17.0,5.0,-7.859999999999996,1,1,14,0.0021125000007451,0.3333333333333333
32,Random,3,49,21,1,0,Right,2.020200000017881,,,8,0,5.96440000000596,0,2,1.0717999999821186,1.9877999999821183,0,26,Female,1,26.0,59.0,15.34,36.0,33.0,11.88,-10.0,26.0,3.459999999999999,5,0,9,0.254449999999255,0.3333333333333333
32,Random,1,12,22,0,1,Left,3.0125,,,8,0,6.720700000017882,0,3,1.1307999999821186,1.7459000000059606,0,26,Female,2,24.0,95.0,22.8,53.0,71.0,37.63,-29.0,24.0,-14.829999999999998,0,0,12,0.1599124999977648,0.3333333333333333
32,Random,1,7,32,0,1,Left,1.8641999999880792,,,8,0,5.568200000017882,0,3,0.9282000000178814,1.6277000000178814,0,26,Female,2,59.0,31.0,18.29,60.0,1.0,0.6,-1.0,30.0,17.689999999999998,7,0,7,0.3039749999977648,0.3333333333333333
32,Random,2,34,33,0,1,Left,3.59859999999404,,,8,0,6.401200000017881,0,3,1.8778000000119208,2.8766000000238416,0,26,Female,2,57.0,51.0,29.07,62.0,48.0,29.76,-5.0,3.0,-0.6899999999999977,3,0,14,0.1998499999977648,0.3333333333333333
32,Random,2,40,4,0,1,Left,2.0885999999940394,,,8,0,6.497699999988079,0,3,2.009399999976158,2.60809999999404,0,26,Female,2,72.0,82.0,59.04,73.0,81.0,59.13,-1.0,1.0,-0.0900000000000034,3,0,20,0.1877875000014901,0.3333333333333333
32,Random,2,21,44,0,1,Right,2.0649000000059603,,,8,0,6.122600000023842,0,3,1.5643999999761582,2.1465,0,26,Female,2,19.0,86.0,16.34,45.0,71.0,31.95,-26.0,15.0,-15.61,0,1,1,0.2346749999970198,0.3333333333333333
32,Random,2,24,47,1,0,Right,3.338699999988079,,,8,0,5.600800000011921,0,3,1.0579000000059604,1.7069000000059604,0,26,Female,2,68.0,30.0,20.4,89.0,16.0,14.24,-21.0,14.0,6.159999999999998,6,0,4,0.2998999999985099,0.3333333333333333
32,Random,2,29,48,1,0,Right,3.2127999999821184,,,8,0,5.21259999999404,0,3,1.3545,2.6382000000178816,0,26,Female,2,35.0,68.0,23.8,54.0,43.0,23.22,-19.0,25.0,0.5800000000000018,4,0,9,0.348425000000745,0.3333333333333333
32,Random,1,16,5,0,1,Left,2.2819000000059604,,,8,0,5.182400000005961,0,2,0.7428000000119209,1.7594000000059604,0,26,Female,1,72.0,33.0,23.76,98.0,5.0,4.9,-26.0,28.0,18.86,7,0,16,0.3521999999992549,0.3333333333333333
32,Random,3,46,51,1,0,Right,2.6067000000178813,,,8,0,5.451199999988079,0,2,3.113200000017881,8.14790000000596,0,26,Female,1,41.0,94.0,38.54,48.0,70.0,33.599999999999994,-7.0,24.0,4.940000000000005,5,0,6,0.3186000000014901,0.3333333333333333
32,Random,1,19,56,0,1,Right,2.68409999999404,,,8,0,4.508299999982119,0,3,0.9100999999940396,2.1935,0,26,Female,2,62.0,34.0,21.08,86.0,15.0,12.9,-24.0,19.0,8.180000000000001,6,1,19,0.4364625000022351,0.3333333333333333
32,Random,3,55,57,1,0,Right,2.366700000017881,,,8,0,7.18490000000596,0,2,1.5711000000238418,2.022100000023842,0,26,Female,1,59.0,94.0,55.46,86.0,89.0,76.54,-27.0,5.0,-21.080000000000013,0,0,15,0.1018874999992549,0.3333333333333333
32,Random,2,37,58,0,1,Right,3.9685999999940393,,,8,0,4.4075,0,2,1.7365999999940396,2.301799999982119,0,26,Female,1,36.0,54.0,19.44,48.0,53.0,25.44,-12.0,1.0,-6.0,1,1,17,0.4490625,0.3333333333333333
32,Random,3,56,59,0,1,Right,4.285700000017881,,,8,0,7.517199999988079,0,3,1.1905,1.6579000000059605,0,26,Female,2,8.0,64.0,5.12,25.0,34.0,8.5,-17.0,30.0,-3.38,2,1,16,0.0603500000014901,0.3333333333333333
32,Random,3,54,10,0,1,Right,2.405899999976158,,,10,0,7.173699999988079,0,2,1.505800000011921,2.470800000011921,0,26,Female,1,5.0,55.0,2.75,35.0,36.0,12.6,-30.0,19.0,-9.85,1,1,14,0.2826300000011921,0.3333333333333333
32,Random,2,28,11,1,0,Right,2.701699999988079,,,10,0,9.72009999999404,0,2,1.7879000000059604,2.3203000000119207,0,26,Female,1,72.0,85.0,61.2,86.0,66.0,56.760000000000005,-14.0,19.0,4.439999999999991,5,0,8,0.0279900000005959,0.3333333333333333
32,Random,2,27,14,0,1,Left,3.935300000011921,,,10,0,6.696799999982119,0,3,1.3457999999821186,2.027799999982119,0,26,Female,2,33.0,61.0,20.13,51.0,44.0,22.44,-18.0,17.0,-2.3100000000000023,2,0,7,0.3303200000017881,0.3333333333333333
32,Random,1,18,20,1,0,Right,2.889,,,10,0,7.037099999994039,0,3,1.079399999976158,1.7280999999940396,0,26,Female,2,35.0,24.0,8.4,65.0,14.0,9.1,-30.0,10.0,-0.7000000000000011,3,0,18,0.2962900000005961,0.3333333333333333
32,Random,3,60,23,0,1,Left,4.008800000011921,,,10,0,5.366199999988079,0,2,0.8809000000059605,1.6299000000059605,0,26,Female,1,52.0,36.0,18.72,63.0,27.0,17.01,-11.0,9.0,1.7099999999999973,4,0,20,0.4633800000011921,0.3333333333333333
32,Random,1,8,26,1,0,Right,2.41009999999404,,,10,0,8.016,0,3,1.125,1.707300000011921,0,26,Female,2,95.0,74.0,70.3,97.0,49.0,47.53,-2.0,25.0,22.77,7,0,8,0.1984,0.3333333333333333
32,Random,1,3,27,0,1,Left,2.070199999988079,,,10,0,7.37140000000596,0,2,1.6379000000059605,2.423600000023842,0,26,Female,1,18.0,49.0,8.82,23.0,29.0,6.67,-5.0,20.0,2.1500000000000004,5,0,3,0.262859999999404,0.3333333333333333
32,Random,1,13,29,1,0,Right,1.6186999999880791,,,10,0,8.829200000017881,0,2,1.281399999976158,2.0300999999940395,0,26,Female,1,64.0,32.0,20.48,69.0,4.0,2.76,-5.0,28.0,17.72,7,0,13,0.1170799999982119,0.3333333333333333
32,Random,3,44,30,1,0,Right,2.7782000000178813,,,10,0,4.440900000005961,0,2,1.0732000000178814,1.622300000011921,0,26,Female,1,71.0,82.0,58.22,80.0,78.0,62.400000000000006,-9.0,4.0,-4.180000000000007,2,0,4,0.5559099999994039,0.3333333333333333
32,Random,2,23,31,1,0,Left,3.0558000000119208,,,10,0,4.102300000011921,0,2,0.7797999999821186,1.6635,0,26,Female,1,59.0,23.0,13.57,74.0,22.0,16.28,-15.0,1.0,-2.710000000000001,2,1,3,0.589769999998808,0.3333333333333333
32,Random,2,33,38,1,0,Left,3.93259999999404,,,10,0,5.9295,0,3,1.307,2.39109999999404,0,26,Female,2,43.0,54.0,23.22,63.0,45.0,28.35,-20.0,9.0,-5.129999999999999,1,1,13,0.40705,0.3333333333333333
32,Random,1,2,40,1,0,Right,2.525800000011921,,,10,0,5.80509999999404,0,3,0.9727000000178814,1.5890999999940396,0,26,Female,2,30.0,41.0,12.3,60.0,35.0,21.0,-30.0,6.0,-8.700000000000001,1,0,2,0.419490000000596,0.3333333333333333
32,Random,2,36,41,1,0,Right,1.625199999988079,,,10,0,7.948300000011921,0,2,1.4019000000059605,2.234200000017881,0,26,Female,1,35.0,40.0,14.0,48.0,10.0,4.800000000000001,-13.0,30.0,9.2,6,0,16,0.2051699999988079,0.3333333333333333
32,Random,3,53,49,1,0,Left,3.1504000000059604,,,10,0,6.622,0,2,0.9839000000059605,1.799800000011921,0,26,Female,1,69.0,87.0,60.03,99.0,86.0,85.14,-30.0,1.0,-25.11,0,1,13,0.3378,0.3333333333333333
32,Random,3,52,52,0,1,Left,1.0919000000059604,,,10,0,4.521299999982118,0,2,1.3780999999940395,1.90959999999404,0,26,Female,1,62.0,92.0,57.04,83.0,62.0,51.46,-21.0,30.0,5.579999999999998,5,0,12,0.5478700000017882,0.3333333333333333
32,Random,1,4,53,1,0,Right,2.457699999988079,,,10,0,5.707699999988079,0,3,2.2185,2.9172999999821188,0,26,Female,2,69.0,28.0,19.32,81.0,23.0,18.630000000000003,-12.0,5.0,0.6899999999999977,4,0,4,0.4292300000011921,0.3333333333333333
32,Random,1,9,54,1,0,Left,2.178,,,10,0,6.19340000000596,0,2,1.2963999999761582,1.7305999999940396,0,26,Female,1,47.0,37.0,17.39,77.0,23.0,17.71,-30.0,14.0,-0.3200000000000003,3,1,9,0.380659999999404,0.3333333333333333
32,Random,3,59,8,0,1,Left,2.6347000000178813,,,10,0,5.873800000011921,0,1,1.6769000000059604,2.2757999999821186,0,26,Female,1,65.0,49.0,31.85,71.0,33.0,23.43,-6.0,16.0,8.419999999999998,6,0,19,0.4126199999988079,0.3333333333333333
32,Random,1,20,9,1,0,Right,3.1632999999821187,,,10,0,7.078400000005961,0,2,0.8855999999940395,1.801199999988079,0,26,Female,1,39.0,66.0,25.74,40.0,50.0,20.0,-1.0,16.0,5.740000000000002,6,0,20,0.2921599999994039,0.3333333333333333
33,Random,2,23,1,0,1,Right,4.210399999976159,,,6,0,5.812,0,2,1.532,2.1594000000357627,0,47,Female,1,18.0,44.0,7.92,40.0,39.0,15.6,-22.0,5.0,-7.6800000000000015,1,1,3,0.0313333333333332,0.1333333333333333
33,Random,3,48,18,1,0,Right,1.82,,,6,0,5.276699999988079,0,2,1.6903000000119208,2.532699999988079,0,47,Female,1,73.0,32.0,23.36,82.0,2.0,1.64,-9.0,30.0,21.72,7,0,8,0.1205500000019868,0.1333333333333333
33,Random,1,17,19,1,0,Right,2.788300000011921,,,6,0,5.3977999999523165,0,2,1.5161000000238418,2.180600000023842,0,47,Female,1,24.0,74.0,17.759999999999998,25.0,64.0,16.0,-1.0,10.0,1.759999999999998,5,0,17,0.1003666666746139,0.1333333333333333
33,Random,3,42,24,1,0,Right,1.7193999999761582,,,6,0,5.181399999976158,0,2,1.567699999988079,2.107,0,47,Female,1,7.0,96.0,6.72,37.0,66.0,24.42,-30.0,30.0,-17.700000000000003,0,0,2,0.136433333337307,0.1333333333333333
33,Random,3,49,25,0,1,Left,1.819100000023841,,,6,0,5.246399999976158,0,2,1.4503000000119208,1.881399999976158,0,47,Female,1,52.0,96.0,49.92,55.0,83.0,45.65,-3.0,13.0,4.270000000000003,5,0,9,0.1256000000039736,0.1333333333333333
33,Random,2,39,3,1,0,Right,2.864199999988079,,,6,0,5.639199999988079,0,2,1.5897999999523162,2.321699999988079,0,47,Female,1,76.0,72.0,54.72,99.0,48.0,47.52,-23.0,24.0,7.200000000000003,6,0,19,0.0601333333353202,0.1333333333333333
33,Random,2,38,35,1,0,Right,2.710300000011921,,,6,0,5.437400000035763,0,2,1.27,1.900300000011921,0,47,Female,1,36.0,37.0,13.32,51.0,10.0,5.1000000000000005,-15.0,27.0,8.219999999999999,6,0,18,0.0937666666607062,0.1333333333333333
33,Random,2,36,36,0,1,Left,3.234,,,6,0,5.542400000035763,0,2,1.6137999999523165,2.448099999964237,0,47,Female,1,75.0,31.0,23.25,96.0,14.0,13.44,-21.0,17.0,9.81,7,0,16,0.0762666666607061,0.1333333333333333
33,Random,3,47,37,0,1,Left,1.954100000023841,,,6,0,5.169,0,2,2.3932999999523163,3.0985999999642373,0,47,Female,1,48.0,35.0,16.799999999999997,61.0,19.0,11.59,-13.0,16.0,5.209999999999997,5,0,7,0.1385,0.1333333333333333
33,Random,1,13,39,1,0,Right,2.022099999964237,,,6,0,5.411100000023842,0,2,1.5905,2.3105,0,47,Female,1,36.0,68.0,24.48,55.0,48.0,26.4,-19.0,20.0,-1.9199999999999984,2,0,13,0.0981499999960264,0.1333333333333333
33,Random,3,45,42,0,1,Left,2.0571999999880792,,,6,0,5.274600000023842,0,2,0.8327999999523162,1.8007999999523163,0,47,Female,1,50.0,89.0,44.5,66.0,67.0,44.220000000000006,-16.0,22.0,0.279999999999994,4,0,5,0.1208999999960263,0.1333333333333333
33,Random,1,12,43,0,1,Left,2.039199999988079,,,6,0,5.457399999976158,0,2,2.371,3.0151000000238417,0,47,Female,1,17.0,73.0,12.41,42.0,63.0,26.46,-25.0,10.0,-14.05,0,0,12,0.0904333333373069,0.1333333333333333
33,Random,2,26,46,0,1,Left,3.021899999976158,,,6,0,5.5245,0,2,1.1848999999761582,2.1356999999880792,0,47,Female,1,78.0,38.0,29.64,90.0,15.0,13.5,-12.0,23.0,16.14,7,0,6,0.07925,0.1333333333333333
33,Random,1,7,50,1,0,Right,0.9730999999642372,,,6,0,4.875900000035763,0,2,1.932600000023842,2.511199999988079,0,47,Female,1,2.0,34.0,0.68,29.0,13.0,3.77,-27.0,21.0,-3.09,2,0,7,0.1873499999940394,0.1333333333333333
33,Random,1,18,55,1,0,Right,2.791099999964237,,,6,0,5.104900000035763,0,2,1.2847999999523163,1.8668999999761584,0,47,Female,1,35.0,92.0,32.2,41.0,81.0,33.21,-6.0,11.0,-1.009999999999998,3,0,18,0.1491833333273728,0.1333333333333333
33,Random,3,54,6,1,0,Right,2.049400000035763,,,6,0,5.401700000047684,0,2,1.333800000011921,2.038,0,47,Female,1,41.0,64.0,26.24,52.0,51.0,26.52,-11.0,13.0,-0.2799999999999976,3,0,14,0.0997166666587194,0.1333333333333333
33,Random,1,9,60,1,0,Right,1.2959000000357628,,,6,0,5.6875,0,2,1.8645,2.516199999988079,0,47,Female,1,56.0,75.0,42.0,81.0,74.0,59.94,-25.0,1.0,-17.939999999999998,0,0,9,0.0520833333333333,0.1333333333333333
33,Random,3,46,7,0,1,Right,3.0985,,,6,0,5.490899999976159,0,3,0.946100000023842,1.7924000000357627,0,47,Female,2,61.0,62.0,37.82,69.0,61.0,42.09,-8.0,1.0,-4.269999999999996,2,1,6,0.0848500000039734,0.1333333333333333
33,Random,2,40,12,1,0,Right,2.4388000000119208,,,8,0,7.118800000011921,0,2,4.838200000047684,5.542400000035763,0,47,Female,1,72.0,98.0,70.56,73.0,77.0,56.21,-1.0,21.0,14.35,7,0,20,0.1101499999985098,0.1333333333333333
33,Random,3,53,13,1,0,Right,3.728300000011921,,,8,0,8.180600000023842,0,2,1.8884000000357628,2.6706000000238417,0,47,Female,1,73.0,49.0,35.77,81.0,42.0,34.02,-8.0,7.0,1.75,4,0,13,0.0225750000029802,0.1333333333333333
33,Random,2,21,15,1,0,Right,3.612200000047684,,,8,0,7.617899999976158,0,2,3.072899999976158,4.153,0,47,Female,1,36.0,75.0,27.0,52.0,61.0,31.72,-16.0,14.0,-4.719999999999999,2,0,1,0.0477625000029802,0.1333333333333333
33,Random,2,22,16,0,1,Left,2.959400000035763,,,8,0,7.711099999964238,0,2,1.1869000000357628,1.8485,0,47,Female,1,23.0,12.0,2.76,26.0,6.0,1.56,-3.0,6.0,1.1999999999999995,4,0,2,0.0361125000044703,0.1333333333333333
33,Random,2,27,17,0,1,Left,4.081899999976158,,,8,0,7.5005,0,2,1.520899999976158,2.029100000023842,0,47,Female,1,31.0,38.0,11.78,46.0,29.0,13.34,-15.0,9.0,-1.5600000000000005,3,0,7,0.0624375,0.1333333333333333
33,Random,3,44,2,1,0,Right,1.6841000000238415,,,8,0,7.192900000035762,0,2,1.029199999988079,1.7356999999880791,0,47,Female,1,40.0,63.0,25.2,57.0,58.0,33.059999999999995,-17.0,5.0,-7.859999999999996,1,0,4,0.1008874999955297,0.1333333333333333
33,Random,2,32,21,1,0,Right,2.228300000011921,,,8,0,7.469300000011921,0,2,1.4533999999761582,2.091800000011921,0,47,Female,1,26.0,59.0,15.34,36.0,33.0,11.88,-10.0,26.0,3.459999999999999,5,0,12,0.0663374999985099,0.1333333333333333
33,Random,3,52,22,0,1,Left,1.8015,,,8,0,6.855599999964237,0,2,2.287100000023842,2.743199999988079,0,47,Female,1,24.0,95.0,22.8,53.0,71.0,37.63,-29.0,24.0,-14.829999999999998,0,0,12,0.1430500000044703,0.1333333333333333
33,Random,1,6,32,0,1,Left,0.8919000000357628,,,8,0,7.514600000023842,0,2,2.368699999988079,3.0146999999880792,0,47,Female,1,59.0,31.0,18.29,60.0,1.0,0.6,-1.0,30.0,17.689999999999998,7,0,6,0.0606749999970197,0.1333333333333333
33,Random,3,50,33,0,1,Left,2.259,,,8,0,7.367900000035763,0,2,1.433899999976158,2.3415,0,47,Female,1,57.0,51.0,29.07,62.0,48.0,29.76,-5.0,3.0,-0.6899999999999977,3,0,10,0.0790124999955296,0.1333333333333333
33,Random,1,2,4,0,1,Left,0.7026999999880791,,,8,0,7.331,0,2,2.3950999999642373,4.571399999976158,0,47,Female,1,72.0,82.0,59.04,73.0,81.0,59.13,-1.0,1.0,-0.0900000000000034,3,0,2,0.0836249999999999,0.1333333333333333
33,Random,1,1,44,0,1,Left,2.265199999988079,,,8,0,7.202199999988079,0,2,2.336399999976158,3.2486999999880792,0,47,Female,1,19.0,86.0,16.34,45.0,71.0,31.95,-26.0,15.0,-15.61,0,0,1,0.0997250000014901,0.1333333333333333
33,Random,1,4,47,1,0,Right,1.0096999999880791,,,8,0,6.537300000011921,0,2,1.9915,2.729699999988079,0,47,Female,1,68.0,30.0,20.4,89.0,16.0,14.24,-21.0,14.0,6.159999999999998,6,0,4,0.1828374999985098,0.1333333333333333
33,Random,1,5,48,1,0,Right,0.801800000011921,,,8,0,7.578399999976158,0,2,1.670600000023842,2.389,0,47,Female,1,35.0,68.0,23.8,54.0,43.0,23.22,-19.0,25.0,0.5800000000000018,4,0,5,0.0527000000029802,0.1333333333333333
33,Random,2,28,5,1,0,Right,2.4635,,,8,0,7.887599999964237,0,2,1.572899999976158,2.366600000023842,0,47,Female,1,72.0,33.0,23.76,98.0,5.0,4.9,-26.0,28.0,18.86,7,0,8,0.0140500000044703,0.1333333333333333
33,Random,2,33,51,1,0,Right,2.9005,,,8,0,7.757699999988079,0,2,1.0853000000119208,1.9038000000119208,0,47,Female,1,41.0,94.0,38.54,48.0,70.0,33.599999999999994,-7.0,24.0,4.940000000000005,5,0,13,0.0302875000014901,0.1333333333333333
33,Random,1,3,56,1,0,Right,1.0601999999880791,,,8,0,7.819700000047684,0,2,0.6266000000238419,1.1212000000476836,0,47,Female,1,62.0,34.0,21.08,86.0,15.0,12.9,-24.0,19.0,8.180000000000001,6,0,3,0.0225374999940395,0.1333333333333333
33,Random,1,16,57,0,1,Right,3.6521000000238417,,,8,0,7.922400000035763,0,2,1.887699999988079,2.673800000011921,0,47,Female,1,59.0,94.0,55.46,86.0,89.0,76.54,-27.0,5.0,-21.080000000000013,0,1,16,0.0096999999955296,0.1333333333333333
33,Random,3,56,58,0,1,Right,3.1563999999761583,,,8,0,6.286100000023842,0,2,1.230399999976158,1.8085,0,47,Female,1,36.0,54.0,19.44,48.0,53.0,25.44,-12.0,1.0,-6.0,1,1,16,0.2142374999970198,0.1333333333333333
33,Random,1,20,59,0,1,Left,2.9529000000357626,,,8,0,7.547699999988079,0,2,1.174399999976158,2.085,0,47,Female,1,8.0,64.0,5.12,25.0,34.0,8.5,-17.0,30.0,-3.38,2,0,20,0.0565375000014901,0.1333333333333333
33,Random,1,11,10,0,1,Left,1.5255999999642371,,,10,0,8.2355,0,2,1.7354000000357628,2.4675,0,47,Female,1,5.0,55.0,2.75,35.0,36.0,12.6,-30.0,19.0,-9.85,1,0,11,0.17645,0.1333333333333333
33,Random,1,19,11,0,1,Left,2.4875,,,10,0,8.830199999988078,0,2,0.7328000000119209,1.6250999999642373,0,47,Female,1,72.0,85.0,61.2,86.0,66.0,56.760000000000005,-14.0,19.0,4.439999999999991,5,0,19,0.1169800000011921,0.1333333333333333
33,Random,2,34,14,0,1,Left,3.1265,,,10,0,10.558,0,2,0.830199999988079,1.384,0,47,Female,1,33.0,61.0,20.13,51.0,44.0,22.44,-18.0,17.0,-2.3100000000000023,2,0,14,0.0557999999999999,0.1333333333333333
33,Random,3,58,20,0,1,Left,2.0837999999523165,,,10,0,8.779100000023842,0,2,1.5445,2.1345,0,47,Female,1,35.0,24.0,8.4,65.0,14.0,9.1,-30.0,10.0,-0.7000000000000011,3,0,18,0.1220899999976158,0.1333333333333333
33,Random,2,30,23,1,0,Right,4.028900000035763,,,10,0,9.2605,0,2,2.061800000011921,2.812199999988079,0,47,Female,1,52.0,36.0,18.72,63.0,27.0,17.01,-11.0,9.0,1.7099999999999973,4,0,10,0.0739499999999999,0.1333333333333333
33,Random,2,25,26,1,0,Right,2.3776999999880792,,,10,0,8.23369999998808,0,2,0.8285999999642372,1.693099999964237,0,47,Female,1,95.0,74.0,70.3,97.0,49.0,47.53,-2.0,25.0,22.77,7,0,5,0.176630000001192,0.1333333333333333
33,Random,1,10,27,0,1,Left,1.722199999988079,,,10,0,9.45419999998808,0,2,2.050800000011921,3.029699999988079,0,47,Female,1,18.0,49.0,8.82,23.0,29.0,6.67,-5.0,20.0,2.1500000000000004,5,0,10,0.0545800000011919,0.1333333333333333
33,Random,2,29,29,0,1,Left,3.040200000047684,,,10,0,8.97730000001192,0,2,1.232600000023842,2.074900000035763,0,47,Female,1,64.0,32.0,20.48,69.0,4.0,2.76,-5.0,28.0,17.72,7,0,9,0.1022699999988079,0.1333333333333333
33,Random,2,35,30,1,0,Right,2.314,,,10,0,9.4525,0,2,1.217,2.1153999999761584,0,47,Female,1,71.0,82.0,58.22,80.0,78.0,62.400000000000006,-9.0,4.0,-4.180000000000007,2,0,15,0.0547499999999999,0.1333333333333333
33,Random,1,14,31,1,0,Right,1.681100000023842,,,10,0,8.290899999976158,0,2,1.8095,2.407700000047684,0,47,Female,1,59.0,23.0,13.57,74.0,22.0,16.28,-15.0,1.0,-2.710000000000001,2,0,14,0.1709100000023841,0.1333333333333333
33,Random,3,60,38,1,0,Right,3.0565,,,10,0,10.03980000001192,0,3,1.955699999988079,2.754,0,47,Female,2,43.0,54.0,23.22,63.0,45.0,28.35,-20.0,9.0,-5.129999999999999,1,0,20,0.003980000001192,0.1333333333333333
33,Random,2,24,40,0,1,Right,3.5833999999761583,,,10,0,8.716699999988078,0,2,1.277199999988079,1.895199999988079,0,47,Female,1,30.0,41.0,12.3,60.0,35.0,21.0,-30.0,6.0,-8.700000000000001,1,1,4,0.1283300000011921,0.1333333333333333
33,Random,2,37,41,1,0,Right,2.684899999976158,,,10,0,9.63019999998808,0,2,1.9192999999523164,2.650899999976158,0,47,Female,1,35.0,40.0,14.0,48.0,10.0,4.800000000000001,-13.0,30.0,9.2,6,0,17,0.036980000001192,0.1333333333333333
33,Random,1,15,45,0,1,Right,3.007199999988079,,,10,0,9.465,0,2,3.817299999952316,4.663299999952316,0,47,Female,1,52.0,92.0,47.84,72.0,91.0,65.52,-20.0,1.0,-17.679999999999993,0,1,15,0.0535,0.1333333333333333
33,Random,3,59,49,1,0,Left,3.2705,,,10,0,9.652400000035763,0,3,1.7440999999642373,2.490800000011921,0,47,Female,2,69.0,87.0,60.03,99.0,86.0,85.14,-30.0,1.0,-25.11,0,1,19,0.0347599999964236,0.1333333333333333
33,Random,1,8,52,1,0,Left,0.7305,,,10,0,9.23130000001192,0,2,0.8617999999523163,1.648199999988079,0,47,Female,1,62.0,92.0,57.04,83.0,62.0,51.46,-21.0,30.0,5.579999999999998,5,1,8,0.0768699999988079,0.1333333333333333
33,Random,3,41,53,1,0,Right,2.919699999988079,,,10,0,9.516199999988078,0,2,2.3172999999523163,2.900099999964237,0,47,Female,1,69.0,28.0,19.32,81.0,23.0,18.630000000000003,-12.0,5.0,0.6899999999999977,4,0,1,0.0483800000011921,0.1333333333333333
33,Random,3,57,54,0,1,Left,2.436099999964237,,,10,0,9.059600000023842,0,2,1.1710999999642373,2.159300000011921,0,47,Female,1,47.0,37.0,17.39,77.0,23.0,17.71,-30.0,14.0,-0.3200000000000003,3,0,17,0.0940399999976158,0.1333333333333333
33,Random,3,43,8,1,0,Right,3.707600000023842,,,10,0,9.25080000001192,0,2,1.6013000000119209,2.430899999976158,0,47,Female,1,65.0,49.0,31.85,71.0,33.0,23.43,-6.0,16.0,8.419999999999998,6,0,3,0.074919999998808,0.1333333333333333
33,Random,3,51,9,1,0,Right,1.9816000000238416,,,10,0,9.35030000001192,0,2,1.610800000011921,2.1579000000357627,0,47,Female,1,39.0,66.0,25.74,40.0,50.0,20.0,-1.0,16.0,5.740000000000002,6,0,11,0.064969999998808,0.1333333333333333
34,Random,3,60,1,0,1,Left,1.4313000001907348,,,6,0,6.941699999809265,0,3,1.1163000001907348,1.9016000003814697,0,30,Female,2,18.0,44.0,7.92,40.0,39.0,15.6,-22.0,5.0,-7.6800000000000015,1,0,20,0.1569499999682109,0.3333333333333333
34,Random,2,26,18,1,0,Right,1.4421999998092652,,,6,0,5.856099999904632,0,3,1.4115999999046325,2.3655,0,30,Female,2,73.0,32.0,23.36,82.0,2.0,1.64,-9.0,30.0,21.72,7,0,6,0.0239833333492279,0.3333333333333333
34,Random,2,24,19,1,0,Right,1.0617000002861023,,,6,0,5.895299999713898,0,3,1.045,1.810199999809265,0,30,Female,2,24.0,74.0,17.759999999999998,25.0,64.0,16.0,-1.0,10.0,1.759999999999998,5,0,4,0.0174500000476836,0.3333333333333333
34,Random,1,13,24,1,0,Left,1.8705,,,6,0,6.268699999809265,0,3,1.5414000000953674,3.117400000095367,0,30,Female,2,7.0,96.0,6.72,37.0,66.0,24.42,-30.0,30.0,-17.700000000000003,0,1,13,0.0447833333015442,0.3333333333333333
34,Random,3,45,25,1,0,Right,2.067700000286102,,,6,0,5.590099999904632,0,3,1.1445999999046326,1.9455,0,30,Female,2,52.0,96.0,49.92,55.0,83.0,45.65,-3.0,13.0,4.270000000000003,5,0,5,0.0683166666825612,0.3333333333333333
34,Random,2,31,28,1,0,Left,1.4430999999046326,,,6,0,7.059,0,3,0.9482999997138976,2.5025999999046324,0,30,Female,2,11.0,72.0,7.92,33.0,45.0,14.85,-22.0,27.0,-6.93,1,1,11,0.1765,0.3333333333333333
34,Random,3,43,34,0,1,Left,1.1051999998092652,,,6,0,4.669599999904633,0,3,1.0074000000953671,1.6723000001907349,0,30,Female,2,27.0,60.0,16.2,36.0,41.0,14.76,-9.0,19.0,1.4399999999999995,4,0,3,0.2217333333492278,0.3333333333333333
34,Random,2,28,35,1,0,Right,1.2237999997138975,,,6,0,5.4935,0,3,1.5804000000953675,2.581699999809265,0,30,Female,2,36.0,37.0,13.32,51.0,10.0,5.1000000000000005,-15.0,27.0,8.219999999999999,6,0,8,0.0844166666666666,0.3333333333333333
34,Random,2,27,36,0,1,Left,1.3985,,,6,0,5.45860000038147,0,3,1.7126000003814696,2.394300000190735,0,30,Female,2,75.0,31.0,23.25,96.0,14.0,13.44,-21.0,17.0,9.81,7,0,7,0.090233333269755,0.3333333333333333
34,Random,1,10,37,0,1,Left,1.093300000190735,,,6,0,5.111400000095367,0,3,1.0829000000953677,1.9243000001907349,0,30,Female,2,48.0,35.0,16.799999999999997,61.0,19.0,11.59,-13.0,16.0,5.209999999999997,5,0,10,0.1480999999841055,0.3333333333333333
34,Random,3,41,39,0,1,Left,1.3283999996185305,,,6,0,5.819300000190735,0,3,1.7609000000953674,2.5424000000953675,0,30,Female,2,36.0,68.0,24.48,55.0,48.0,26.4,-19.0,20.0,-1.9199999999999984,2,0,1,0.0301166666348775,0.3333333333333333
34,Random,3,50,42,1,0,Right,1.4865999999046329,,,6,0,5.714599999904633,0,4,1.019,1.8638000001907349,0,30,Female,3,50.0,89.0,44.5,66.0,67.0,44.220000000000006,-16.0,22.0,0.279999999999994,4,0,10,0.0475666666825612,0.3333333333333333
34,Random,1,4,46,1,0,Right,1.3757000002861024,,,6,0,4.975400000095368,0,3,1.4620999999046325,2.9290999999046328,0,30,Female,2,78.0,38.0,29.64,90.0,15.0,13.5,-12.0,23.0,16.14,7,0,4,0.170766666650772,0.3333333333333333
34,Random,1,11,50,1,0,Left,2.0876000003814696,,,6,0,5.149400000095367,0,3,1.2124000000953674,2.0865,0,30,Female,2,2.0,34.0,0.68,29.0,13.0,3.77,-27.0,21.0,-3.09,2,1,11,0.1417666666507721,0.3333333333333333
34,Random,3,56,55,1,0,Left,1.3034000000953674,,,6,0,5.547599999904633,0,3,1.434,2.131900000095368,0,30,Female,2,35.0,92.0,32.2,41.0,81.0,33.21,-6.0,11.0,-1.009999999999998,3,1,16,0.0754000000158945,0.3333333333333333
34,Random,3,52,6,0,1,Left,1.317699999809265,,,6,0,5.380099999904632,0,3,1.4821999998092652,2.467300000190735,0,30,Female,2,41.0,64.0,26.24,52.0,51.0,26.52,-11.0,13.0,-0.2799999999999976,3,0,12,0.1033166666825612,0.3333333333333333
34,Random,2,32,60,0,1,Right,1.4665999999046326,,,6,0,5.5695,0,3,1.0581000003814698,1.9003000001907349,0,30,Female,2,56.0,75.0,42.0,81.0,74.0,59.94,-25.0,1.0,-17.939999999999998,0,1,12,0.07175,0.3333333333333333
34,Random,2,36,12,1,0,Right,1.303,,,8,0,7.108800000190735,0,3,0.8021999998092652,1.5720999999046326,0,30,Female,2,72.0,98.0,70.56,73.0,77.0,56.21,-1.0,21.0,14.35,7,0,16,0.1113999999761581,0.3333333333333333
34,Random,3,59,13,0,1,Left,1.1274000000953674,,,8,0,6.7285,0,3,0.9155,1.7558000001907348,0,30,Female,2,73.0,49.0,35.77,81.0,42.0,34.02,-8.0,7.0,1.75,4,0,19,0.1589374999999999,0.3333333333333333
34,Random,2,37,15,0,1,Left,1.4615999999046323,,,8,0,7.927299999713898,0,3,1.2745,1.9961999998092648,0,30,Female,2,36.0,75.0,27.0,52.0,61.0,31.72,-16.0,14.0,-4.719999999999999,2,0,17,0.0090875000357627,0.3333333333333333
34,Random,1,5,16,1,0,Right,1.6115,,,8,0,6.524800000190735,0,3,1.4089000000953675,2.2335999999046328,0,30,Female,2,23.0,12.0,2.76,26.0,6.0,1.56,-3.0,6.0,1.1999999999999995,4,0,5,0.184399999976158,0.3333333333333333
34,Random,2,21,17,1,0,Right,1.1539000000953674,,,8,0,5.774699999809265,0,3,1.105300000190735,2.554900000095367,0,30,Female,2,31.0,38.0,11.78,46.0,29.0,13.34,-15.0,9.0,-1.5600000000000005,3,0,1,0.2781625000238419,0.3333333333333333
34,Random,3,49,2,0,1,Left,1.2578000001907348,,,8,0,6.967300000190735,0,3,2.1805,2.997599999904633,0,30,Female,2,40.0,63.0,25.2,57.0,58.0,33.059999999999995,-17.0,5.0,-7.859999999999996,1,0,9,0.1290874999761581,0.3333333333333333
34,Random,2,22,21,1,0,Right,1.2386999998092652,,,8,0,4.836099999904633,0,3,1.1299000000953674,1.8285999999046323,0,30,Female,2,26.0,59.0,15.34,36.0,33.0,11.88,-10.0,26.0,3.459999999999999,5,0,2,0.3954875000119209,0.3333333333333333
34,Random,1,12,22,0,1,Right,1.74,,,8,0,5.26739999961853,0,3,3.4655999999046325,5.252400000095367,0,30,Female,2,24.0,95.0,22.8,53.0,71.0,37.63,-29.0,24.0,-14.829999999999998,0,1,12,0.3415750000476837,0.3333333333333333
34,Random,3,54,32,1,0,Right,1.2698000001907348,,,8,0,8.702900000095367,0,3,1.4474000000953675,2.268300000190735,0,30,Female,2,59.0,31.0,18.29,60.0,1.0,0.6,-1.0,30.0,17.689999999999998,7,0,14,0.0878625000119208,0.3333333333333333
34,Random,2,39,33,1,0,Left,1.2836000003814698,,,8,0,6.307400000095368,0,3,0.7803000001907349,2.0629000000953672,0,30,Female,2,57.0,51.0,29.07,62.0,48.0,29.76,-5.0,3.0,-0.6899999999999977,3,1,19,0.211574999988079,0.3333333333333333
34,Random,1,17,4,1,0,Left,1.628199999809265,,,8,0,6.0335,0,3,2.0535,2.8625,0,30,Female,2,72.0,82.0,59.04,73.0,81.0,59.13,-1.0,1.0,-0.0900000000000034,3,1,17,0.2458125,0.3333333333333333
34,Random,3,47,44,1,0,Right,1.0072999997138976,,,8,0,6.991599999904633,0,3,1.3826000003814698,2.289700000286102,0,30,Female,2,19.0,86.0,16.34,45.0,71.0,31.95,-26.0,15.0,-15.61,0,0,7,0.1260500000119209,0.3333333333333333
34,Random,3,46,47,1,0,Right,1.1435,,,8,0,6.250799999713898,0,3,1.1405,1.9425,0,30,Female,2,68.0,30.0,20.4,89.0,16.0,14.24,-21.0,14.0,6.159999999999998,6,0,6,0.2186500000357627,0.3333333333333333
34,Random,3,55,48,1,0,Right,0.9555,,,8,0,8.339199999809265,0,3,1.3180999999046326,2.030199999809265,0,30,Female,2,35.0,68.0,23.8,54.0,43.0,23.22,-19.0,25.0,0.5800000000000018,4,0,15,0.0423999999761581,0.3333333333333333
34,Random,2,34,5,0,1,Left,1.6745,,,8,0,8.603800000190734,0,3,1.931199999809265,2.8694000000953674,0,30,Female,2,72.0,33.0,23.76,98.0,5.0,4.9,-26.0,28.0,18.86,7,0,14,0.0754750000238417,0.3333333333333333
34,Random,2,35,51,1,0,Left,1.728,,,8,0,8.144900000095367,0,4,1.880400000095368,2.6332000002861022,0,30,Female,3,41.0,94.0,38.54,48.0,70.0,33.599999999999994,-7.0,24.0,4.940000000000005,5,1,15,0.0181125000119208,0.3333333333333333
34,Random,1,2,56,0,1,Left,2.2252000002861023,,,8,0,5.595800000190735,0,3,3.7520999999046327,4.432599999904633,0,30,Female,2,62.0,34.0,21.08,86.0,15.0,12.9,-24.0,19.0,8.180000000000001,6,0,2,0.3005249999761581,0.3333333333333333
34,Random,1,6,57,1,0,Left,2.192,,,8,0,6.08839999961853,0,3,1.501,2.346699999809265,0,30,Female,2,59.0,94.0,55.46,86.0,89.0,76.54,-27.0,5.0,-21.080000000000013,0,1,6,0.2389500000476837,0.3333333333333333
34,Random,2,30,59,1,0,Left,1.8588000001907348,,,8,0,8.773400000095368,0,3,1.7034000000953675,2.5954000000953674,0,30,Female,2,8.0,64.0,5.12,25.0,34.0,8.5,-17.0,30.0,-3.38,2,1,10,0.0966750000119209,0.3333333333333333
34,Random,1,14,10,0,1,Right,2.1827999997138976,,,10,0,5.9455,0,3,2.044199999809265,2.753,0,30,Female,2,5.0,55.0,2.75,35.0,36.0,12.6,-30.0,19.0,-9.85,1,1,14,0.40545,0.3333333333333333
34,Random,3,58,11,0,1,Left,1.1857000002861022,,,10,0,9.652300000190737,0,4,1.4453000001907348,3.5330999999046324,0,30,Female,3,72.0,85.0,61.2,86.0,66.0,56.760000000000005,-14.0,19.0,4.439999999999991,5,0,18,0.0347699999809263,0.3333333333333333
34,Random,2,23,14,0,1,Right,1.4595999999046323,,,10,0,7.869199999809265,0,3,0.6899000000953674,1.5114000000953671,0,30,Female,2,33.0,61.0,20.13,51.0,44.0,22.44,-18.0,17.0,-2.3100000000000023,2,1,3,0.2130800000190735,0.3333333333333333
34,Random,3,53,20,1,0,Right,1.0135,,,10,0,8.370900000095368,0,3,0.9174000000953676,1.6782000002861024,0,30,Female,2,35.0,24.0,8.4,65.0,14.0,9.1,-30.0,10.0,-0.7000000000000011,3,0,13,0.1629099999904632,0.3333333333333333
34,Random,1,3,23,1,0,Right,1.147300000190735,,,10,0,5.909400000095367,0,3,1.8665999999046323,2.610699999809265,0,30,Female,2,52.0,36.0,18.72,63.0,27.0,17.01,-11.0,9.0,1.7099999999999973,4,0,3,0.4090599999904633,0.3333333333333333
34,Random,1,18,26,1,0,Right,1.6755999999046325,,,10,0,10.352899999618533,0,3,1.781,2.8065999999046327,0,30,Female,2,95.0,74.0,70.3,97.0,49.0,47.53,-2.0,25.0,22.77,7,0,18,0.0352899999618532,0.3333333333333333
34,Random,3,48,27,0,1,Left,1.6137999997138976,Left,1.9022999997138976,10,0,7.737299999713898,0,3,3.5040999999046325,4.418199999809265,0,30,Female,2,18.0,49.0,8.82,23.0,29.0,6.67,-5.0,20.0,2.1500000000000004,5,0,8,0.2262700000286102,0.3333333333333333
34,Random,2,33,29,0,1,Left,1.6934000000953675,,,10,0,8.360200000286103,0,4,1.3120999999046326,2.055,0,30,Female,3,64.0,32.0,20.48,69.0,4.0,2.76,-5.0,28.0,17.72,7,0,13,0.1639799999713897,0.3333333333333333
34,Random,1,15,30,1,0,Left,1.4693000001907348,,,10,0,10.300099999904631,0,4,1.5785999999046323,2.3730999999046327,0,30,Female,3,71.0,82.0,58.22,80.0,78.0,62.400000000000006,-9.0,4.0,-4.180000000000007,2,1,15,0.0300099999904631,0.3333333333333333
34,Random,3,51,31,0,1,Right,1.3009000000953674,,,10,0,10.044099999904631,0,3,0.0,3.378300000190735,0,30,Female,2,59.0,23.0,13.57,74.0,22.0,16.28,-15.0,1.0,-2.710000000000001,2,1,11,0.0044099999904631,0.3333333333333333
34,Random,3,57,38,0,1,Left,1.1701999998092651,,,10,0,9.60260000038147,0,3,1.9085999999046328,2.741800000190735,0,30,Female,2,43.0,54.0,23.22,63.0,45.0,28.35,-20.0,9.0,-5.129999999999999,1,0,17,0.039739999961853,0.3333333333333333
34,Random,2,25,40,0,1,Right,1.8605,,,10,0,8.882199999809265,0,3,2.2365,3.190400000095368,0,30,Female,2,30.0,41.0,12.3,60.0,35.0,21.0,-30.0,6.0,-8.700000000000001,1,1,5,0.1117800000190735,0.3333333333333333
34,Random,1,16,41,0,1,Left,1.5825,,,10,0,8.9495,0,4,1.144,1.913400000095368,0,30,Female,3,35.0,40.0,14.0,48.0,10.0,4.800000000000001,-13.0,30.0,9.2,6,0,16,0.1050499999999999,0.3333333333333333
34,Random,3,42,45,1,0,Right,1.2952999997138976,,,10,0,7.707600000381469,0,3,1.4817000002861025,2.2509000000953674,0,30,Female,2,52.0,92.0,47.84,72.0,91.0,65.52,-20.0,1.0,-17.679999999999993,0,0,2,0.229239999961853,0.3333333333333333
34,Random,1,19,49,0,1,Right,1.3997999997138977,,,10,0,11.4405,0,4,1.8433999996185304,2.86139999961853,0,30,Female,3,69.0,87.0,60.03,99.0,86.0,85.14,-30.0,1.0,-25.11,0,1,19,0.14405,0.3333333333333333
34,Random,1,7,52,0,1,Left,1.3035,,,10,0,8.198200000286102,0,3,1.3146999998092652,2.1720999999046327,0,30,Female,2,62.0,92.0,57.04,83.0,62.0,51.46,-21.0,30.0,5.579999999999998,5,0,7,0.1801799999713898,0.3333333333333333
34,Random,3,44,53,0,1,Left,1.243400000095367,,,10,0,9.056800000190735,0,4,1.0364000000953677,1.7973000001907349,0,30,Female,3,69.0,28.0,19.32,81.0,23.0,18.630000000000003,-12.0,5.0,0.6899999999999977,4,0,4,0.0943199999809264,0.3333333333333333
34,Random,1,9,54,1,0,Right,1.4930999999046326,,,10,0,6.850799999713898,0,3,2.042300000190735,2.7310999999046324,0,30,Female,2,47.0,37.0,17.39,77.0,23.0,17.71,-30.0,14.0,-0.3200000000000003,3,0,9,0.3149200000286102,0.3333333333333333
34,Random,2,38,8,0,1,Left,1.1573000001907348,,,10,0,7.415199999809265,0,4,2.0885,2.8315,0,30,Female,3,65.0,49.0,31.85,71.0,33.0,23.43,-6.0,16.0,8.419999999999998,6,0,18,0.2584800000190735,0.3333333333333333
34,Random,1,20,9,1,0,Right,1.7082999997138977,,,10,0,11.622400000095368,0,3,0.9906999998092652,1.831699999809265,0,30,Female,2,39.0,66.0,25.74,40.0,50.0,20.0,-1.0,16.0,5.740000000000002,6,0,20,0.1622400000095368,0.3333333333333333
35,Random,1,15,1,1,0,Left,2.5835,,,6,0,4.010599999904633,0,2,1.583100000143051,2.787100000143051,0,48,Female,1,18.0,44.0,7.92,40.0,39.0,15.6,-22.0,5.0,-7.6800000000000015,1,1,15,0.3315666666825612,0.2666666666666666
35,Random,1,17,18,0,1,Left,2.1302000000476835,,,6,0,4.724200000047683,0,2,2.4927999999523163,3.433900000095367,0,48,Female,1,73.0,32.0,23.36,82.0,2.0,1.64,-9.0,30.0,21.72,7,0,17,0.2126333333253861,0.2666666666666666
35,Random,1,5,19,0,1,Left,2.1925,,,6,0,4.319799999952316,0,2,2.2816999998092653,2.953099999904633,0,48,Female,1,24.0,74.0,17.759999999999998,25.0,64.0,16.0,-1.0,10.0,1.759999999999998,5,0,5,0.2800333333412806,0.2666666666666666
35,Random,2,23,24,0,1,Right,2.6502999999523165,,,6,0,4.044099999904633,0,4,1.6793999998569489,2.9902999999523163,0,48,Female,3,7.0,96.0,6.72,37.0,66.0,24.42,-30.0,30.0,-17.700000000000003,0,1,3,0.3259833333492278,0.2666666666666666
35,Random,3,55,25,1,0,Right,2.1222000000476835,,,6,0,4.621600000143051,0,2,1.072,2.056699999809265,0,48,Female,1,52.0,96.0,49.92,55.0,83.0,45.65,-3.0,13.0,4.270000000000003,5,0,15,0.2297333333094915,0.2666666666666666
35,Random,2,28,28,0,1,Left,3.2377999999523164,,,6,0,3.873900000095368,0,4,1.3687999999523164,2.4345,0,48,Female,3,11.0,72.0,7.92,33.0,45.0,14.85,-22.0,27.0,-6.93,1,0,8,0.3543499999841053,0.2666666666666666
35,Random,3,49,3,1,0,Right,3.776,,,6,0,4.235299999952316,0,3,1.609,2.503300000190735,0,48,Female,2,76.0,72.0,54.72,99.0,48.0,47.52,-23.0,24.0,7.200000000000003,6,0,9,0.294116666674614,0.2666666666666666
35,Random,2,21,34,1,0,Right,3.7415999999046328,,,6,0,4.902299999952317,0,3,3.2420999999046325,4.6015,0,48,Female,2,27.0,60.0,16.2,36.0,41.0,14.76,-9.0,19.0,1.4399999999999995,4,0,1,0.1829500000079472,0.2666666666666666
35,Random,1,4,35,0,1,Left,2.5538999998569487,,,6,0,5.499900000095368,0,3,2.202200000047684,3.3295999999046324,0,48,Female,2,36.0,37.0,13.32,51.0,10.0,5.1000000000000005,-15.0,27.0,8.219999999999999,6,0,4,0.0833499999841052,0.2666666666666666
35,Random,2,24,36,0,1,Left,3.488600000143052,,,6,0,3.643200000047684,0,4,1.6963999998569488,2.7190999999046324,0,48,Female,3,75.0,31.0,23.25,96.0,14.0,13.44,-21.0,17.0,9.81,7,0,4,0.3927999999920527,0.2666666666666666
35,Random,2,25,37,0,1,Left,2.9025,,,6,0,4.000900000095368,0,4,1.8750999999046325,2.9648999998569487,0,48,Female,3,48.0,35.0,16.799999999999997,61.0,19.0,11.59,-13.0,16.0,5.209999999999997,5,0,5,0.3331833333174387,0.2666666666666666
35,Random,1,12,39,0,1,Left,4.9191999998092655,,,6,0,3.7895,0,4,1.1592000000476836,2.423299999952316,0,48,Female,3,36.0,68.0,24.48,55.0,48.0,26.4,-19.0,20.0,-1.9199999999999984,2,0,12,0.3684166666666666,0.2666666666666666
35,Random,3,53,42,0,1,Left,2.092700000047684,,,6,0,4.992,0,3,2.0287999999523163,2.8950999999046325,0,48,Female,2,50.0,89.0,44.5,66.0,67.0,44.220000000000006,-16.0,22.0,0.279999999999994,4,0,13,0.168,0.2666666666666666
35,Random,2,31,43,1,0,Left,3.9273999998569487,,,6,0,3.917600000143051,0,4,1.1537000000476838,2.2377999999523164,0,48,Female,3,17.0,73.0,12.41,42.0,63.0,26.46,-25.0,10.0,-14.05,0,1,11,0.3470666666428248,0.2666666666666666
35,Random,1,19,46,1,0,Right,2.514799999952316,,,6,0,5.941299999952316,0,3,3.550399999856949,4.4535,0,48,Female,2,78.0,38.0,29.64,90.0,15.0,13.5,-12.0,23.0,16.14,7,0,19,0.0097833333412806,0.2666666666666666
35,Random,1,1,50,0,1,Right,3.382599999904633,,,6,0,5.087100000143051,0,3,3.2255,4.210700000047684,0,48,Female,2,2.0,34.0,0.68,29.0,13.0,3.77,-27.0,21.0,-3.09,2,1,1,0.1521499999761581,0.2666666666666666
35,Random,1,13,55,1,0,Right,3.215600000143051,,,6,0,3.984099999904633,0,4,2.596200000047684,4.276300000190735,0,48,Female,3,35.0,92.0,32.2,41.0,81.0,33.21,-6.0,11.0,-1.009999999999998,3,0,13,0.3359833333492278,0.2666666666666666
35,Random,2,30,6,0,1,Left,1.948700000047684,,,6,0,4.572700000047684,0,3,1.4372999999523164,2.5965999999046327,0,48,Female,2,41.0,64.0,26.24,52.0,51.0,26.52,-11.0,13.0,-0.2799999999999976,3,0,10,0.237883333325386,0.2666666666666666
35,Random,3,56,60,1,0,Right,2.4098000001907347,,,6,0,5.241400000095368,0,3,1.5957999999523165,2.550200000047684,0,48,Female,2,56.0,75.0,42.0,81.0,74.0,59.94,-25.0,1.0,-17.939999999999998,0,0,16,0.1264333333174387,0.2666666666666666
35,Random,3,41,7,0,1,Right,4.101400000095367,,,6,0,4.153200000047684,0,5,1.3929000000953675,3.7395,0,48,Female,3,61.0,62.0,37.82,69.0,61.0,42.09,-8.0,1.0,-4.269999999999996,2,1,1,0.3077999999920527,0.2666666666666666
35,Random,3,51,12,1,0,Right,2.204100000143052,,,8,0,6.5785,0,2,1.0267999999523163,2.1145,0,48,Female,1,72.0,98.0,70.56,73.0,77.0,56.21,-1.0,21.0,14.35,7,0,11,0.1776875,0.2666666666666666
35,Random,3,58,13,0,1,Left,3.649900000095368,,,8,0,5.446900000095368,0,3,1.7833000001907349,5.616,0,48,Female,2,73.0,49.0,35.77,81.0,42.0,34.02,-8.0,7.0,1.75,4,0,18,0.319137499988079,0.2666666666666666
35,Random,3,59,15,0,1,Left,3.958399999856949,,,8,0,5.523600000143051,0,4,1.5908000001907348,2.3834000000953672,0,48,Female,3,36.0,75.0,27.0,52.0,61.0,31.72,-16.0,14.0,-4.719999999999999,2,0,19,0.3095499999821186,0.2666666666666666
35,Random,3,52,16,0,1,Left,2.362899999856949,,,8,0,6.9148999998569485,0,2,1.3785999999046326,2.077400000095368,0,48,Female,1,23.0,12.0,2.76,26.0,6.0,1.56,-3.0,6.0,1.1999999999999995,4,0,12,0.1356375000178814,0.2666666666666666
35,Random,1,16,17,1,0,Right,4.242700000047684,,,8,0,3.8075,0,3,2.137,3.056200000047684,0,48,Female,2,31.0,38.0,11.78,46.0,29.0,13.34,-15.0,9.0,-1.5600000000000005,3,0,16,0.5240625,0.2666666666666666
35,Random,2,38,2,1,0,Left,3.3372999999523163,,,8,0,6.504799999952317,0,3,2.9305,3.8943999998569487,0,48,Female,2,40.0,63.0,25.2,57.0,58.0,33.059999999999995,-17.0,5.0,-7.859999999999996,1,1,18,0.1869000000059604,0.2666666666666666
35,Random,3,47,21,1,0,Right,2.250700000047684,,,8,0,7.215700000047684,0,3,1.2387000000476838,2.687600000143051,0,48,Female,2,26.0,59.0,15.34,36.0,33.0,11.88,-10.0,26.0,3.459999999999999,5,0,7,0.0980374999940395,0.2666666666666666
35,Random,3,42,22,1,0,Left,4.317700000047684,,,8,0,5.831799999952317,0,5,2.3565999999046325,3.4740999999046327,0,48,Female,3,24.0,95.0,22.8,53.0,71.0,37.63,-29.0,24.0,-14.829999999999998,0,1,2,0.2710250000059604,0.2666666666666666
35,Random,2,37,32,1,0,Right,2.088400000095368,,,8,0,6.410300000190735,0,2,1.1549000000953675,1.959700000047684,0,48,Female,1,59.0,31.0,18.29,60.0,1.0,0.6,-1.0,30.0,17.689999999999998,7,0,17,0.1987124999761581,0.2666666666666666
35,Random,3,45,33,0,1,Left,3.5,,,8,0,6.522099999904633,0,3,1.212100000143051,2.369200000047684,0,48,Female,2,57.0,51.0,29.07,62.0,48.0,29.76,-5.0,3.0,-0.6899999999999977,3,0,5,0.1847375000119209,0.2666666666666666
35,Random,2,40,4,0,1,Left,4.062,,,8,0,6.549900000095367,0,2,3.057399999856949,4.386799999952316,0,48,Female,1,72.0,82.0,59.04,73.0,81.0,59.13,-1.0,1.0,-0.0900000000000034,3,0,20,0.181262499988079,0.2666666666666666
35,Random,1,6,47,1,0,Right,3.869700000047684,,,8,0,5.979600000143051,0,3,4.140700000047684,5.154899999856949,0,48,Female,2,68.0,30.0,20.4,89.0,16.0,14.24,-21.0,14.0,6.159999999999998,6,0,6,0.2525499999821186,0.2666666666666666
35,Random,1,11,48,0,1,Left,3.4075999999046327,,,8,0,5.929,0,3,1.437,3.2095,0,48,Female,2,35.0,68.0,23.8,54.0,43.0,23.22,-19.0,25.0,0.5800000000000018,4,0,11,0.2588749999999999,0.2666666666666666
35,Random,3,60,5,1,0,Right,1.9653000001907348,,,8,0,4.6825,0,3,1.4589000000953674,2.9366000001430512,0,48,Female,2,72.0,33.0,23.76,98.0,5.0,4.9,-26.0,28.0,18.86,7,0,20,0.4146875,0.2666666666666666
35,Random,2,26,51,1,0,Right,2.713700000047684,,,8,0,5.392300000190735,0,3,1.9656999998092648,3.4185999999046324,0,48,Female,2,41.0,94.0,38.54,48.0,70.0,33.599999999999994,-7.0,24.0,4.940000000000005,5,0,6,0.3259624999761581,0.2666666666666666
35,Random,1,8,56,0,1,Left,3.5415999999046326,,,8,0,5.869100000143051,0,3,1.845900000095368,2.952700000047684,0,48,Female,2,62.0,34.0,21.08,86.0,15.0,12.9,-24.0,19.0,8.180000000000001,6,0,8,0.2663624999821186,0.2666666666666666
35,Random,3,46,57,1,0,Left,2.8535,,,8,0,8.158799999952317,0,4,1.5492000000476838,3.423400000095368,0,48,Female,3,59.0,94.0,55.46,86.0,89.0,76.54,-27.0,5.0,-21.080000000000013,0,1,6,0.0198499999940395,0.2666666666666666
35,Random,2,34,58,0,1,Right,3.525,,,8,0,6.137200000047684,0,2,1.2057999999523163,2.1300999999046324,0,48,Female,1,36.0,54.0,19.44,48.0,53.0,25.44,-12.0,1.0,-6.0,1,1,14,0.2328499999940395,0.2666666666666666
35,Random,1,3,59,1,0,Right,3.852699999809265,,,8,0,4.971399999856949,0,3,1.4093999998569489,2.53,0,48,Female,2,8.0,64.0,5.12,25.0,34.0,8.5,-17.0,30.0,-3.38,2,0,3,0.3785750000178813,0.2666666666666666
35,Random,2,36,10,1,0,Left,3.827200000047684,,,10,0,8.620900000095368,0,4,2.8275999999046326,4.183899999856949,0,48,Female,3,5.0,55.0,2.75,35.0,36.0,12.6,-30.0,19.0,-9.85,1,1,16,0.1379099999904632,0.2666666666666666
35,Random,3,48,11,0,1,Left,2.57,,,10,0,7.355599999904633,0,3,1.796,3.090100000143051,0,48,Female,2,72.0,85.0,61.2,86.0,66.0,56.760000000000005,-14.0,19.0,4.439999999999991,5,0,8,0.2644400000095367,0.2666666666666666
35,Random,3,43,14,1,0,Right,3.3054000000953674,,,10,0,7.6717999999523165,0,3,1.2965999999046325,2.5538999998569487,0,48,Female,2,33.0,61.0,20.13,51.0,44.0,22.44,-18.0,17.0,-2.3100000000000023,2,0,3,0.2328200000047683,0.2666666666666666
35,Random,1,7,20,1,0,Right,4.836099999904633,,,10,0,6.096799999952316,0,3,1.6337999999523165,2.8845,0,48,Female,2,35.0,24.0,8.4,65.0,14.0,9.1,-30.0,10.0,-0.7000000000000011,3,0,7,0.3903200000047683,0.2666666666666666
35,Random,2,35,23,1,0,Right,3.732900000095368,,,10,0,8.225700000047684,0,3,2.4147999999523164,3.522199999809265,0,48,Female,2,52.0,36.0,18.72,63.0,27.0,17.01,-11.0,9.0,1.7099999999999973,4,0,15,0.1774299999952315,0.2666666666666666
35,Random,3,44,26,1,0,Right,3.1085999999046328,,,10,0,7.134299999952316,0,3,1.3552999999523163,2.5195,0,48,Female,2,95.0,74.0,70.3,97.0,49.0,47.53,-2.0,25.0,22.77,7,0,4,0.2865700000047684,0.2666666666666666
35,Random,1,20,27,1,0,Right,2.4270999999046325,,,10,0,6.838700000047684,0,3,1.8425999999046323,2.888799999952316,0,48,Female,2,18.0,49.0,8.82,23.0,29.0,6.67,-5.0,20.0,2.1500000000000004,5,0,20,0.3161299999952316,0.2666666666666666
35,Random,2,33,29,0,1,Left,1.8208999998569488,,,10,0,7.606600000143051,0,2,1.2345,2.6545,0,48,Female,1,64.0,32.0,20.48,69.0,4.0,2.76,-5.0,28.0,17.72,7,0,13,0.2393399999856948,0.2666666666666666
35,Random,3,57,30,1,0,Right,2.594700000047684,,,10,0,6.533599999904633,0,3,1.1272999999523163,2.3590999999046325,0,48,Female,2,71.0,82.0,58.22,80.0,78.0,62.400000000000006,-9.0,4.0,-4.180000000000007,2,0,17,0.3466400000095367,0.2666666666666666
35,Random,1,14,31,1,0,Left,2.4797999999523164,,,10,0,7.5975,0,3,2.278,3.8895,0,48,Female,2,59.0,23.0,13.57,74.0,22.0,16.28,-15.0,1.0,-2.710000000000001,2,1,14,0.24025,0.2666666666666666
35,Random,2,39,38,1,0,Right,4.373099999904633,,,10,0,8.4625,0,4,1.7342999999523163,2.6148999998569487,0,48,Female,3,43.0,54.0,23.22,63.0,45.0,28.35,-20.0,9.0,-5.129999999999999,1,0,19,0.1537499999999999,0.2666666666666666
35,Random,2,22,40,1,0,Left,3.723799999952316,,,10,0,5.4725,0,4,2.060700000047684,3.215100000143051,0,48,Female,3,30.0,41.0,12.3,60.0,35.0,21.0,-30.0,6.0,-8.700000000000001,1,1,2,0.45275,0.2666666666666666
35,Random,3,50,41,0,1,Left,1.895700000047684,,,10,0,7.096299999952317,0,3,1.3995,2.560100000143051,0,48,Female,2,35.0,40.0,14.0,48.0,10.0,4.800000000000001,-13.0,30.0,9.2,6,0,10,0.2903700000047683,0.2666666666666666
35,Random,1,18,45,0,1,Right,2.2875,,,10,0,8.613200000047684,0,2,2.012100000143051,3.0708000001907347,0,48,Female,1,52.0,92.0,47.84,72.0,91.0,65.52,-20.0,1.0,-17.679999999999993,0,1,18,0.1386799999952316,0.2666666666666666
35,Random,1,2,49,1,0,Left,2.995299999952316,,,10,0,6.815799999952317,0,2,2.013600000143051,3.203300000190735,0,48,Female,1,69.0,87.0,60.03,99.0,86.0,85.14,-30.0,1.0,-25.11,0,1,2,0.3184200000047683,0.2666666666666666
35,Random,2,27,52,1,0,Right,2.8745999999046328,,,10,0,6.224700000047684,0,3,1.5602000000476837,2.963400000095368,0,48,Female,2,62.0,92.0,57.04,83.0,62.0,51.46,-21.0,30.0,5.579999999999998,5,0,7,0.3775299999952316,0.2666666666666666
35,Random,1,10,53,1,0,Left,2.9122999999523165,,,10,0,6.859900000095368,0,3,2.8054000000953674,3.878700000047684,0,48,Female,2,69.0,28.0,19.32,81.0,23.0,18.630000000000003,-12.0,5.0,0.6899999999999977,4,1,10,0.3140099999904632,0.2666666666666666
35,Random,2,32,54,1,0,Right,3.229899999856949,,,10,0,8.6955,0,4,1.904799999952316,2.968600000143052,0,48,Female,3,47.0,37.0,17.39,77.0,23.0,17.71,-30.0,14.0,-0.3200000000000003,3,0,12,0.1304500000000001,0.2666666666666666
35,Random,1,9,8,1,0,Right,2.8374000000953674,,,10,0,7.623700000047684,0,3,3.337900000095368,4.330900000095367,0,48,Female,2,65.0,49.0,31.85,71.0,33.0,23.43,-6.0,16.0,8.419999999999998,6,0,9,0.2376299999952316,0.2666666666666666
36,Random,1,10,18,0,1,Left,1.4814000000022352,,,6,0,5.75,0,3,0.519699999999255,0.8126999999992549,1,42,Female,2,73.0,32.0,23.36,82.0,2.0,1.64,-9.0,30.0,21.72,7,0,10,0.0416666666666666,0.4666666666666667
36,Random,3,58,19,0,1,Left,2.36339999999851,,,6,0,4.99989999999851,0,3,1.9164000000022352,2.3116000000014902,1,42,Female,2,24.0,74.0,17.759999999999998,25.0,64.0,16.0,-1.0,10.0,1.759999999999998,5,0,18,0.1666833333335816,0.4666666666666667
36,Random,2,24,24,0,1,Right,2.8847000000029803,,,6,0,6.711300000000745,0,2,7.342,7.9741999999992546,1,42,Female,1,7.0,96.0,6.72,37.0,66.0,24.42,-30.0,30.0,-17.700000000000003,0,1,4,0.1185500000001241,0.4666666666666667
36,Random,3,43,25,0,1,Left,2.11420000000298,,,6,0,6.246,0,3,2.098800000000745,2.57,1,42,Female,2,52.0,96.0,49.92,55.0,83.0,45.65,-3.0,13.0,4.270000000000003,5,0,3,0.041,0.4666666666666667
36,Random,1,14,28,0,1,Right,1.93020000000298,,,6,0,5.6645,0,3,1.5459000000022352,1.8487000000029803,1,42,Female,2,11.0,72.0,7.92,33.0,45.0,14.85,-22.0,27.0,-6.93,1,1,14,0.0559166666666666,0.4666666666666667
36,Random,1,18,3,1,0,Right,3.303800000000745,,,6,0,4.23839999999851,0,2,1.4165,1.68160000000149,1,42,Female,1,76.0,72.0,54.72,99.0,48.0,47.52,-23.0,24.0,7.200000000000003,6,0,18,0.2936000000002483,0.4666666666666667
36,Random,3,55,34,1,0,,2.008199999999255,,,6,0,4.521199999999255,1,3,1.1785999999977648,1.55989999999851,1,42,Female,2,27.0,60.0,16.2,36.0,41.0,14.76,-9.0,19.0,1.4399999999999995,4,0,15,0.2464666666667908,0.4666666666666667
36,Random,3,57,35,1,0,Right,2.451699999999255,,,6,0,4.582800000000745,0,3,0.6651000000014902,1.0895,1,42,Female,2,36.0,37.0,13.32,51.0,10.0,5.1000000000000005,-15.0,27.0,8.219999999999999,6,0,17,0.2361999999998758,0.4666666666666667
36,Random,1,11,36,1,0,Right,2.04910000000149,,,6,0,5.594300000000745,0,2,1.340800000000745,1.5635999999977648,1,42,Female,1,75.0,31.0,23.25,96.0,14.0,13.44,-21.0,17.0,9.81,7,0,11,0.0676166666665425,0.4666666666666667
36,Random,3,51,37,1,0,Left,4.8536000000014905,,,6,0,5.12460000000149,0,3,4.697099999997765,5.151,1,42,Female,2,48.0,35.0,16.799999999999997,61.0,19.0,11.59,-13.0,16.0,5.209999999999997,5,1,11,0.1458999999997516,0.4666666666666667
36,Random,1,12,39,1,0,Right,2.985900000002235,,,6,0,5.740599999997765,0,3,0.573800000000745,0.8691000000014901,1,42,Female,2,36.0,68.0,24.48,55.0,48.0,26.4,-19.0,20.0,-1.9199999999999984,2,0,12,0.0432333333337058,0.4666666666666667
36,Random,3,45,42,0,1,Right,3.02039999999851,,,6,0,4.702400000002236,0,3,0.8690999999977648,1.38439999999851,1,42,Female,2,50.0,89.0,44.5,66.0,67.0,44.220000000000006,-16.0,22.0,0.279999999999994,4,1,5,0.2162666666662939,0.4666666666666667
36,Random,2,33,43,0,1,Right,2.17160000000149,,,6,0,3.4375,0,3,1.3507000000029803,2.070400000002236,1,42,Female,2,17.0,73.0,12.41,42.0,63.0,26.46,-25.0,10.0,-14.05,0,1,13,0.4270833333333333,0.4666666666666667
36,Random,3,50,50,1,0,Left,3.809099999997765,,,6,0,4.054800000000745,0,3,2.0793999999985098,2.521,1,42,Female,2,2.0,34.0,0.68,29.0,13.0,3.77,-27.0,21.0,-3.09,2,1,10,0.3241999999998757,0.4666666666666667
36,Random,3,44,55,0,1,Left,2.52660000000149,,,6,0,4.482800000000745,0,3,0.8968999999985099,1.419,1,42,Female,2,35.0,92.0,32.2,41.0,81.0,33.21,-6.0,11.0,-1.009999999999998,3,0,4,0.2528666666665424,0.4666666666666667
36,Random,3,53,60,1,0,Left,1.757300000000745,,,6,0,4.65660000000149,0,3,0.7219000000022352,1.30110000000149,1,42,Female,2,56.0,75.0,42.0,81.0,74.0,59.94,-25.0,1.0,-17.939999999999998,0,1,13,0.2238999999997516,0.4666666666666667
36,Random,2,27,7,1,0,Left,2.9085,,,6,0,4.80660000000149,0,3,1.276099999997765,2.048699999999255,1,42,Female,2,61.0,62.0,37.82,69.0,61.0,42.09,-8.0,1.0,-4.269999999999996,2,1,7,0.1988999999997517,0.4666666666666667
36,Random,2,34,12,0,1,Left,3.29489999999851,,,8,0,6.335800000000745,0,3,0.9698000000007452,1.47810000000149,1,42,Female,2,72.0,98.0,70.56,73.0,77.0,56.21,-1.0,21.0,14.35,7,0,14,0.2080249999999068,0.4666666666666667
36,Random,2,31,13,0,1,Left,3.802699999999255,,,8,0,7.7325,0,2,6.31560000000149,6.899300000000745,1,42,Female,1,73.0,49.0,35.77,81.0,42.0,34.02,-8.0,7.0,1.75,4,0,11,0.0334375,0.4666666666666667
36,Random,1,13,15,0,1,Right,2.9765,,,8,0,6.552800000000745,0,2,1.315800000000745,1.55260000000149,1,42,Female,1,36.0,75.0,27.0,52.0,61.0,31.72,-16.0,14.0,-4.719999999999999,2,1,13,0.1808999999999069,0.4666666666666667
36,Random,2,35,16,1,0,Right,2.8745,,,8,0,7.10760000000149,0,2,1.948300000000745,2.3647000000029803,1,42,Female,1,23.0,12.0,2.76,26.0,6.0,1.56,-3.0,6.0,1.1999999999999995,4,0,15,0.1115499999998137,0.4666666666666667
36,Random,1,17,2,0,1,Right,2.577,,,8,0,6.411400000002235,0,2,1.2769000000022352,1.5933000000007451,1,42,Female,1,40.0,63.0,25.2,57.0,58.0,33.059999999999995,-17.0,5.0,-7.859999999999996,1,1,17,0.1985749999997206,0.4666666666666667
36,Random,1,8,21,0,1,Left,7.481800000000745,,,8,0,6.920199999999255,0,3,0.0,2.76229999999702,1,42,Female,2,26.0,59.0,15.34,36.0,33.0,11.88,-10.0,26.0,3.459999999999999,5,0,8,0.1349750000000931,0.4666666666666667
36,Random,2,28,22,0,1,Right,2.97789999999851,,,8,0,7.339200000002981,0,3,1.2396999999992548,1.84929999999702,1,42,Female,2,24.0,95.0,22.8,53.0,71.0,37.63,-29.0,24.0,-14.829999999999998,0,1,8,0.0825999999996274,0.4666666666666667
36,Random,2,37,32,1,0,Right,1.6366999999992549,,,8,0,7.161900000002235,0,2,1.7325,2.25260000000149,1,42,Female,1,59.0,31.0,18.29,60.0,1.0,0.6,-1.0,30.0,17.689999999999998,7,0,17,0.1047624999997206,0.4666666666666667
36,Random,2,25,33,1,0,Left,5.45389999999851,,,8,0,8.4555,0,3,25.210300000000743,25.77990000000224,1,42,Female,2,57.0,51.0,29.07,62.0,48.0,29.76,-5.0,3.0,-0.6899999999999977,3,1,5,0.0569375,0.4666666666666667
36,Random,3,41,4,1,0,Right,2.4765,,,8,0,7.79689999999851,0,2,1.8475999999977648,2.272099999997765,1,42,Female,1,72.0,82.0,59.04,73.0,81.0,59.13,-1.0,1.0,-0.0900000000000034,3,0,1,0.0253875000001863,0.4666666666666667
36,Random,3,48,44,1,0,Left,3.128900000002236,,,8,0,6.29839999999851,0,3,1.924300000000745,2.4846000000014903,1,42,Female,2,19.0,86.0,16.34,45.0,71.0,31.95,-26.0,15.0,-15.61,0,1,8,0.2127000000001863,0.4666666666666667
36,Random,3,49,47,1,0,Right,1.9058999999985096,,,8,0,6.712,0,3,2.051699999999255,2.73939999999851,1,42,Female,2,68.0,30.0,20.4,89.0,16.0,14.24,-21.0,14.0,6.159999999999998,6,0,9,0.161,0.4666666666666667
36,Random,1,2,48,1,0,Left,3.989699999999255,,,8,0,6.58820000000298,0,2,1.644300000000745,1.977800000000745,1,42,Female,1,35.0,68.0,23.8,54.0,43.0,23.22,-19.0,25.0,0.5800000000000018,4,1,2,0.1764749999996274,0.4666666666666667
36,Random,1,1,51,1,0,Right,1.8128000000007447,,,8,0,6.738400000002235,0,2,1.818699999999255,2.094699999999255,1,42,Female,1,41.0,94.0,38.54,48.0,70.0,33.599999999999994,-7.0,24.0,4.940000000000005,5,0,1,0.1576999999997206,0.4666666666666667
36,Random,1,6,57,1,0,Left,3.57439999999851,,,8,0,6.92160000000149,0,2,1.6805999999977648,1.935300000000745,1,42,Female,1,59.0,94.0,55.46,86.0,89.0,76.54,-27.0,5.0,-21.080000000000013,0,1,6,0.1347999999998137,0.4666666666666667
36,Random,3,47,59,0,1,Right,3.8845999999977647,,,8,0,8.577,0,3,0.7706000000014901,1.2617000000029803,1,42,Female,2,8.0,64.0,5.12,25.0,34.0,8.5,-17.0,30.0,-3.38,2,1,7,0.072125,0.4666666666666667
36,Random,1,3,10,1,0,Left,2.086699999999255,,,10,0,9.34689999999851,0,2,1.489800000000745,1.795199999999255,1,42,Female,1,5.0,55.0,2.75,35.0,36.0,12.6,-30.0,19.0,-9.85,1,1,3,0.065310000000149,0.4666666666666667
36,Random,2,26,11,1,0,Right,3.9185,,,10,0,8.992300000000744,0,3,1.986,3.222900000002235,1,42,Female,2,72.0,85.0,61.2,86.0,66.0,56.760000000000005,-14.0,19.0,4.439999999999991,5,0,6,0.1007699999999255,0.4666666666666667
36,Random,3,59,14,1,0,Right,2.21710000000149,"Left, Left, Left","4.31560000000149, 4.676699999999255, 4.804",10,0,8.8335,0,3,1.3474000000022353,2.2201000000014903,1,42,Female,2,33.0,61.0,20.13,51.0,44.0,22.44,-18.0,17.0,-2.3100000000000023,2,0,19,0.1166499999999999,0.4666666666666667
36,Random,1,19,20,1,0,Left,3.235,,,10,0,8.32489999999851,0,2,1.4458000000007452,1.945300000000745,1,42,Female,1,35.0,24.0,8.4,65.0,14.0,9.1,-30.0,10.0,-0.7000000000000011,3,1,19,0.1675100000001491,0.4666666666666667
36,Random,2,38,26,0,1,Left,2.138,,,10,0,10.478599999997764,0,2,1.4965,2.01810000000149,1,42,Female,1,95.0,74.0,70.3,97.0,49.0,47.53,-2.0,25.0,22.77,7,0,18,0.0478599999997763,0.4666666666666667
36,Random,1,7,27,1,0,Right,2.595199999999255,,,10,0,9.76420000000298,0,2,1.5775,1.86239999999851,1,42,Female,1,18.0,49.0,8.82,23.0,29.0,6.67,-5.0,20.0,2.1500000000000004,5,0,7,0.023579999999702,0.4666666666666667
36,Random,3,60,29,0,1,Left,2.326800000000745,,,10,0,10.75089999999851,0,3,1.1740999999977648,1.56589999999851,1,42,Female,2,64.0,32.0,20.48,69.0,4.0,2.76,-5.0,28.0,17.72,7,0,20,0.0750899999998509,0.4666666666666667
36,Random,1,4,30,0,1,Left,1.3600999999977648,,,10,0,10.05289999999851,0,2,1.7985,2.0735,1,42,Female,1,71.0,82.0,58.22,80.0,78.0,62.400000000000006,-9.0,4.0,-4.180000000000007,2,0,4,0.005289999999851,0.4666666666666667
36,Random,1,15,31,0,1,Right,1.8585,,,10,0,9.396,0,3,0.0,2.9395,1,42,Female,2,59.0,23.0,13.57,74.0,22.0,16.28,-15.0,1.0,-2.710000000000001,2,1,15,0.0603999999999999,0.4666666666666667
36,Random,3,54,40,1,0,Left,2.008199999999255,,,10,0,10.777400000002237,0,3,1.3965,2.288800000000745,1,42,Female,2,30.0,41.0,12.3,60.0,35.0,21.0,-30.0,6.0,-8.700000000000001,1,1,14,0.0777400000002236,0.4666666666666667
36,Random,2,30,41,1,0,Right,2.229199999999255,,,10,0,9.48460000000149,0,2,2.1145,2.7045,1,42,Female,1,35.0,40.0,14.0,48.0,10.0,4.800000000000001,-13.0,30.0,9.2,6,0,10,0.0515399999998509,0.4666666666666667
36,Random,2,22,45,1,0,Left,1.876199999999255,,,10,0,9.689599999997764,0,2,86.64669999999926,87.35859999999776,1,42,Female,1,52.0,92.0,47.84,72.0,91.0,65.52,-20.0,1.0,-17.679999999999993,0,1,2,0.0310400000002236,0.4666666666666667
36,Random,3,56,49,0,1,Right,2.720199999999255,,,10,0,9.704400000002234,0,3,1.4887999999970198,2.766599999997765,1,42,Female,2,69.0,87.0,60.03,99.0,86.0,85.14,-30.0,1.0,-25.11,0,1,16,0.0295599999997765,0.4666666666666667
36,Random,1,20,52,0,1,Left,7.058199999999255,,,10,0,8.7765,0,2,1.438,1.71460000000149,1,42,Female,1,62.0,92.0,57.04,83.0,62.0,51.46,-21.0,30.0,5.579999999999998,5,0,20,0.1223499999999999,0.4666666666666667
36,Random,2,32,53,1,0,Left,3.3358999999985097,,,10,0,9.938,0,2,2.792099999997765,3.266699999999255,1,42,Female,1,69.0,28.0,19.32,81.0,23.0,18.630000000000003,-12.0,5.0,0.6899999999999977,4,1,12,0.0061999999999999,0.4666666666666667
36,Random,2,39,54,1,0,Left,1.891400000002235,,,10,0,9.74710000000149,0,3,2.30179999999702,3.029099999997765,1,42,Female,2,47.0,37.0,17.39,77.0,23.0,17.71,-30.0,14.0,-0.3200000000000003,3,1,19,0.0252899999998509,0.4666666666666667
36,Random,1,16,8,1,0,Right,3.349,,,10,0,9.21160000000149,0,2,0.0,3.6456000000014894,1,42,Female,1,65.0,49.0,31.85,71.0,33.0,23.43,-6.0,16.0,8.419999999999998,6,0,16,0.078839999999851,0.4666666666666667
36,Random,1,9,9,1,0,Right,2.63010000000149,,,10,0,9.74389999999851,0,3,1.5781000000014902,1.85510000000149,1,42,Female,2,39.0,66.0,25.74,40.0,50.0,20.0,-1.0,16.0,5.740000000000002,6,0,9,0.025610000000149,0.4666666666666667
37,Random,1,17,1,0,1,Right,2.68479999999702,,,6,0,6.1421000000089405,0,3,0.9532000000029802,1.97859999999404,0,35,Female,2,18.0,44.0,7.92,40.0,39.0,15.6,-22.0,5.0,-7.6800000000000015,1,1,17,0.0236833333348234,0.4
37,Random,3,49,19,0,1,Left,2.947199999988079,,,6,0,6.72029999999702,0,1,2.5482000000029803,3.20909999999404,0,35,Female,1,24.0,74.0,17.759999999999998,25.0,64.0,16.0,-1.0,10.0,1.759999999999998,5,0,9,0.1200499999995033,0.4
37,Random,1,16,24,0,1,Right,2.3632000000029803,,,6,0,5.22370000000298,0,2,1.6377000000029802,12.36629999999702,0,35,Female,1,7.0,96.0,6.72,37.0,66.0,24.42,-30.0,30.0,-17.700000000000003,0,1,16,0.1293833333328367,0.4
37,Random,1,5,25,1,0,Right,4.01579999999702,,,6,0,6.132,0,2,6.01629999999702,6.79290000000596,0,35,Female,1,52.0,96.0,49.92,55.0,83.0,45.65,-3.0,13.0,4.270000000000003,5,0,5,0.0219999999999999,0.4
37,Random,3,55,28,1,0,Left,3.01609999999404,,,6,0,5.8965,0,3,2.44529999999702,3.1059000000059607,0,35,Female,2,11.0,72.0,7.92,33.0,45.0,14.85,-22.0,27.0,-6.93,1,1,15,0.01725,0.4
37,Random,1,15,3,1,0,,3.614399999991059,,,6,0,5.8565,1,5,1.9770999999940395,3.02270000000298,0,35,Female,3,76.0,72.0,54.72,99.0,48.0,47.52,-23.0,24.0,7.200000000000003,6,0,15,0.0239166666666667,0.4
37,Random,1,10,34,1,0,Left,4.40659999999404,,,6,0,5.5725,0,4,1.8005999999940396,3.28109999999404,0,35,Female,3,27.0,60.0,16.2,36.0,41.0,14.76,-9.0,19.0,1.4399999999999995,4,1,10,0.07125,0.4
37,Random,3,56,35,1,0,Right,2.666800000011921,,,6,0,6.05129999999702,0,2,1.9472000000029803,2.5559000000059604,0,35,Female,1,36.0,37.0,13.32,51.0,10.0,5.1000000000000005,-15.0,27.0,8.219999999999999,6,0,16,0.0085499999995032,0.4
37,Random,3,51,36,1,0,Right,3.158199999988079,,,6,0,6.20720000000298,0,2,2.432899999991059,3.184199999988079,0,35,Female,1,75.0,31.0,23.25,96.0,14.0,13.44,-21.0,17.0,9.81,7,0,11,0.03453333333383,0.4
37,Random,2,35,37,1,0,Right,2.721,,,6,0,6.76260000000894,0,4,1.18270000000298,2.02579999999702,0,35,Female,3,48.0,35.0,16.799999999999997,61.0,19.0,11.59,-13.0,16.0,5.209999999999997,5,0,15,0.12710000000149,0.4
37,Random,1,4,39,1,0,,4.419100000008941,,,6,0,5.950799999997019,1,4,1.4709000000059604,3.419300000011921,0,35,Female,3,36.0,68.0,24.48,55.0,48.0,26.4,-19.0,20.0,-1.9199999999999984,2,0,4,0.0082000000004967,0.4
37,Random,1,11,42,1,0,Right,2.65,,,6,0,5.2625,0,4,3.1849000000059604,13.10640000000596,0,35,Female,3,50.0,89.0,44.5,66.0,67.0,44.220000000000006,-16.0,22.0,0.279999999999994,4,0,11,0.1229166666666666,0.4
37,Random,2,33,43,1,0,Left,2.0664000000059604,,,6,0,6.855,0,4,0.9610999999940396,1.7735,0,35,Female,3,17.0,73.0,12.41,42.0,63.0,26.46,-25.0,10.0,-14.05,0,1,13,0.1425,0.4
37,Random,3,60,46,1,0,Right,5.07620000000298,,,6,0,5.811,0,2,3.24820000000298,3.868,0,35,Female,1,78.0,38.0,29.64,90.0,15.0,13.5,-12.0,23.0,16.14,7,0,20,0.0315,0.4
37,Random,2,26,50,1,0,Left,3.6604000000059607,,,6,0,6.12520000000298,0,3,1.111199999988079,1.8525,0,35,Female,2,2.0,34.0,0.68,29.0,13.0,3.77,-27.0,21.0,-3.09,2,1,6,0.0208666666671633,0.4
37,Random,3,46,6,0,1,Left,2.451399999991059,,,6,0,5.977599999994039,0,4,0.6728999999910593,1.5260999999940394,0,35,Female,3,41.0,64.0,26.24,52.0,51.0,26.52,-11.0,13.0,-0.2799999999999976,3,0,6,0.0037333333343267,0.4
37,Random,3,58,7,1,0,Left,3.7025,,,6,0,5.88220000000298,0,4,0.6855999999940395,1.4784000000059605,0,35,Female,3,61.0,62.0,37.82,69.0,61.0,42.09,-8.0,1.0,-4.269999999999996,2,1,18,0.0196333333328366,0.4
37,Random,2,40,12,1,0,Right,2.37189999999106,,,8,0,9.37959999999404,0,1,3.09729999999702,3.7575,0,35,Female,1,72.0,98.0,70.56,73.0,77.0,56.21,-1.0,21.0,14.35,7,0,20,0.172449999999255,0.4
37,Random,2,34,13,0,1,Left,3.1238999999910595,,,8,0,7.836699999988079,0,4,1.2928000000119209,2.037300000011921,0,35,Female,3,73.0,49.0,35.77,81.0,42.0,34.02,-8.0,7.0,1.75,4,0,14,0.02041250000149,0.4
37,Random,1,18,15,0,1,Right,3.177,,,8,0,7.589,0,3,2.60259999999404,3.57779999999702,0,35,Female,2,36.0,75.0,27.0,52.0,61.0,31.72,-16.0,14.0,-4.719999999999999,2,1,18,0.0513749999999999,0.4
37,Random,3,44,16,0,1,Left,2.9037000000029805,,,8,0,7.58540000000596,0,3,1.4085999999940395,2.0685,0,35,Female,2,23.0,12.0,2.76,26.0,6.0,1.56,-3.0,6.0,1.1999999999999995,4,0,4,0.051824999999255,0.4
37,Random,2,27,17,1,0,Left,3.061800000011921,,,8,0,8.587,0,4,1.15379999999702,2.18279999999702,0,35,Female,3,31.0,38.0,11.78,46.0,29.0,13.34,-15.0,9.0,-1.5600000000000005,3,1,7,0.0733749999999999,0.4
37,Random,2,28,2,1,0,Left,3.5859000000059607,,,8,0,7.83070000000298,0,4,2.3022000000029803,3.22329999999702,0,35,Female,3,40.0,63.0,25.2,57.0,58.0,33.059999999999995,-17.0,5.0,-7.859999999999996,1,1,8,0.0211624999996274,0.4
37,Random,2,29,21,1,0,Right,3.1060999999940395,,,8,0,8.125,0,4,1.2653999999910592,12.29520000000298,0,35,Female,3,26.0,59.0,15.34,36.0,33.0,11.88,-10.0,26.0,3.459999999999999,5,0,9,0.015625,0.4
37,Random,3,45,22,0,1,Left,2.86970000000298,,,8,0,7.89270000000298,0,4,1.9497000000029805,2.72179999999702,0,35,Female,3,24.0,95.0,22.8,53.0,71.0,37.63,-29.0,24.0,-14.829999999999998,0,0,5,0.0134124999996274,0.4
37,Random,3,53,32,1,0,Right,2.124,,,8,0,7.516699999988079,0,1,2.60329999999702,3.162899999991059,0,35,Female,1,59.0,31.0,18.29,60.0,1.0,0.6,-1.0,30.0,17.689999999999998,7,0,13,0.0604125000014901,0.4
37,Random,1,20,33,0,1,Left,3.87629999999702,,,8,0,7.294100000008941,0,4,1.3401000000089407,2.397,0,35,Female,3,57.0,51.0,29.07,62.0,48.0,29.76,-5.0,3.0,-0.6899999999999977,3,0,20,0.0882374999988824,0.4
37,Random,1,6,4,0,1,Left,3.7265,,,8,0,7.335299999997019,0,4,6.827800000011921,8.88570000000298,0,35,Female,3,72.0,82.0,59.04,73.0,81.0,59.13,-1.0,1.0,-0.0900000000000034,3,0,6,0.0830875000003725,0.4
37,Random,1,12,44,1,0,Left,4.181099999994039,,,8,0,8.61639999999106,0,3,5.495600000008941,6.185800000011921,0,35,Female,2,19.0,86.0,16.34,45.0,71.0,31.95,-26.0,15.0,-15.61,0,1,12,0.0770499999988825,0.4
37,Random,2,24,47,0,1,Left,2.7205,,,8,0,7.638,0,4,2.60829999999702,3.5931000000089406,0,35,Female,3,68.0,30.0,20.4,89.0,16.0,14.24,-21.0,14.0,6.159999999999998,6,0,4,0.04525,0.4
37,Random,1,13,48,0,1,Left,5.687599999994039,,,8,0,6.8515,0,4,4.39179999999702,5.193599999994039,0,35,Female,3,35.0,68.0,23.8,54.0,43.0,23.22,-19.0,25.0,0.5800000000000018,4,0,13,0.1435625,0.4
37,Random,2,36,5,0,1,Left,2.46670000000298,,,8,0,8.58539999999106,0,4,1.458,3.27679999999702,0,35,Female,3,72.0,33.0,23.76,98.0,5.0,4.9,-26.0,28.0,18.86,7,0,16,0.0731749999988824,0.4
37,Random,2,39,51,1,0,Right,2.4765,,,8,0,8.98729999999702,0,4,1.3115,2.1642000000029804,0,35,Female,3,41.0,94.0,38.54,48.0,70.0,33.599999999999994,-7.0,24.0,4.940000000000005,5,0,19,0.1234124999996275,0.4
37,Random,1,2,56,0,1,Left,4.552,,,8,0,6.25470000000298,0,3,3.529,4.43260000000894,0,35,Female,2,62.0,34.0,21.08,86.0,15.0,12.9,-24.0,19.0,8.180000000000001,6,0,2,0.2181624999996274,0.4
37,Random,3,57,57,1,0,Right,2.24909999999404,,,8,0,7.91179999999702,0,2,0.8558000000119209,6.162,0,35,Female,1,59.0,94.0,55.46,86.0,89.0,76.54,-27.0,5.0,-21.080000000000013,0,0,17,0.0110250000003725,0.4
37,Random,3,42,58,1,0,Left,3.9,,,8,0,7.18370000000298,0,3,5.4822000000029805,6.31229999999702,0,35,Female,2,36.0,54.0,19.44,48.0,53.0,25.44,-12.0,1.0,-6.0,1,1,2,0.1020374999996275,0.4
37,Random,2,30,59,0,1,Right,2.84420000000298,,,8,0,7.47240000000596,0,4,2.0004000000059605,3.4289000000059606,0,35,Female,3,8.0,64.0,5.12,25.0,34.0,8.5,-17.0,30.0,-3.38,2,1,10,0.065949999999255,0.4
37,Random,3,48,10,0,1,Right,3.79709999999404,,,10,0,8.648,0,4,1.4152000000029803,2.2077000000029803,0,35,Female,3,5.0,55.0,2.75,35.0,36.0,12.6,-30.0,19.0,-9.85,1,1,8,0.1352,0.4
37,Random,2,23,11,0,1,Left,3.449100000008941,,,10,0,9.34040000000596,0,3,1.57,2.3421000000089407,0,35,Female,2,72.0,85.0,61.2,86.0,66.0,56.760000000000005,-14.0,19.0,4.439999999999991,5,0,3,0.0659599999994039,0.4
37,Random,3,47,14,1,0,Left,4.14679999999702,,,10,0,10.255,0,4,2.477899999991059,3.22989999999106,0,35,Female,3,33.0,61.0,20.13,51.0,44.0,22.44,-18.0,17.0,-2.3100000000000023,2,1,7,0.0255,0.4
37,Random,2,38,20,0,1,Right,4.348199999988079,,,10,0,9.69479999999702,0,5,0.6724000000059605,1.7045999999940395,0,35,Female,3,35.0,24.0,8.4,65.0,14.0,9.1,-30.0,10.0,-0.7000000000000011,3,1,18,0.0305200000002979,0.4
37,Random,2,25,23,0,1,Left,3.455600000008941,,,10,0,10.6245,0,3,1.1077000000029802,1.99720000000298,0,35,Female,2,52.0,36.0,18.72,63.0,27.0,17.01,-11.0,9.0,1.7099999999999973,4,0,5,0.0624499999999999,0.4
37,Random,1,19,26,0,1,Left,3.1469000000059606,,,10,0,7.736700000002981,0,3,6.251900000005961,7.19620000000298,0,35,Female,2,95.0,74.0,70.3,97.0,49.0,47.53,-2.0,25.0,22.77,7,0,19,0.2263299999997019,0.4
37,Random,2,32,27,0,1,Left,3.2095,,,10,0,10.63830000001192,0,4,0.9342999999970196,1.7965,0,35,Female,3,18.0,49.0,8.82,23.0,29.0,6.67,-5.0,20.0,2.1500000000000004,5,0,12,0.063830000001192,0.4
37,Random,1,14,29,0,1,Left,3.614399999991059,,,10,0,9.44,0,4,1.65,2.847399999991059,0,35,Female,3,64.0,32.0,20.48,69.0,4.0,2.76,-5.0,28.0,17.72,7,0,14,0.056,0.4
37,Random,2,31,30,1,0,Right,3.8755,,,10,0,9.534,0,4,0.682,1.4643000000119208,0,35,Female,3,71.0,82.0,58.22,80.0,78.0,62.400000000000006,-9.0,4.0,-4.180000000000007,2,0,11,0.0465999999999999,0.4
37,Random,1,3,31,0,1,Right,4.419100000008941,,,10,0,8.723200000002981,0,4,2.574800000011921,5.358300000011921,0,35,Female,3,59.0,23.0,13.57,74.0,22.0,16.28,-15.0,1.0,-2.710000000000001,2,1,3,0.1276799999997019,0.4
37,Random,1,7,38,1,0,Right,5.39009999999404,,,10,0,9.83429999999702,0,4,2.5525,3.943399999991059,0,35,Female,3,43.0,54.0,23.22,63.0,45.0,28.35,-20.0,9.0,-5.129999999999999,1,0,7,0.016570000000298,0.4
37,Random,1,8,40,0,1,Right,4.19870000000298,,,10,0,7.10859999999404,0,4,3.090100000008941,12.87570000000298,0,35,Female,3,30.0,41.0,12.3,60.0,35.0,21.0,-30.0,6.0,-8.700000000000001,1,1,8,0.289140000000596,0.4
37,Random,3,50,41,1,0,Right,2.07359999999404,,,10,0,10.262,0,2,2.821,3.61309999999404,0,35,Female,1,35.0,40.0,14.0,48.0,10.0,4.800000000000001,-13.0,30.0,9.2,6,0,10,0.0262,0.4
37,Random,2,22,45,1,0,Left,3.639,,,10,0,9.58160000000894,0,5,1.6965,2.47909999999404,0,35,Female,3,52.0,92.0,47.84,72.0,91.0,65.52,-20.0,1.0,-17.679999999999993,0,1,2,0.0418399999991059,0.4
37,Random,3,59,52,1,0,Right,2.9068999999910594,,,10,0,8.56560000000894,0,2,2.709199999988079,3.38779999999702,0,35,Female,1,62.0,92.0,57.04,83.0,62.0,51.46,-21.0,30.0,5.579999999999998,5,0,19,0.1434399999991059,0.4
37,Random,3,43,53,1,0,Left,4.157099999994039,,,10,0,9.67479999999702,0,3,1.6642999999970198,2.335,0,35,Female,2,69.0,28.0,19.32,81.0,23.0,18.630000000000003,-12.0,5.0,0.6899999999999977,4,1,3,0.0325200000002979,0.4
37,Random,3,54,54,0,1,Right,3.386,,,10,0,10.07040000000596,0,3,3.51209999999404,4.233199999988079,0,35,Female,2,47.0,37.0,17.39,77.0,23.0,17.71,-30.0,14.0,-0.3200000000000003,3,1,14,0.007040000000596,0.4
37,Random,3,52,8,0,1,Left,2.70479999999702,,,10,0,10.9065,0,3,2.8864000000059606,3.8203000000119207,0,35,Female,2,65.0,49.0,31.85,71.0,33.0,23.43,-6.0,16.0,8.419999999999998,6,0,12,0.0906499999999999,0.4
37,Random,2,21,9,0,1,Right,3.035,,,10,0,9.75,0,4,2.1070999999940394,2.9595999999940394,0,35,Female,3,39.0,66.0,25.74,40.0,50.0,20.0,-1.0,16.0,5.740000000000002,6,1,1,0.025,0.4
38,Random,3,59,1,1,0,Right,3.84709999999404,,,6,0,5.524300000011921,0,3,0.6984000000059605,1.348800000011921,0,46,Female,2,18.0,44.0,7.92,40.0,39.0,15.6,-22.0,5.0,-7.6800000000000015,1,0,19,0.0792833333313464,0.1666666666666666
38,Random,3,48,18,1,0,Right,2.1116999999880792,,,6,0,5.064,0,2,0.676800000011921,1.477,0,46,Female,1,73.0,32.0,23.36,82.0,2.0,1.64,-9.0,30.0,21.72,7,0,8,0.156,0.1666666666666666
38,Random,3,54,19,0,1,Left,1.992800000011921,,,6,0,4.171800000011921,0,2,0.6134000000059605,1.3634000000059605,0,46,Female,1,24.0,74.0,17.759999999999998,25.0,64.0,16.0,-1.0,10.0,1.759999999999998,5,0,14,0.3046999999980131,0.1666666666666666
38,Random,2,24,24,0,1,Left,4.83940000000596,,,6,0,3.44809999999404,0,4,1.6620999999940396,2.4635,0,46,Female,3,7.0,96.0,6.72,37.0,66.0,24.42,-30.0,30.0,-17.700000000000003,0,0,4,0.42531666666766,0.1666666666666666
38,Random,3,57,25,0,1,Left,1.4320999999940396,,,6,0,6.368199999988079,0,2,0.6736999999880791,1.4070999999940397,0,46,Female,1,52.0,96.0,49.92,55.0,83.0,45.65,-3.0,13.0,4.270000000000003,5,0,17,0.0613666666646797,0.1666666666666666
38,Random,1,20,28,1,0,Right,2.310800000011921,,,6,0,5.7635,0,3,6.91890000000596,7.91940000000596,0,46,Female,2,11.0,72.0,7.92,33.0,45.0,14.85,-22.0,27.0,-6.93,1,0,20,0.0394166666666667,0.1666666666666666
38,Random,3,44,3,0,1,Left,1.9415,,,6,0,4.38409999999404,0,2,2.12259999999404,2.923300000011921,0,46,Female,1,76.0,72.0,54.72,99.0,48.0,47.52,-23.0,24.0,7.200000000000003,6,0,4,0.2693166666676599,0.1666666666666666
38,Random,1,15,34,1,0,Right,2.1059000000059607,,,6,0,5.054599999994039,0,4,2.010200000017881,18.70970000001788,0,46,Female,3,27.0,60.0,16.2,36.0,41.0,14.76,-9.0,19.0,1.4399999999999995,4,0,15,0.1575666666676601,0.1666666666666666
38,Random,3,46,35,0,1,Left,1.782799999982119,,,6,0,7.791199999988079,0,3,0.6653999999761582,1.3490999999940396,0,46,Female,2,36.0,37.0,13.32,51.0,10.0,5.1000000000000005,-15.0,27.0,8.219999999999999,6,0,6,0.2985333333313464,0.1666666666666666
38,Random,3,60,36,0,1,Left,1.825199999988079,,,6,0,4.520300000011921,0,3,0.8188000000119209,1.552,0,46,Female,2,75.0,31.0,23.25,96.0,14.0,13.44,-21.0,17.0,9.81,7,0,20,0.2466166666646798,0.1666666666666666
38,Random,2,23,37,0,1,Left,2.381199999988079,,,6,0,3.49759999999404,0,3,0.6932999999821186,1.4940999999940396,0,46,Female,2,48.0,35.0,16.799999999999997,61.0,19.0,11.59,-13.0,16.0,5.209999999999997,5,0,3,0.4170666666676599,0.1666666666666666
38,Random,3,43,39,0,1,Left,1.8975,,,6,0,6.53609999999404,0,3,1.2205,2.037300000011921,0,46,Female,2,36.0,68.0,24.48,55.0,48.0,26.4,-19.0,20.0,-1.9199999999999984,2,0,3,0.0893499999990066,0.1666666666666666
38,Random,3,51,42,0,1,Left,1.4239000000059605,,,6,0,7.4075,0,2,0.7288000000119209,1.4294000000059606,0,46,Female,1,50.0,89.0,44.5,66.0,67.0,44.220000000000006,-16.0,22.0,0.279999999999994,4,0,11,0.2345833333333332,0.1666666666666666
38,Random,2,27,43,0,1,Left,2.583,,,6,0,5.378299999982119,0,3,1.449300000011921,4.083300000011921,0,46,Female,2,17.0,73.0,12.41,42.0,63.0,26.46,-25.0,10.0,-14.05,0,0,7,0.1036166666696469,0.1666666666666666
38,Random,3,55,46,0,1,Left,1.8732000000178808,,,6,0,4.656300000011921,0,3,1.0539000000059604,1.770799999982119,0,46,Female,2,78.0,38.0,29.64,90.0,15.0,13.5,-12.0,23.0,16.14,7,0,15,0.2239499999980131,0.1666666666666666
38,Random,2,36,50,0,1,Right,3.22459999999404,,,6,0,3.158199999988079,0,3,1.2623000000119209,2.096,0,46,Female,2,2.0,34.0,0.68,29.0,13.0,3.77,-27.0,21.0,-3.09,2,1,16,0.4736333333353201,0.1666666666666666
38,Random,3,41,55,1,0,Right,1.5914000000059605,,,6,0,5.051800000011921,0,2,1.932,2.5979000000059607,0,46,Female,1,35.0,92.0,32.2,41.0,81.0,33.21,-6.0,11.0,-1.009999999999998,3,0,1,0.1580333333313464,0.1666666666666666
38,Random,2,26,6,0,1,Left,2.077,,,6,0,6.433300000011921,0,2,1.5164000000059603,2.4995,0,46,Female,1,41.0,64.0,26.24,52.0,51.0,26.52,-11.0,13.0,-0.2799999999999976,3,0,6,0.0722166666686535,0.1666666666666666
38,Random,1,13,60,0,1,Right,3.0415,,,6,0,3.326699999988079,0,3,4.095199999988079,11.46269999998808,0,46,Female,2,56.0,75.0,42.0,81.0,74.0,59.94,-25.0,1.0,-17.939999999999998,0,1,13,0.4455500000019868,0.1666666666666666
38,Random,2,38,7,0,1,Right,2.293699999988079,,,6,0,5.406800000011921,0,2,0.715300000011921,1.6157000000178814,0,46,Female,1,61.0,62.0,37.82,69.0,61.0,42.09,-8.0,1.0,-4.269999999999996,2,1,18,0.0988666666646798,0.1666666666666666
38,Random,1,6,12,1,0,Right,2.4584000000059603,,,8,0,6.162299999982118,0,1,1.1675,1.93409999999404,0,46,Female,1,72.0,98.0,70.56,73.0,77.0,56.21,-1.0,21.0,14.35,7,0,6,0.2297125000022352,0.1666666666666666
38,Random,3,53,13,1,0,Left,3.673399999976158,,,8,0,4.72359999999404,0,3,0.697,1.4314000000059606,0,46,Female,2,73.0,49.0,35.77,81.0,42.0,34.02,-8.0,7.0,1.75,4,1,13,0.409550000000745,0.1666666666666666
38,Random,1,12,15,1,0,Right,2.274699999988079,,,8,0,4.840800000011921,0,3,1.4734000000059604,2.5078000000119207,0,46,Female,2,36.0,75.0,27.0,52.0,61.0,31.72,-16.0,14.0,-4.719999999999999,2,0,12,0.3948999999985099,0.1666666666666666
38,Random,2,32,16,0,1,Left,2.437,,,8,0,6.242600000023842,0,2,0.715300000011921,1.5308000000119208,0,46,Female,1,23.0,12.0,2.76,26.0,6.0,1.56,-3.0,6.0,1.1999999999999995,4,0,12,0.2196749999970197,0.1666666666666666
38,Random,1,5,17,0,1,Left,2.83509999999404,,,8,0,5.675799999982119,0,4,1.97209999999404,2.856199999988079,0,46,Female,3,31.0,38.0,11.78,46.0,29.0,13.34,-15.0,9.0,-1.5600000000000005,3,0,5,0.2905250000022351,0.1666666666666666
38,Random,2,28,2,0,1,Left,3.4584000000059603,,,8,0,4.58209999999404,0,4,1.3607999999821183,2.144799999982119,0,46,Female,3,40.0,63.0,25.2,57.0,58.0,33.059999999999995,-17.0,5.0,-7.859999999999996,1,0,8,0.427237500000745,0.1666666666666666
38,Random,1,10,21,0,1,Left,3.349699999988079,,,8,0,6.12140000000596,0,4,1.5070999999940395,2.49059999999404,0,46,Female,3,26.0,59.0,15.34,36.0,33.0,11.88,-10.0,26.0,3.459999999999999,5,0,10,0.234824999999255,0.1666666666666666
38,Random,2,39,22,0,1,Left,2.213699999988079,,,8,0,4.988299999982119,0,2,0.9127999999821186,1.5962999999821186,0,46,Female,1,24.0,95.0,22.8,53.0,71.0,37.63,-29.0,24.0,-14.829999999999998,0,0,19,0.3764625000022351,0.1666666666666666
38,Random,3,52,32,0,1,Left,2.0754000000059603,,,8,0,6.768199999988079,0,1,0.7405,1.5074000000059604,0,46,Female,1,59.0,31.0,18.29,60.0,1.0,0.6,-1.0,30.0,17.689999999999998,7,0,12,0.1539750000014901,0.1666666666666666
38,Random,1,4,33,0,1,Left,2.56509999999404,,,8,0,5.15,0,3,1.5587000000178814,3.1759000000059605,0,46,Female,2,57.0,51.0,29.07,62.0,48.0,29.76,-5.0,3.0,-0.6899999999999977,3,0,4,0.3562499999999999,0.1666666666666666
38,Random,1,2,4,1,0,Right,4.57,,,8,0,4.621199999988079,0,2,3.189,4.006399999976158,0,46,Female,1,72.0,82.0,59.04,73.0,81.0,59.13,-1.0,1.0,-0.0900000000000034,3,0,2,0.4223500000014901,0.1666666666666666
38,Random,3,45,44,0,1,Left,1.8786999999880791,,,8,0,5.716600000023842,0,3,1.542699999988079,2.243199999988079,0,46,Female,2,19.0,86.0,16.34,45.0,71.0,31.95,-26.0,15.0,-15.61,0,0,5,0.2854249999970197,0.1666666666666666
38,Random,1,3,47,1,0,Right,2.4407999999821186,,,8,0,4.5115,0,3,1.754699999988079,2.8215,0,46,Female,2,68.0,30.0,20.4,89.0,16.0,14.24,-21.0,14.0,6.159999999999998,6,0,3,0.4360625,0.1666666666666666
38,Random,2,30,48,0,1,Left,1.7659000000059604,,,8,0,5.70890000000596,0,3,0.922800000011921,1.6895,0,46,Female,2,35.0,68.0,23.8,54.0,43.0,23.22,-19.0,25.0,0.5800000000000018,4,0,10,0.2863874999992549,0.1666666666666666
38,Random,2,21,5,0,1,Left,1.5564000000059606,,,8,0,5.975699999988079,0,2,2.942,3.62559999999404,0,46,Female,1,72.0,33.0,23.76,98.0,5.0,4.9,-26.0,28.0,18.86,7,0,1,0.2530375000014901,0.1666666666666666
38,Random,1,18,51,0,1,Left,2.5055,,,8,0,7.01709999999404,0,2,1.8468999999761584,2.5972999999821185,0,46,Female,1,41.0,94.0,38.54,48.0,70.0,33.599999999999994,-7.0,24.0,4.940000000000005,5,0,18,0.1228625000007449,0.1666666666666666
38,Random,2,37,56,1,0,Right,1.8660999999940395,,,8,0,7.0155,0,3,1.062,1.9624000000059605,0,46,Female,2,62.0,34.0,21.08,86.0,15.0,12.9,-24.0,19.0,8.180000000000001,6,0,17,0.1230624999999999,0.1666666666666666
38,Random,1,14,57,0,1,Right,3.823699999988079,,,8,0,2.9189000000059604,0,4,1.5575,2.4909000000059605,0,46,Female,3,59.0,94.0,55.46,86.0,89.0,76.54,-27.0,5.0,-21.080000000000013,0,1,14,0.635137499999255,0.1666666666666666
38,Random,1,17,58,0,1,Right,2.9591000000238417,,,8,0,6.383299999982119,0,3,2.0417000000178813,2.842700000017881,0,46,Female,2,36.0,54.0,19.44,48.0,53.0,25.44,-12.0,1.0,-6.0,1,1,17,0.202087500002235,0.1666666666666666
38,Random,3,47,59,0,1,Left,2.64409999999404,,,8,0,7.1185,0,4,0.821,1.6374000000059603,0,46,Female,3,8.0,64.0,5.12,25.0,34.0,8.5,-17.0,30.0,-3.38,2,0,7,0.1101875,0.1666666666666666
38,Random,3,42,10,1,0,Left,3.2412999999821186,,,10,0,8.68190000000596,0,4,1.1628999999761582,2.17959999999404,0,46,Female,3,5.0,55.0,2.75,35.0,36.0,12.6,-30.0,19.0,-9.85,1,1,2,0.1318099999994039,0.1666666666666666
38,Random,3,56,11,1,0,Right,1.809800000011921,,,10,0,5.219899999976158,0,2,1.551700000017881,6.703400000005961,0,46,Female,1,72.0,85.0,61.2,86.0,66.0,56.760000000000005,-14.0,19.0,4.439999999999991,5,0,16,0.4780100000023842,0.1666666666666666
38,Random,3,58,14,1,0,Right,1.529300000011921,,,10,0,8.15170000001788,0,3,1.89809999999404,2.6484000000059607,0,46,Female,2,33.0,61.0,20.13,51.0,44.0,22.44,-18.0,17.0,-2.3100000000000023,2,0,18,0.1848299999982119,0.1666666666666666
38,Random,1,1,20,0,1,Left,2.405800000011921,,,10,0,6.398200000017882,0,4,2.3955999999940394,3.1292999999821185,0,46,Female,3,35.0,24.0,8.4,65.0,14.0,9.1,-30.0,10.0,-0.7000000000000011,3,0,1,0.3601799999982118,0.1666666666666666
38,Random,2,33,23,1,0,Right,2.501,,,10,0,6.743900000005961,0,3,1.034300000011921,2.417800000011921,0,46,Female,2,52.0,36.0,18.72,63.0,27.0,17.01,-11.0,9.0,1.7099999999999973,4,0,13,0.3256099999994039,0.1666666666666666
38,Random,3,49,26,0,1,Left,1.8982000000178807,,,10,0,6.49959999999404,0,1,0.7789000000059605,1.596,0,46,Female,1,95.0,74.0,70.3,97.0,49.0,47.53,-2.0,25.0,22.77,7,0,9,0.350040000000596,0.1666666666666666
38,Random,2,34,27,1,0,Right,1.6865,,,10,0,7.2585,0,3,1.2111999999880791,2.095,0,46,Female,2,18.0,49.0,8.82,23.0,29.0,6.67,-5.0,20.0,2.1500000000000004,5,0,14,0.27415,0.1666666666666666
38,Random,2,31,29,1,0,Right,2.5139000000059606,,,10,0,6.53009999999404,0,2,0.6713000000119209,1.5549000000059603,0,46,Female,1,64.0,32.0,20.48,69.0,4.0,2.76,-5.0,28.0,17.72,7,0,11,0.346990000000596,0.1666666666666666
38,Random,3,50,30,0,1,Left,2.008699999988079,,,10,0,7.372,0,3,1.0959000000059604,2.912699999988079,0,46,Female,2,71.0,82.0,58.22,80.0,78.0,62.400000000000006,-9.0,4.0,-4.180000000000007,2,0,10,0.2628,0.1666666666666666
38,Random,1,7,31,0,1,Right,3.9235,,,10,0,6.85719999998808,0,4,2.3838999999761583,3.750799999982119,0,46,Female,3,59.0,23.0,13.57,74.0,22.0,16.28,-15.0,1.0,-2.710000000000001,2,1,7,0.3142800000011919,0.1666666666666666
38,Random,1,16,38,0,1,Left,2.727800000011921,,,10,0,6.144400000005961,0,4,2.1954000000059604,3.0625,0,46,Female,3,43.0,54.0,23.22,63.0,45.0,28.35,-20.0,9.0,-5.129999999999999,1,0,16,0.3855599999994039,0.1666666666666666
38,Random,2,22,40,0,1,Left,4.093800000011921,,,10,0,6.302900000005961,0,4,1.2609000000059605,2.111199999988079,0,46,Female,3,30.0,41.0,12.3,60.0,35.0,21.0,-30.0,6.0,-8.700000000000001,1,0,2,0.3697099999994039,0.1666666666666666
38,Random,2,35,41,1,0,Right,1.2034000000059604,,,10,0,8.961899999976158,0,2,1.4257000000178814,2.209300000011921,0,46,Female,1,35.0,40.0,14.0,48.0,10.0,4.800000000000001,-13.0,30.0,9.2,6,0,15,0.1038100000023842,0.1666666666666666
38,Random,1,8,45,1,0,Left,2.273699999988079,,,10,0,5.010399999976158,0,3,1.5612000000178814,10.078600000023842,0,46,Female,2,52.0,92.0,47.84,72.0,91.0,65.52,-20.0,1.0,-17.679999999999993,0,1,8,0.4989600000023841,0.1666666666666666
38,Random,2,25,49,0,1,Right,2.484800000011921,,,10,0,5.02509999999404,0,2,0.7386999999880791,1.589299999982119,0,46,Female,1,69.0,87.0,60.03,99.0,86.0,85.14,-30.0,1.0,-25.11,0,1,5,0.497490000000596,0.1666666666666666
38,Random,1,11,52,0,1,Left,2.1135,,,10,0,5.292,0,2,0.921800000011921,1.6555,0,46,Female,1,62.0,92.0,57.04,83.0,62.0,51.46,-21.0,30.0,5.579999999999998,5,0,11,0.4708,0.1666666666666666
38,Random,2,29,53,1,0,Right,4.0302000000178815,,,10,0,7.081900000005961,0,4,0.7419000000059605,1.5924000000059604,0,46,Female,3,69.0,28.0,19.32,81.0,23.0,18.630000000000003,-12.0,5.0,0.6899999999999977,4,0,9,0.2918099999994039,0.1666666666666666
38,Random,1,9,54,1,0,Right,3.3469000000059603,,,10,0,5.417699999988079,0,4,2.205600000023842,15.32230000001192,0,46,Female,3,47.0,37.0,17.39,77.0,23.0,17.71,-30.0,14.0,-0.3200000000000003,3,0,9,0.4582300000011921,0.1666666666666666
38,Random,1,19,8,1,0,Right,3.25309999999404,,,10,0,6.46090000000596,0,2,1.0768000000119209,1.7948000000119209,0,46,Female,1,65.0,49.0,31.85,71.0,33.0,23.43,-6.0,16.0,8.419999999999998,6,0,19,0.353909999999404,0.1666666666666666
38,Random,2,40,9,0,1,Left,1.5514000000059605,,,10,0,6.545200000017881,0,3,1.3715,2.2379000000059603,0,46,Female,2,39.0,66.0,25.74,40.0,50.0,20.0,-1.0,16.0,5.740000000000002,6,0,20,0.3454799999982119,0.1666666666666666
39,Random,3,43,1,0,1,Left,2.433600000000093,,,6,0,3.6002999999998138,0,3,3.1222000000001864,3.936300000000047,1,36,Female,2,18.0,44.0,7.92,40.0,39.0,15.6,-22.0,5.0,-7.6800000000000015,1,0,3,0.399950000000031,0.4833333333333333
39,Random,3,57,18,0,1,Left,1.4661000000000932,,,6,0,3.951600000000093,0,1,0.9436999999997208,1.6023999999999068,1,36,Female,1,73.0,32.0,23.36,82.0,2.0,1.64,-9.0,30.0,21.72,7,0,17,0.3413999999999845,0.4833333333333333
39,Random,3,56,19,0,1,Left,2.28,,,6,0,3.110299999999813,0,1,0.8916000000000931,1.6387000000001863,1,36,Female,1,24.0,74.0,17.759999999999998,25.0,64.0,16.0,-1.0,10.0,1.759999999999998,5,0,16,0.4816166666666978,0.4833333333333333
39,Random,1,3,24,0,1,Right,1.5115,,,6,0,3.778199999999954,0,1,1.586,2.3733000000000466,1,36,Female,1,7.0,96.0,6.72,37.0,66.0,24.42,-30.0,30.0,-17.700000000000003,0,1,3,0.3703000000000077,0.4833333333333333
39,Random,3,59,25,1,0,Right,2.0292000000001864,,,6,0,4.065799999999814,0,1,1.745,2.6392000000001863,1,36,Female,1,52.0,96.0,49.92,55.0,83.0,45.65,-3.0,13.0,4.270000000000003,5,0,19,0.3223666666666977,0.4833333333333333
39,Random,1,12,28,0,1,Right,1.7731999999999537,,,6,0,4.042900000000024,0,1,1.285,2.147,1,36,Female,1,11.0,72.0,7.92,33.0,45.0,14.85,-22.0,27.0,-6.93,1,1,12,0.3261833333333293,0.4833333333333333
39,Random,2,28,3,1,0,Right,2.394100000000093,,,6,0,3.077,0,1,1.1878000000000466,1.9297000000001865,1,36,Female,1,76.0,72.0,54.72,99.0,48.0,47.52,-23.0,24.0,7.200000000000003,6,0,8,0.4871666666666667,0.4833333333333333
39,Random,3,44,34,0,1,Left,2.2221999999999533,,,6,0,2.940699999999953,0,1,1.5663000000000469,2.4655,1,36,Female,1,27.0,60.0,16.2,36.0,41.0,14.76,-9.0,19.0,1.4399999999999995,4,0,4,0.5098833333333411,0.4833333333333333
39,Random,2,39,35,0,1,Left,1.6525,,,6,0,4.263699999999954,0,1,2.18459999999986,3.1770999999998604,1,36,Female,1,36.0,37.0,13.32,51.0,10.0,5.1000000000000005,-15.0,27.0,8.219999999999999,6,0,19,0.289383333333341,0.4833333333333333
39,Random,2,27,36,0,1,Left,1.9391999999999527,,,6,0,3.5975,0,1,0.7886000000000931,1.5816000000000932,1,36,Female,1,75.0,31.0,23.25,96.0,14.0,13.44,-21.0,17.0,9.81,7,0,7,0.4004166666666666,0.4833333333333333
39,Random,3,53,37,0,1,Left,1.3511000000000932,,,6,0,4.117100000000093,0,1,0.806,1.5115,1,36,Female,1,48.0,35.0,16.799999999999997,61.0,19.0,11.59,-13.0,16.0,5.209999999999997,5,0,13,0.3138166666666511,0.4833333333333333
39,Random,2,37,39,1,0,Right,1.6873000000000469,,,6,0,4.480899999999907,0,1,1.2179000000001396,2.0563000000000464,1,36,Female,1,36.0,68.0,24.48,55.0,48.0,26.4,-19.0,20.0,-1.9199999999999984,2,0,17,0.2531833333333488,0.4833333333333333
39,Random,3,45,42,1,0,Right,2.7795999999998604,,,6,0,3.0356000000000933,0,1,1.5028000000000463,2.301199999999953,1,36,Female,1,50.0,89.0,44.5,66.0,67.0,44.220000000000006,-16.0,22.0,0.279999999999994,4,0,5,0.4940666666666511,0.4833333333333333
39,Random,3,42,43,1,0,Left,1.937,,,6,0,3.573700000000186,0,1,1.5206999999999535,2.349299999999814,1,36,Female,1,17.0,73.0,12.41,42.0,63.0,26.46,-25.0,10.0,-14.05,0,1,2,0.4043833333333023,0.4833333333333333
39,Random,2,24,46,0,1,Left,2.807899999999907,,,6,0,3.34259999999986,0,1,0.8715,2.0168000000000466,1,36,Female,1,78.0,38.0,29.64,90.0,15.0,13.5,-12.0,23.0,16.14,7,0,4,0.4429000000000233,0.4833333333333333
39,Random,3,41,55,0,1,Left,1.5606999999999531,,,6,0,3.847100000000093,0,1,1.1776000000000932,2.107600000000093,1,36,Female,1,35.0,92.0,32.2,41.0,81.0,33.21,-6.0,11.0,-1.009999999999998,3,0,1,0.3588166666666512,0.4833333333333333
39,Random,2,21,6,0,1,Right,2.538600000000093,,,6,0,3.139399999999907,0,1,1.7307000000001862,3.2283000000000466,1,36,Female,1,41.0,64.0,26.24,52.0,51.0,26.52,-11.0,13.0,-0.2799999999999976,3,1,1,0.4767666666666821,0.4833333333333333
39,Random,3,46,60,1,0,Left,2.335,,,6,0,4.01790000000014,0,1,0.8362000000001862,1.7779000000001397,1,36,Female,1,56.0,75.0,42.0,81.0,74.0,59.94,-25.0,1.0,-17.939999999999998,0,1,6,0.3303499999999766,0.4833333333333333
39,Random,2,40,7,0,1,Right,2.16609999999986,,,6,0,4.146299999999814,0,1,1.360899999999907,2.5195,1,36,Female,1,61.0,62.0,37.82,69.0,61.0,42.09,-8.0,1.0,-4.269999999999996,2,1,20,0.3089500000000311,0.4833333333333333
39,Random,1,14,12,0,1,Left,1.305,,,8,0,6.381099999999977,0,1,1.003900000000023,1.8845,1,36,Female,1,72.0,98.0,70.56,73.0,77.0,56.21,-1.0,21.0,14.35,7,0,14,0.2023625000000029,0.4833333333333333
39,Random,1,19,13,1,0,Left,2.6663000000000467,,,8,0,4.838699999999953,0,1,0.8853999999999068,1.6371999999999534,1,36,Female,1,73.0,49.0,35.77,81.0,42.0,34.02,-8.0,7.0,1.75,4,1,19,0.3951625000000058,0.4833333333333333
39,Random,2,23,15,0,1,Right,1.750100000000093,,,8,0,6.427399999999907,0,1,1.5425,2.558399999999907,1,36,Female,1,36.0,75.0,27.0,52.0,61.0,31.72,-16.0,14.0,-4.719999999999999,2,1,3,0.1965750000000116,0.4833333333333333
39,Random,1,13,16,0,1,Right,1.900800000000047,,,8,0,6.348199999999953,0,1,1.2675999999999767,2.2464000000000235,1,36,Female,1,23.0,12.0,2.76,26.0,6.0,1.56,-3.0,6.0,1.1999999999999995,4,1,13,0.2064750000000058,0.4833333333333333
39,Random,1,5,17,1,0,Left,2.142,,,8,0,5.590699999999954,0,2,1.4463000000000463,2.5874000000000232,1,36,Female,1,31.0,38.0,11.78,46.0,29.0,13.34,-15.0,9.0,-1.5600000000000005,3,1,5,0.3011625000000058,0.4833333333333333
39,Random,1,8,2,1,0,Left,1.3118000000000465,,,8,0,5.80370000000007,0,1,1.310400000000023,2.2100999999999766,1,36,Female,1,40.0,63.0,25.2,57.0,58.0,33.059999999999995,-17.0,5.0,-7.859999999999996,1,1,8,0.2745374999999912,0.4833333333333333
39,Random,3,49,21,1,0,Right,1.7152000000001864,,,8,0,6.392,0,1,1.266399999999907,2.1466999999997207,1,36,Female,1,26.0,59.0,15.34,36.0,33.0,11.88,-10.0,26.0,3.459999999999999,5,0,9,0.2009999999999999,0.4833333333333333
39,Random,1,18,22,1,0,Left,1.733,,,8,0,6.580199999999953,0,1,0.855,1.7721999999999534,1,36,Female,1,24.0,95.0,22.8,53.0,71.0,37.63,-29.0,24.0,-14.829999999999998,0,1,18,0.1774750000000058,0.4833333333333333
39,Random,3,55,32,1,0,Right,1.579,,,8,0,6.429899999999907,0,1,1.9486000000000927,2.7132999999998137,1,36,Female,1,59.0,31.0,18.29,60.0,1.0,0.6,-1.0,30.0,17.689999999999998,7,0,15,0.1962625000000116,0.4833333333333333
39,Random,1,7,33,0,1,Right,2.4861999999999536,,,8,0,4.6205999999999765,0,1,1.1844000000000232,2.0799000000000234,1,36,Female,1,57.0,51.0,29.07,62.0,48.0,29.76,-5.0,3.0,-0.6899999999999977,3,1,7,0.4224250000000029,0.4833333333333333
39,Random,2,22,4,1,0,Right,2.8255,,,8,0,4.263,0,1,1.371100000000093,2.235399999999907,1,36,Female,1,72.0,82.0,59.04,73.0,81.0,59.13,-1.0,1.0,-0.0900000000000034,3,0,2,0.467125,0.4833333333333333
39,Random,2,36,44,0,1,Left,3.1555,,,8,0,4.813599999999861,0,1,1.4493999999999068,2.299699999999953,1,36,Female,1,19.0,86.0,16.34,45.0,71.0,31.95,-26.0,15.0,-15.61,0,0,16,0.3983000000000174,0.4833333333333333
39,Random,2,33,47,1,0,Left,2.848,,,8,0,5.920299999999814,0,1,1.415699999999953,2.2798000000000465,1,36,Female,1,68.0,30.0,20.4,89.0,16.0,14.24,-21.0,14.0,6.159999999999998,6,1,13,0.2599625000000233,0.4833333333333333
39,Random,1,9,48,0,1,Left,2.08970000000007,,,8,0,5.315,0,1,0.8602000000000698,1.8385999999999767,1,36,Female,1,35.0,68.0,23.8,54.0,43.0,23.22,-19.0,25.0,0.5800000000000018,4,0,9,0.3356249999999999,0.4833333333333333
39,Random,3,48,5,1,0,Right,2.3921999999999533,,,8,0,5.3303000000000464,0,1,1.6515,2.583299999999814,1,36,Female,1,72.0,33.0,23.76,98.0,5.0,4.9,-26.0,28.0,18.86,7,0,8,0.3337124999999942,0.4833333333333333
39,Random,1,20,51,0,1,Left,1.801,,,8,0,5.883199999999953,0,1,1.4475,2.3343000000000464,1,36,Female,1,41.0,94.0,38.54,48.0,70.0,33.599999999999994,-7.0,24.0,4.940000000000005,5,0,20,0.2646000000000058,0.4833333333333333
39,Random,2,25,56,1,0,Left,2.438600000000093,,,8,0,4.4985,0,1,0.7513000000000466,1.8432000000001865,1,36,Female,1,62.0,34.0,21.08,86.0,15.0,12.9,-24.0,19.0,8.180000000000001,6,1,5,0.4376875,0.4833333333333333
39,Random,1,1,57,0,1,Right,1.689599999999977,,,8,0,5.069799999999931,0,1,2.098399999999907,3.3045,1,36,Female,1,59.0,94.0,55.46,86.0,89.0,76.54,-27.0,5.0,-21.080000000000013,0,1,1,0.3662750000000087,0.4833333333333333
39,Random,2,31,58,1,0,Left,1.387,,,8,0,5.942399999999907,0,1,0.9818999999999068,1.8120999999998604,1,36,Female,1,36.0,54.0,19.44,48.0,53.0,25.44,-12.0,1.0,-6.0,1,1,11,0.2572000000000116,0.4833333333333333
39,Random,3,47,59,0,1,Right,1.6739000000001396,,,8,0,6.442699999999953,0,1,2.044799999999814,2.8048999999999067,1,36,Female,1,8.0,64.0,5.12,25.0,34.0,8.5,-17.0,30.0,-3.38,2,1,7,0.1946625000000058,0.4833333333333333
39,Random,1,2,10,0,1,Right,2.5429000000000235,,,10,0,5.918900000000023,0,1,1.518,2.3058000000000467,1,36,Female,1,5.0,55.0,2.75,35.0,36.0,12.6,-30.0,19.0,-9.85,1,1,2,0.4081099999999977,0.4833333333333333
39,Random,2,34,11,1,0,Left,2.738699999999953,,,10,0,7.2133000000000465,0,1,1.97640000000014,3.01390000000014,1,36,Female,1,72.0,85.0,61.2,86.0,66.0,56.760000000000005,-14.0,19.0,4.439999999999991,5,1,14,0.2786699999999953,0.4833333333333333
39,Random,1,10,14,1,0,Left,1.895699999999953,,,10,0,7.301,0,1,0.9695999999999768,1.9426999999999528,1,36,Female,1,33.0,61.0,20.13,51.0,44.0,22.44,-18.0,17.0,-2.3100000000000023,2,1,10,0.2699,0.4833333333333333
39,Random,3,58,20,1,0,Left,1.8018999999999068,,,10,0,7.941,0,1,1.99730000000028,2.9433999999999068,1,36,Female,1,35.0,24.0,8.4,65.0,14.0,9.1,-30.0,10.0,-0.7000000000000011,3,1,18,0.2059,0.4833333333333333
39,Random,2,38,23,1,0,Right,1.7590999999998602,,,10,0,7.846800000000046,0,1,1.4455,2.355600000000093,1,36,Female,1,52.0,36.0,18.72,63.0,27.0,17.01,-11.0,9.0,1.7099999999999973,4,0,18,0.2153199999999953,0.4833333333333333
39,Random,1,16,26,1,0,Right,1.5146999999999535,,,10,0,8.852,0,1,0.7798999999999069,1.5527999999998137,1,36,Female,1,95.0,74.0,70.3,97.0,49.0,47.53,-2.0,25.0,22.77,7,0,16,0.1147999999999999,0.4833333333333333
39,Random,2,32,27,0,1,Left,2.8795999999998605,,,10,0,6.773600000000093,0,1,1.2706999999999535,2.141799999999814,1,36,Female,1,18.0,49.0,8.82,23.0,29.0,6.67,-5.0,20.0,2.1500000000000004,5,0,12,0.3226399999999906,0.4833333333333333
39,Random,3,50,29,1,0,Right,1.268399999999907,,,10,0,8.818600000000092,0,1,1.2427000000001862,2.1518000000002795,1,36,Female,1,64.0,32.0,20.48,69.0,4.0,2.76,-5.0,28.0,17.72,7,0,10,0.1181399999999907,0.4833333333333333
39,Random,1,15,30,1,0,Right,2.007399999999907,,,10,0,7.6025,0,1,0.8148000000000466,1.7116999999999534,1,36,Female,1,71.0,82.0,58.22,80.0,78.0,62.400000000000006,-9.0,4.0,-4.180000000000007,2,0,15,0.23975,0.4833333333333333
39,Random,1,17,31,1,0,Right,1.6908000000000465,,,10,0,9.097399999999906,0,1,2.0732999999998136,3.0245,1,36,Female,1,59.0,23.0,13.57,74.0,22.0,16.28,-15.0,1.0,-2.710000000000001,2,0,17,0.0902600000000093,0.4833333333333333
39,Random,3,60,38,0,1,Right,2.507299999999814,,,10,0,7.062200000000186,0,1,0.9397000000001864,1.8715,1,36,Female,1,43.0,54.0,23.22,63.0,45.0,28.35,-20.0,9.0,-5.129999999999999,1,1,20,0.2937799999999814,0.4833333333333333
39,Random,1,11,40,0,1,Right,1.3683999999999068,,,10,0,8.921199999999953,0,1,1.6717999999999302,2.4480999999999766,1,36,Female,1,30.0,41.0,12.3,60.0,35.0,21.0,-30.0,6.0,-8.700000000000001,1,1,11,0.1078800000000047,0.4833333333333333
39,Random,3,52,41,1,0,Right,1.179899999999907,,,10,0,8.423100000000094,0,1,1.4227000000001864,2.265200000000186,1,36,Female,1,35.0,40.0,14.0,48.0,10.0,4.800000000000001,-13.0,30.0,9.2,6,0,12,0.1576899999999906,0.4833333333333333
39,Random,3,51,45,0,1,Left,1.4720999999996274,,,10,0,8.192,0,3,1.876600000000093,2.7718999999999068,1,36,Female,2,52.0,92.0,47.84,72.0,91.0,65.52,-20.0,1.0,-17.679999999999993,0,0,11,0.1808,0.4833333333333333
39,Random,2,26,49,1,0,Left,2.656100000000093,,,10,0,6.406599999999861,0,1,1.9845,2.895,1,36,Female,1,69.0,87.0,60.03,99.0,86.0,85.14,-30.0,1.0,-25.11,0,1,6,0.3593400000000139,0.4833333333333333
39,Random,2,35,52,0,1,Left,1.7386000000000932,,,10,0,7.228699999999954,0,1,1.3716000000000932,2.3141999999999534,1,36,Female,1,62.0,92.0,57.04,83.0,62.0,51.46,-21.0,30.0,5.579999999999998,5,0,15,0.2771300000000046,0.4833333333333333
39,Random,1,6,53,0,1,Right,2.842,,,10,0,6.16070000000007,0,1,1.7365,2.5285,1,36,Female,1,69.0,28.0,19.32,81.0,23.0,18.630000000000003,-12.0,5.0,0.6899999999999977,4,1,6,0.383929999999993,0.4833333333333333
39,Random,1,4,54,1,0,Left,2.606199999999953,,,10,0,6.119400000000024,0,1,2.1588000000000465,3.3905,1,36,Female,1,47.0,37.0,17.39,77.0,23.0,17.71,-30.0,14.0,-0.3200000000000003,3,1,4,0.3880599999999976,0.4833333333333333
39,Random,3,54,8,0,1,Left,1.580600000000093,,,10,0,5.905199999999721,0,2,1.763,3.088,1,36,Female,1,65.0,49.0,31.85,71.0,33.0,23.43,-6.0,16.0,8.419999999999998,6,0,14,0.4094800000000279,0.4833333333333333
39,Random,2,29,9,1,0,Left,2.9737999999998137,,,10,0,6.698200000000186,0,1,1.3223000000000469,2.1345,1,36,Female,1,39.0,66.0,25.74,40.0,50.0,20.0,-1.0,16.0,5.740000000000002,6,1,9,0.3301799999999814,0.4833333333333333
40,Random,3,42,1,1,0,Left,3.138699999999255,,,6,0,3.1845999999996275,0,3,0.9070999999996274,1.5784000000003726,1,21,Female,2,18.0,44.0,7.92,40.0,39.0,15.6,-22.0,5.0,-7.6800000000000015,1,1,2,0.4692333333333954,0.2833333333333333
40,Random,3,58,18,1,0,Right,1.5537000000011176,,,6,0,3.593099999999628,0,1,2.906099999999628,3.6435,1,21,Female,1,73.0,32.0,23.36,82.0,2.0,1.64,-9.0,30.0,21.72,7,0,18,0.401150000000062,0.2833333333333333
40,Random,2,21,19,1,0,Right,2.5015,,,6,0,2.4115,0,2,1.3802999999988823,2.202,1,21,Female,1,24.0,74.0,17.759999999999998,25.0,64.0,16.0,-1.0,10.0,1.759999999999998,5,0,1,0.5980833333333333,0.2833333333333333
40,Random,2,34,24,1,0,Left,2.449300000000745,,,6,0,2.5374000000003725,0,3,2.112199999999255,2.76339999999851,1,21,Female,2,7.0,96.0,6.72,37.0,66.0,24.42,-30.0,30.0,-17.700000000000003,0,1,14,0.5770999999999379,0.2833333333333333
40,Random,3,46,25,0,1,Left,3.7506000000014894,,,6,0,2.602,0,2,0.6892000000011176,1.4469000000003724,1,21,Female,1,52.0,96.0,49.92,55.0,83.0,45.65,-3.0,13.0,4.270000000000003,5,0,6,0.5663333333333334,0.2833333333333333
40,Random,3,59,28,0,1,Left,3.618800000000745,,,6,0,2.81,0,3,3.634099999999628,4.318400000000373,1,21,Female,2,11.0,72.0,7.92,33.0,45.0,14.85,-22.0,27.0,-6.93,1,0,19,0.5316666666666666,0.2833333333333333
40,Random,3,47,3,1,0,Right,3.6495999999996274,,,6,0,2.842099999999628,0,2,0.9905,1.86210000000149,1,21,Female,1,76.0,72.0,54.72,99.0,48.0,47.52,-23.0,24.0,7.200000000000003,6,0,7,0.5263166666667287,0.2833333333333333
40,Random,1,17,34,1,0,Right,3.949599999999628,,,6,0,2.002300000000745,0,3,2.0394000000003727,2.6230999999996274,1,21,Female,2,27.0,60.0,16.2,36.0,41.0,14.76,-9.0,19.0,1.4399999999999995,4,0,17,0.6662833333332091,0.2833333333333333
40,Random,3,55,35,1,0,Right,2.2894000000003727,,,6,0,2.54289999999851,0,2,1.2195999999996274,1.943599999999628,1,21,Female,1,36.0,37.0,13.32,51.0,10.0,5.1000000000000005,-15.0,27.0,8.219999999999999,6,0,15,0.5761833333335816,0.2833333333333333
40,Random,3,43,36,0,1,Left,4.135700000001117,,,6,0,1.56589999999851,0,2,0.845199999999255,1.5685,1,21,Female,1,75.0,31.0,23.25,96.0,14.0,13.44,-21.0,17.0,9.81,7,0,3,0.739016666666915,0.2833333333333333
40,Random,1,9,37,0,1,Left,3.220199999999255,,,6,0,2.778599999999628,0,4,1.529300000000745,2.160099999999628,1,21,Female,3,48.0,35.0,16.799999999999997,61.0,19.0,11.59,-13.0,16.0,5.209999999999997,5,0,9,0.536900000000062,0.2833333333333333
40,Random,2,28,39,0,1,Left,4.530800000000745,,,6,0,2.581,0,2,1.3090999999996276,2.236800000000745,1,21,Female,1,36.0,68.0,24.48,55.0,48.0,26.4,-19.0,20.0,-1.9199999999999984,2,0,8,0.5698333333333333,0.2833333333333333
40,Random,1,2,42,0,1,Left,2.7114000000003724,,,6,0,2.712,0,3,1.6885,2.3071999999992547,1,21,Female,2,50.0,89.0,44.5,66.0,67.0,44.220000000000006,-16.0,22.0,0.279999999999994,4,0,2,0.5479999999999999,0.2833333333333333
40,Random,2,26,43,1,0,Left,2.97110000000149,,,6,0,3.026,0,4,2.195900000000373,2.908,1,21,Female,3,17.0,73.0,12.41,42.0,63.0,26.46,-25.0,10.0,-14.05,0,1,6,0.4956666666666667,0.2833333333333333
40,Random,3,48,46,1,0,Right,2.1047000000011176,,,6,0,3.1418999999985098,0,2,2.824,3.507300000000745,1,21,Female,1,78.0,38.0,29.64,90.0,15.0,13.5,-12.0,23.0,16.14,7,0,8,0.4763500000002483,0.2833333333333333
40,Random,1,12,50,1,0,Left,1.794,,,6,0,3.491099999999628,0,2,1.4705,2.122700000001118,1,21,Female,1,2.0,34.0,0.68,29.0,13.0,3.77,-27.0,21.0,-3.09,2,1,12,0.418150000000062,0.2833333333333333
40,Random,3,44,55,0,1,Left,2.3255,,,6,0,2.8515,0,3,2.816699999999255,3.5335,1,21,Female,2,35.0,92.0,32.2,41.0,81.0,33.21,-6.0,11.0,-1.009999999999998,3,0,4,0.5247499999999999,0.2833333333333333
40,Random,2,30,6,1,0,Right,3.3065,,,6,0,2.351099999999628,0,2,1.0689000000003726,1.903,1,21,Female,1,41.0,64.0,26.24,52.0,51.0,26.52,-11.0,13.0,-0.2799999999999976,3,0,10,0.608150000000062,0.2833333333333333
40,Random,3,57,12,0,1,Left,1.7989000000003723,,,8,0,4.988599999999628,0,1,1.194,2.095199999999255,1,21,Female,1,72.0,98.0,70.56,73.0,77.0,56.21,-1.0,21.0,14.35,7,0,17,0.3764250000000465,0.2833333333333333
40,Random,1,3,13,0,1,Left,3.031,,,8,0,4.526300000000745,0,3,1.5414000000003725,2.115299999998882,1,21,Female,2,73.0,49.0,35.77,81.0,42.0,34.02,-8.0,7.0,1.75,4,0,3,0.4342124999999068,0.2833333333333333
40,Random,2,40,15,1,0,Right,3.034300000000745,,,8,0,3.982699999999255,0,2,1.4484000000003725,2.171,1,21,Female,1,36.0,75.0,27.0,52.0,61.0,31.72,-16.0,14.0,-4.719999999999999,2,0,20,0.5021625000000931,0.2833333333333333
40,Random,2,39,16,0,1,Left,2.7487000000011177,,,8,0,6.622699999999255,0,1,0.8244000000003725,1.5945,1,21,Female,1,23.0,12.0,2.76,26.0,6.0,1.56,-3.0,6.0,1.1999999999999995,4,0,19,0.1721625000000931,0.2833333333333333
40,Random,3,50,17,0,1,Left,3.7999000000003726,,,8,0,3.2537000000011176,0,3,2.322099999999628,3.062699999999255,1,21,Female,2,31.0,38.0,11.78,46.0,29.0,13.34,-15.0,9.0,-1.5600000000000005,3,0,10,0.5932874999998603,0.2833333333333333
40,Random,1,8,2,1,0,Left,5.00860000000149,,,8,0,2.354099999999628,0,3,1.665699999999255,2.311,1,21,Female,2,40.0,63.0,25.2,57.0,58.0,33.059999999999995,-17.0,5.0,-7.859999999999996,1,1,8,0.7057375000000465,0.2833333333333333
40,Random,2,35,21,1,0,Right,4.427099999999627,,,8,0,2.906199999999255,0,3,1.22810000000149,1.936800000000745,1,21,Female,2,26.0,59.0,15.34,36.0,33.0,11.88,-10.0,26.0,3.459999999999999,5,0,15,0.6367250000000931,0.2833333333333333
40,Random,1,4,22,0,1,Left,3.4120999999996275,,,8,0,3.9467999999988814,0,2,1.173,1.9519000000003728,1,21,Female,1,24.0,95.0,22.8,53.0,71.0,37.63,-29.0,24.0,-14.829999999999998,0,0,4,0.5066500000001398,0.2833333333333333
40,Random,1,10,32,0,1,Left,1.477,,,8,0,4.953799999998882,0,2,1.6125,2.5418999999985097,1,21,Female,1,59.0,31.0,18.29,60.0,1.0,0.6,-1.0,30.0,17.689999999999998,7,0,10,0.3807750000001397,0.2833333333333333
40,Random,3,54,33,0,1,Right,3.746099999999628,,,8,0,3.8137999999988814,0,4,0.904,2.3232000000011177,1,21,Female,3,57.0,51.0,29.07,62.0,48.0,29.76,-5.0,3.0,-0.6899999999999977,3,1,14,0.5232750000001398,0.2833333333333333
40,Random,2,22,4,0,1,Left,3.771199999999255,,,8,0,3.923800000000745,0,3,2.760199999999255,3.7752999999988814,1,21,Female,2,72.0,82.0,59.04,73.0,81.0,59.13,-1.0,1.0,-0.0900000000000034,3,0,2,0.5095249999999069,0.2833333333333333
40,Random,3,53,44,0,1,Left,3.0817999999988825,,,8,0,4.1305,0,3,3.2949000000003723,4.345,1,21,Female,2,19.0,86.0,16.34,45.0,71.0,31.95,-26.0,15.0,-15.61,0,0,13,0.4836875,0.2833333333333333
40,Random,2,27,47,1,0,Right,2.478199999999255,,,8,0,3.42439999999851,0,3,1.9659000000003728,2.5627000000011178,1,21,Female,2,68.0,30.0,20.4,89.0,16.0,14.24,-21.0,14.0,6.159999999999998,6,0,7,0.5719500000001863,0.2833333333333333
40,Random,1,7,48,0,1,Left,2.6275,,,8,0,5.591099999999628,0,3,2.7550999999996275,3.3734000000003723,1,21,Female,2,35.0,68.0,23.8,54.0,43.0,23.22,-19.0,25.0,0.5800000000000018,4,0,7,0.3011125000000465,0.2833333333333333
40,Random,2,23,5,1,0,Right,2.4722000000011177,,,8,0,6.78860000000149,0,3,3.2439000000003726,4.0455,1,21,Female,2,72.0,33.0,23.76,98.0,5.0,4.9,-26.0,28.0,18.86,7,0,3,0.1514249999998137,0.2833333333333333
40,Random,3,51,51,1,0,Right,2.3349000000003723,,,8,0,4.298200000001118,0,2,1.813199999999255,2.5839000000003725,1,21,Female,1,41.0,94.0,38.54,48.0,70.0,33.599999999999994,-7.0,24.0,4.940000000000005,5,0,11,0.4627249999998603,0.2833333333333333
40,Random,3,60,56,0,1,Left,2.26639999999851,,,8,0,4.293099999999628,0,3,0.8596000000014901,1.6677000000011175,1,21,Female,2,62.0,34.0,21.08,86.0,15.0,12.9,-24.0,19.0,8.180000000000001,6,0,20,0.4633625000000465,0.2833333333333333
40,Random,2,31,57,0,1,Right,4.263800000000745,,,8,0,3.936,0,4,0.9765999999996274,1.7325,1,21,Female,3,59.0,94.0,55.46,86.0,89.0,76.54,-27.0,5.0,-21.080000000000013,0,1,11,0.508,0.2833333333333333
40,Random,1,20,58,0,1,Right,2.6164000000003726,,,8,0,4.690099999999627,0,2,1.456,2.392599999999628,1,21,Female,1,36.0,54.0,19.44,48.0,53.0,25.44,-12.0,1.0,-6.0,1,1,20,0.4137375000000466,0.2833333333333333
40,Random,3,45,59,1,0,Right,4.453900000000372,,,8,0,1.831099999999628,0,3,1.1885999999996275,1.940199999999255,1,21,Female,2,8.0,64.0,5.12,25.0,34.0,8.5,-17.0,30.0,-3.38,2,0,5,0.7711125000000465,0.2833333333333333
40,Random,3,52,10,0,1,Right,3.618099999999628,,,10,0,4.862599999999627,0,2,0.9015,1.7145,1,21,Female,1,5.0,55.0,2.75,35.0,36.0,12.6,-30.0,19.0,-9.85,1,1,12,0.5137400000000373,0.2833333333333333
40,Random,2,38,11,1,0,Right,2.930199999999255,,,10,0,5.254800000000745,0,1,2.397300000000745,3.1615,1,21,Female,1,72.0,85.0,61.2,86.0,66.0,56.760000000000005,-14.0,19.0,4.439999999999991,5,0,18,0.4745199999999255,0.2833333333333333
40,Random,2,29,14,1,0,Right,4.737900000000373,,,10,0,4.279599999999627,0,4,2.0266999999992548,2.6805,1,21,Female,3,33.0,61.0,20.13,51.0,44.0,22.44,-18.0,17.0,-2.3100000000000023,2,0,9,0.5720400000000373,0.2833333333333333
40,Random,1,6,20,1,0,Right,2.880800000000745,,,10,0,4.378900000000373,0,3,1.8502999999988825,2.526,1,21,Female,2,35.0,24.0,8.4,65.0,14.0,9.1,-30.0,10.0,-0.7000000000000011,3,0,6,0.5621099999999627,0.2833333333333333
40,Random,1,19,23,0,1,Left,3.734099999999628,,,10,0,6.327800000000745,0,3,1.7315999999996274,2.779,1,21,Female,2,52.0,36.0,18.72,63.0,27.0,17.01,-11.0,9.0,1.7099999999999973,4,0,19,0.3672199999999255,0.2833333333333333
40,Random,1,16,26,0,1,Left,1.752699999999255,,,10,0,5.02360000000149,0,3,3.3895,4.066599999999627,1,21,Female,2,95.0,74.0,70.3,97.0,49.0,47.53,-2.0,25.0,22.77,7,0,16,0.497639999999851,0.2833333333333333
40,Random,1,14,27,0,1,Left,2.9815,,,10,0,6.513800000000745,0,3,1.6274000000003723,2.4799000000003724,1,21,Female,2,18.0,49.0,8.82,23.0,29.0,6.67,-5.0,20.0,2.1500000000000004,5,0,14,0.3486199999999255,0.2833333333333333
40,Random,1,5,29,0,1,Left,2.8071999999992547,,,10,0,3.970300000000745,0,2,3.004199999999255,3.721800000000745,1,21,Female,1,64.0,32.0,20.48,69.0,4.0,2.76,-5.0,28.0,17.72,7,0,5,0.6029699999999255,0.2833333333333333
40,Random,1,1,30,1,0,Left,3.5843999999985097,,,10,0,5.2717999999988825,0,3,1.9471999999992549,2.620199999999255,1,21,Female,2,71.0,82.0,58.22,80.0,78.0,62.400000000000006,-9.0,4.0,-4.180000000000007,2,1,1,0.4728200000001117,0.2833333333333333
40,Random,3,49,31,0,1,Right,2.7767999999988824,,,10,0,5.5174000000003725,0,1,1.746800000000745,2.497,1,21,Female,1,59.0,23.0,13.57,74.0,22.0,16.28,-15.0,1.0,-2.710000000000001,2,1,9,0.4482599999999627,0.2833333333333333
40,Random,2,33,38,1,0,Left,3.17989999999851,,,10,0,6.0325,0,4,1.2092000000011176,3.0213000000007453,1,21,Female,3,43.0,54.0,23.22,63.0,45.0,28.35,-20.0,9.0,-5.129999999999999,1,1,13,0.39675,0.2833333333333333
40,Random,2,25,40,1,0,Left,3.997800000000745,,,10,0,3.995,0,3,1.19139999999851,1.8793999999985096,1,21,Female,2,30.0,41.0,12.3,60.0,35.0,21.0,-30.0,6.0,-8.700000000000001,1,1,5,0.6005,0.2833333333333333
40,Random,2,32,45,1,0,Left,2.835,,,10,0,4.454099999999627,0,2,2.4754000000003726,3.12460000000149,1,21,Female,1,52.0,92.0,47.84,72.0,91.0,65.52,-20.0,1.0,-17.679999999999993,0,1,12,0.5545900000000372,0.2833333333333333
40,Random,1,18,49,0,1,Right,2.646699999999255,,,10,0,5.790800000000745,0,2,1.1818000000007451,1.8549000000003728,1,21,Female,1,69.0,87.0,60.03,99.0,86.0,85.14,-30.0,1.0,-25.11,0,1,18,0.4209199999999254,0.2833333333333333
40,Random,1,11,52,1,0,Right,1.9154000000003728,,,10,0,6.476300000000745,0,2,1.714199999999255,2.3838999999985098,1,21,Female,1,62.0,92.0,57.04,83.0,62.0,51.46,-21.0,30.0,5.579999999999998,5,0,11,0.3523699999999254,0.2833333333333333
40,Random,1,13,53,0,1,Left,4.5535,,,10,0,5.027300000000745,0,3,1.33,1.946800000000745,1,21,Female,2,69.0,28.0,19.32,81.0,23.0,18.630000000000003,-12.0,5.0,0.6899999999999977,4,0,13,0.4972699999999255,0.2833333333333333
40,Random,2,24,54,1,0,Right,3.479699999999255,,,10,0,4.157900000000373,0,3,2.532800000000745,3.2967000000011177,1,21,Female,2,47.0,37.0,17.39,77.0,23.0,17.71,-30.0,14.0,-0.3200000000000003,3,0,4,0.5842099999999627,0.2833333333333333
40,Random,3,41,8,1,0,Right,2.246699999999255,,,10,0,6.417200000001118,0,3,1.1175,1.912,1,21,Female,2,65.0,49.0,31.85,71.0,33.0,23.43,-6.0,16.0,8.419999999999998,6,0,1,0.3582799999998882,0.2833333333333333
40,Random,2,37,9,0,1,Left,3.036099999999628,,,10,0,4.793099999999628,0,1,0.9235999999996276,1.8572000000011173,1,21,Female,1,39.0,66.0,25.74,40.0,50.0,20.0,-1.0,16.0,5.740000000000002,6,0,17,0.5206900000000372,0.2833333333333333
41,Random,2,30,1,1,0,Left,2.246599999999628,,,6,0,4.298700000000187,0,3,1.364,1.9807999999998136,0,35,Female,2,18.0,44.0,7.92,40.0,39.0,15.6,-22.0,5.0,-7.6800000000000015,1,1,10,0.2835499999999689,0.3666666666666666
41,Random,1,18,18,1,0,Right,2.763700000000186,,,6,0,3.6655,0,2,1.3875,1.9827000000001864,0,35,Female,1,73.0,32.0,23.36,82.0,2.0,1.64,-9.0,30.0,21.72,7,0,18,0.3890833333333333,0.3666666666666666
41,Random,1,14,19,0,1,Left,3.290600000000093,,,6,0,4.069099999999628,0,2,1.8547999999998137,2.6147999999998137,0,35,Female,1,24.0,74.0,17.759999999999998,25.0,64.0,16.0,-1.0,10.0,1.759999999999998,5,0,14,0.3218166666667287,0.3666666666666666
41,Random,1,13,24,0,1,Right,2.297399999999907,,,6,0,4.6165,0,2,1.3171999999997206,1.9241999999997208,0,35,Female,1,7.0,96.0,6.72,37.0,66.0,24.42,-30.0,30.0,-17.700000000000003,0,1,13,0.2305833333333332,0.3666666666666666
41,Random,3,53,25,0,1,Left,1.84630000000028,,,6,0,4.81319999999972,0,1,0.9668999999999068,1.5813999999999069,0,35,Female,1,52.0,96.0,49.92,55.0,83.0,45.65,-3.0,13.0,4.270000000000003,5,0,13,0.1978000000000466,0.3666666666666666
41,Random,2,22,28,0,1,Left,1.9948999999999069,,,6,0,5.2841999999997205,0,1,1.6881999999997206,2.643299999999814,0,35,Female,1,11.0,72.0,7.92,33.0,45.0,14.85,-22.0,27.0,-6.93,1,0,2,0.1193000000000465,0.3666666666666666
41,Random,2,40,3,1,0,Right,2.0496999999997207,,,6,0,3.706600000000093,0,1,0.9926999999997206,1.7636999999997207,0,35,Female,1,76.0,72.0,54.72,99.0,48.0,47.52,-23.0,24.0,7.200000000000003,6,0,20,0.3822333333333178,0.3666666666666666
41,Random,3,43,34,0,1,Left,1.5676000000000931,,,6,0,5.381399999999907,0,1,1.1121000000000931,1.6467000000001863,0,35,Female,1,27.0,60.0,16.2,36.0,41.0,14.76,-9.0,19.0,1.4399999999999995,4,0,3,0.1031000000000155,0.3666666666666666
41,Random,2,28,35,0,1,Left,2.459,,,6,0,5.8642999999998136,0,2,1.0407000000001865,2.1637999999998137,0,35,Female,1,36.0,37.0,13.32,51.0,10.0,5.1000000000000005,-15.0,27.0,8.219999999999999,6,0,8,0.0226166666666977,0.3666666666666666
41,Random,3,56,36,0,1,Left,1.9806999999997208,,,6,0,3.943,0,2,1.2862000000001863,1.7874000000003725,0,35,Female,1,75.0,31.0,23.25,96.0,14.0,13.44,-21.0,17.0,9.81,7,0,16,0.3428333333333333,0.3666666666666666
41,Random,2,31,37,0,1,Left,1.736,,,6,0,5.182899999999907,0,2,1.6083999999999068,2.073799999999814,0,35,Female,1,48.0,35.0,16.799999999999997,61.0,19.0,11.59,-13.0,16.0,5.209999999999997,5,0,11,0.1361833333333488,0.3666666666666666
41,Random,1,20,39,0,1,Right,2.3872999999998137,,,6,0,4.360899999999907,0,2,1.6085,2.238699999999721,0,35,Female,1,36.0,68.0,24.48,55.0,48.0,26.4,-19.0,20.0,-1.9199999999999984,2,1,20,0.2731833333333489,0.3666666666666666
41,Random,3,41,42,0,1,Left,1.93480000000028,,,6,0,3.717799999999814,0,1,1.703100000000093,2.363,0,35,Female,1,50.0,89.0,44.5,66.0,67.0,44.220000000000006,-16.0,22.0,0.279999999999994,4,0,1,0.3803666666666976,0.3666666666666666
41,Random,1,8,43,0,1,Right,2.2268000000002792,,,6,0,4.488,0,2,1.4162000000001862,2.31,0,35,Female,1,17.0,73.0,12.41,42.0,63.0,26.46,-25.0,10.0,-14.05,0,1,8,0.2519999999999999,0.3666666666666666
41,Random,1,6,46,0,1,Left,2.1686999999997205,,,6,0,4.833399999999907,0,3,1.732,2.390100000000093,0,35,Female,2,78.0,38.0,29.64,90.0,15.0,13.5,-12.0,23.0,16.14,7,0,6,0.1944333333333488,0.3666666666666666
41,Random,2,29,50,1,0,Left,3.093,,,6,0,5.075100000000093,0,2,1.3740999999996275,1.8641999999997203,0,35,Female,1,2.0,34.0,0.68,29.0,13.0,3.77,-27.0,21.0,-3.09,2,1,9,0.1541499999999844,0.3666666666666666
41,Random,3,57,55,1,0,Left,1.9358000000007447,,,6,0,5.2755,0,2,0.9467999999998138,1.4847000000001862,0,35,Female,1,35.0,92.0,32.2,41.0,81.0,33.21,-6.0,11.0,-1.009999999999998,3,1,17,0.1207499999999999,0.3666666666666666
41,Random,3,55,6,0,1,Left,1.7553999999999068,,,6,0,4.562,0,3,3.0733000000002795,3.866600000000093,0,35,Female,2,41.0,64.0,26.24,52.0,51.0,26.52,-11.0,13.0,-0.2799999999999976,3,0,15,0.2396666666666666,0.3666666666666666
41,Random,1,12,60,1,0,Left,2.8558000000002792,,,6,0,3.4237000000001863,0,1,1.4420999999996276,1.9833999999999068,0,35,Female,1,56.0,75.0,42.0,81.0,74.0,59.94,-25.0,1.0,-17.939999999999998,0,1,12,0.4293833333333023,0.3666666666666666
41,Random,3,59,7,1,0,Left,1.6618000000007451,,,6,0,2.2511000000005588,0,2,1.5137999999998135,2.354200000000186,0,35,Female,1,61.0,62.0,37.82,69.0,61.0,42.09,-8.0,1.0,-4.269999999999996,2,1,19,0.6248166666665735,0.3666666666666666
41,Random,3,52,12,0,1,Left,1.708,,,8,0,6.009299999999814,0,1,0.8197999999998138,1.3741999999997203,0,35,Female,1,72.0,98.0,70.56,73.0,77.0,56.21,-1.0,21.0,14.35,7,0,12,0.2488375000000232,0.3666666666666666
41,Random,3,58,13,0,1,Left,2.7967000000001865,,,8,0,5.020299999999814,0,2,2.750200000000186,3.2647999999998136,0,35,Female,1,73.0,49.0,35.77,81.0,42.0,34.02,-8.0,7.0,1.75,4,0,18,0.3724625000000232,0.3666666666666666
41,Random,3,60,15,0,1,Left,1.5625999999996274,,,8,0,5.013100000000559,0,2,1.4284000000003725,2.1761000000005586,0,35,Female,1,36.0,75.0,27.0,52.0,61.0,31.72,-16.0,14.0,-4.719999999999999,2,0,20,0.3733624999999301,0.3666666666666666
41,Random,1,17,16,1,0,Right,2.9292000000001863,,,8,0,5.78269999999972,0,3,2.043100000000093,2.9506999999997205,0,35,Female,2,23.0,12.0,2.76,26.0,6.0,1.56,-3.0,6.0,1.1999999999999995,4,0,17,0.2771625000000349,0.3666666666666666
41,Random,2,24,17,0,1,Left,1.9948999999999069,,,8,0,5.7325,0,2,1.2978000000002794,1.8682000000001864,0,35,Female,1,31.0,38.0,11.78,46.0,29.0,13.34,-15.0,9.0,-1.5600000000000005,3,0,4,0.2834375,0.3666666666666666
41,Random,2,23,2,0,1,Left,2.959200000000186,,,8,0,4.487599999999627,0,1,1.2587000000001862,1.9999000000003728,0,35,Female,1,40.0,63.0,25.2,57.0,58.0,33.059999999999995,-17.0,5.0,-7.859999999999996,1,0,3,0.4390500000000465,0.3666666666666666
41,Random,2,32,21,0,1,Left,2.575600000000093,,,8,0,4.923100000000093,0,2,1.513600000000093,2.190399999999907,0,35,Female,1,26.0,59.0,15.34,36.0,33.0,11.88,-10.0,26.0,3.459999999999999,5,0,12,0.3846124999999883,0.3666666666666666
41,Random,2,35,22,1,0,Left,2.15930000000028,,,8,0,6.092600000000093,0,2,1.8658999999999069,2.667600000000093,0,35,Female,1,24.0,95.0,22.8,53.0,71.0,37.63,-29.0,24.0,-14.829999999999998,0,1,15,0.2384249999999883,0.3666666666666666
41,Random,3,44,32,1,0,Right,1.7798999999999068,,,8,0,5.320799999999814,0,1,1.1701000000000932,2.0501999999997205,0,35,Female,1,59.0,31.0,18.29,60.0,1.0,0.6,-1.0,30.0,17.689999999999998,7,0,4,0.3349000000000233,0.3666666666666666
41,Random,1,15,33,0,1,Right,2.560899999999907,,,8,0,5.4013999999999065,0,3,2.0747999999998137,2.7287999999998136,0,35,Female,2,57.0,51.0,29.07,62.0,48.0,29.76,-5.0,3.0,-0.6899999999999977,3,1,15,0.3248250000000117,0.3666666666666666
41,Random,1,1,44,1,0,Left,1.7853999999999068,,,8,0,4.187799999999814,0,2,4.803399999999907,6.492600000000093,0,35,Female,1,19.0,86.0,16.34,45.0,71.0,31.95,-26.0,15.0,-15.61,0,1,1,0.4765250000000233,0.3666666666666666
41,Random,1,7,47,1,0,Right,2.5195999999996275,,,8,0,5.781100000000093,0,3,1.5097000000001863,2.258100000000093,0,35,Female,2,68.0,30.0,20.4,89.0,16.0,14.24,-21.0,14.0,6.159999999999998,6,0,7,0.2773624999999884,0.3666666666666666
41,Random,2,37,48,0,1,Left,1.866600000000093,,,8,0,7.048200000000186,0,2,1.2377999999998135,1.8031000000000927,0,35,Female,1,35.0,68.0,23.8,54.0,43.0,23.22,-19.0,25.0,0.5800000000000018,4,0,17,0.1189749999999767,0.3666666666666666
41,Random,3,45,5,0,1,Left,2.1034000000003727,,,8,0,5.165100000000093,0,1,1.090600000000093,1.6522999999998138,0,35,Female,1,72.0,33.0,23.76,98.0,5.0,4.9,-26.0,28.0,18.86,7,0,5,0.3543624999999883,0.3666666666666666
41,Random,3,50,51,1,0,Right,2.435200000000186,,,8,0,6.191799999999814,0,1,1.2775,1.911899999999907,0,35,Female,1,41.0,94.0,38.54,48.0,70.0,33.599999999999994,-7.0,24.0,4.940000000000005,5,0,10,0.2260250000000232,0.3666666666666666
41,Random,2,26,56,1,0,Right,3.007299999999814,,,8,0,6.9397999999998135,0,3,0.9735,1.534,0,35,Female,2,62.0,34.0,21.08,86.0,15.0,12.9,-24.0,19.0,8.180000000000001,6,0,6,0.1325250000000233,0.3666666666666666
41,Random,1,4,57,1,0,Left,2.2937000000001864,,,8,0,5.239599999999627,0,2,3.1712000000001863,4.227700000000186,0,35,Female,1,59.0,94.0,55.46,86.0,89.0,76.54,-27.0,5.0,-21.080000000000013,0,1,4,0.3450500000000466,0.3666666666666666
41,Random,2,36,58,0,1,Right,2.557799999999814,,,8,0,5.143100000000093,0,4,1.2558000000002794,2.5247000000001862,0,35,Female,3,36.0,54.0,19.44,48.0,53.0,25.44,-12.0,1.0,-6.0,1,1,16,0.3571124999999884,0.3666666666666666
41,Random,1,3,59,0,1,Right,2.453599999999628,,,8,0,4.901600000000093,0,2,2.3451999999997204,3.186599999999628,0,35,Female,1,8.0,64.0,5.12,25.0,34.0,8.5,-17.0,30.0,-3.38,2,1,3,0.3872999999999883,0.3666666666666666
41,Random,3,48,10,1,0,Left,2.23630000000028,,,10,0,3.6956999999997207,0,2,1.2995,2.154100000000093,0,35,Female,1,5.0,55.0,2.75,35.0,36.0,12.6,-30.0,19.0,-9.85,1,1,8,0.6304300000000279,0.3666666666666666
41,Random,1,16,11,0,1,Left,1.969899999999907,,,10,0,4.354600000000093,0,1,1.9236000000000928,2.3746000000000933,0,35,Female,1,72.0,85.0,61.2,86.0,66.0,56.760000000000005,-14.0,19.0,4.439999999999991,5,0,16,0.5645399999999907,0.3666666666666666
41,Random,3,46,14,0,1,Left,1.8377000000001864,,,10,0,6.7461000000000935,0,1,0.9357000000001864,1.7407000000001862,0,35,Female,1,33.0,61.0,20.13,51.0,44.0,22.44,-18.0,17.0,-2.3100000000000023,2,0,6,0.3253899999999906,0.3666666666666666
41,Random,3,47,20,1,0,Left,2.679700000000186,,,10,0,6.406100000000093,0,4,1.252399999999907,2.178700000000186,0,35,Female,3,35.0,24.0,8.4,65.0,14.0,9.1,-30.0,10.0,-0.7000000000000011,3,1,7,0.3593899999999907,0.3666666666666666
41,Random,2,33,23,0,1,Right,2.4452000000001863,,,10,0,6.006,0,3,1.4481000000000932,2.1347999999998137,0,35,Female,2,52.0,36.0,18.72,63.0,27.0,17.01,-11.0,9.0,1.7099999999999973,4,1,13,0.3994,0.3666666666666666
41,Random,2,27,26,0,1,Left,1.8802999999998136,,,10,0,4.67719999999972,0,2,1.5345,2.0902000000001864,0,35,Female,1,95.0,74.0,70.3,97.0,49.0,47.53,-2.0,25.0,22.77,7,0,7,0.532280000000028,0.3666666666666666
41,Random,2,34,27,1,0,Right,2.517700000000186,,,10,0,6.314200000000186,0,2,1.3897000000001862,2.2993000000002795,0,35,Female,1,18.0,49.0,8.82,23.0,29.0,6.67,-5.0,20.0,2.1500000000000004,5,0,14,0.3685799999999813,0.3666666666666666
41,Random,1,9,29,1,0,Right,2.036099999999628,,,10,0,5.063799999999814,0,1,1.476,2.1066999999997207,0,35,Female,1,64.0,32.0,20.48,69.0,4.0,2.76,-5.0,28.0,17.72,7,0,9,0.4936200000000186,0.3666666666666666
41,Random,3,49,30,1,0,Right,2.282100000000093,,,10,0,4.898,0,1,1.53,2.2703999999999067,0,35,Female,1,71.0,82.0,58.22,80.0,78.0,62.400000000000006,-9.0,4.0,-4.180000000000007,2,0,9,0.5102,0.3666666666666666
41,Random,3,51,31,1,0,Left,3.69830000000028,,,10,0,5.6466000000000935,0,5,2.770600000000093,3.675299999999814,0,35,Female,3,59.0,23.0,13.57,74.0,22.0,16.28,-15.0,1.0,-2.710000000000001,2,1,11,0.4353399999999906,0.3666666666666666
41,Random,3,54,38,1,0,Left,1.953600000000093,,,10,0,4.627,0,2,1.6237000000001862,2.3793999999999067,0,35,Female,1,43.0,54.0,23.22,63.0,45.0,28.35,-20.0,9.0,-5.129999999999999,1,1,14,0.5373,0.3666666666666666
41,Random,2,21,40,0,1,Right,2.741200000000186,,,10,0,7.94930000000028,0,2,1.5112999999998138,2.0476000000000933,0,35,Female,1,30.0,41.0,12.3,60.0,35.0,21.0,-30.0,6.0,-8.700000000000001,1,1,1,0.205069999999972,0.3666666666666666
41,Random,3,42,41,1,0,Right,1.801600000000093,,,10,0,3.495,0,2,1.3035,1.9897000000001863,0,35,Female,1,35.0,40.0,14.0,48.0,10.0,4.800000000000001,-13.0,30.0,9.2,6,0,2,0.6505,0.3666666666666666
41,Random,1,10,45,1,0,Left,1.5518999999999068,,,10,0,4.825700000000186,0,1,1.435899999999907,2.195,0,35,Female,1,52.0,92.0,47.84,72.0,91.0,65.52,-20.0,1.0,-17.679999999999993,0,1,10,0.5174299999999814,0.3666666666666666
41,Random,1,5,49,0,1,Right,2.4155,,,10,0,6.428399999999907,0,2,3.4282000000001864,4.208399999999907,0,35,Female,1,69.0,87.0,60.03,99.0,86.0,85.14,-30.0,1.0,-25.11,0,1,5,0.3571600000000093,0.3666666666666666
41,Random,2,25,52,0,1,Left,1.7744000000003726,,,10,0,6.202,0,1,1.8692999999998137,2.564100000000093,0,35,Female,1,62.0,92.0,57.04,83.0,62.0,51.46,-21.0,30.0,5.579999999999998,5,0,5,0.3798,0.3666666666666666
41,Random,2,38,53,1,0,Right,3.2217000000001863,,,10,0,5.634199999999721,0,4,1.802100000000093,2.633,0,35,Female,3,69.0,28.0,19.32,81.0,23.0,18.630000000000003,-12.0,5.0,0.6899999999999977,4,0,18,0.4365800000000279,0.3666666666666666
41,Random,2,39,54,0,1,Left,3.2385,,,10,0,5.679,0,4,1.323,2.1781999999997206,0,35,Female,3,47.0,37.0,17.39,77.0,23.0,17.71,-30.0,14.0,-0.3200000000000003,3,0,19,0.4321,0.3666666666666666
41,Random,1,11,8,1,0,Right,2.228600000000093,,,10,0,5.3865,0,2,1.5477999999998138,2.359,0,35,Female,1,65.0,49.0,31.85,71.0,33.0,23.43,-6.0,16.0,8.419999999999998,6,0,11,0.46135,0.3666666666666666
41,Random,1,2,9,0,1,Left,2.0465,,,10,0,7.709299999999813,0,2,3.9951999999997208,5.052299999999814,0,35,Female,1,39.0,66.0,25.74,40.0,50.0,20.0,-1.0,16.0,5.740000000000002,6,0,2,0.2290700000000186,0.3666666666666666
42,Random,3,53,1,1,0,Left,2.4202000000476835,,,6,0,3.271599999904633,0,2,1.376600000023842,2.608200000047684,0,33,Female,1,18.0,44.0,7.92,40.0,39.0,15.6,-22.0,5.0,-7.6800000000000015,1,1,13,0.4547333333492278,0.5
42,Random,2,34,18,1,0,Right,2.181,,,6,0,4.828199999928475,0,3,6.504300000071526,7.973700000047684,0,33,Female,2,73.0,32.0,23.36,82.0,2.0,1.64,-9.0,30.0,21.72,7,0,14,0.1953000000119208,0.5
42,Random,3,48,19,1,0,Right,1.2582999999523163,,,6,0,4.699600000023842,0,2,1.729,2.898600000023842,0,33,Female,1,24.0,74.0,17.759999999999998,25.0,64.0,16.0,-1.0,10.0,1.759999999999998,5,0,8,0.2167333333293597,0.5
42,Random,1,16,24,1,0,Left,2.3052999999523163,,,6,0,3.647299999952317,0,1,1.6077999999523165,2.9077999999523163,0,33,Female,1,7.0,96.0,6.72,37.0,66.0,24.42,-30.0,30.0,-17.700000000000003,0,1,16,0.3921166666746138,0.5
42,Random,2,21,25,1,0,Right,1.7093000000715255,,,6,0,4.305699999928475,0,2,2.1601000000238417,3.328899999976158,0,33,Female,1,52.0,96.0,49.92,55.0,83.0,45.65,-3.0,13.0,4.270000000000003,5,0,1,0.2823833333452542,0.5
42,Random,2,33,28,0,1,Right,1.6427999999523162,,,6,0,4.157,0,2,1.5087000000476838,3.1281000000238417,0,33,Female,1,11.0,72.0,7.92,33.0,45.0,14.85,-22.0,27.0,-6.93,1,1,13,0.3071666666666666,0.5
42,Random,1,3,3,0,1,Left,1.1976999999284743,,,6,0,3.435,0,2,1.8646000000238416,8.676200000047684,0,33,Female,1,76.0,72.0,54.72,99.0,48.0,47.52,-23.0,24.0,7.200000000000003,6,0,3,0.4275,0.5
42,Random,2,36,34,0,1,Right,2.143399999976158,,,6,0,4.482600000023842,0,2,1.5926000000238418,2.611100000023842,0,33,Female,1,27.0,60.0,16.2,36.0,41.0,14.76,-9.0,19.0,1.4399999999999995,4,1,16,0.2528999999960263,0.5
42,Random,2,29,35,0,1,Left,2.806299999952316,,,6,0,4.8435,0,1,3.0935,4.0965,0,33,Female,1,36.0,37.0,13.32,51.0,10.0,5.1000000000000005,-15.0,27.0,8.219999999999999,6,0,9,0.19275,0.5
42,Random,1,20,36,1,0,Right,2.098100000023842,,,6,0,4.686399999976159,0,2,1.6272000000476836,2.6001000000238417,0,33,Female,1,75.0,31.0,23.25,96.0,14.0,13.44,-21.0,17.0,9.81,7,0,20,0.2189333333373067,0.5
42,Random,3,59,37,1,0,Right,2.655,,,6,0,4.0785,0,3,2.6247999999523164,3.777299999952316,0,33,Female,2,48.0,35.0,16.799999999999997,61.0,19.0,11.59,-13.0,16.0,5.209999999999997,5,0,19,0.32025,0.5
42,Random,3,55,39,1,0,Left,1.819899999976158,,,6,0,5.216100000023842,0,3,1.3791999999284743,2.5480999999046325,0,33,Female,2,36.0,68.0,24.48,55.0,48.0,26.4,-19.0,20.0,-1.9199999999999984,2,1,15,0.1306499999960263,0.5
42,Random,2,35,42,0,1,Left,1.664,,,6,0,4.138899999976158,0,2,2.9425,4.125700000047684,0,33,Female,1,50.0,89.0,44.5,66.0,67.0,44.220000000000006,-16.0,22.0,0.279999999999994,4,0,15,0.3101833333373069,0.5
42,Random,3,51,43,0,1,Right,1.806899999976158,,,6,0,6.245700000047684,0,2,1.796,2.8806000000238416,0,33,Female,1,17.0,73.0,12.41,42.0,63.0,26.46,-25.0,10.0,-14.05,0,1,11,0.0409500000079473,0.5
42,Random,1,15,46,1,0,Left,2.384799999952316,,,6,0,2.301899999976158,0,3,1.863700000047684,3.036400000095368,0,33,Female,2,78.0,38.0,29.64,90.0,15.0,13.5,-12.0,23.0,16.14,7,1,15,0.6163500000039737,0.5
42,Random,3,41,50,1,0,Left,1.7045,,,6,0,5.282399999976158,0,1,1.6611000000238418,3.0637999999523164,0,33,Female,1,2.0,34.0,0.68,29.0,13.0,3.77,-27.0,21.0,-3.09,2,1,1,0.1196000000039737,0.5
42,Random,3,56,55,1,0,Left,2.209700000047684,,,6,0,5.410200000047683,0,2,1.2189000000953674,2.2499000000953675,0,33,Female,1,35.0,92.0,32.2,41.0,81.0,33.21,-6.0,11.0,-1.009999999999998,3,1,16,0.0982999999920527,0.5
42,Random,3,52,6,0,1,Left,2.910700000047684,,,6,0,2.2515,0,3,1.879399999976158,3.010700000047684,0,33,Female,2,41.0,64.0,26.24,52.0,51.0,26.52,-11.0,13.0,-0.2799999999999976,3,0,12,0.62475,0.5
42,Random,1,12,60,0,1,Right,2.856,,,6,0,2.8783999999761583,0,2,2.447899999976158,3.546100000023842,0,33,Female,1,56.0,75.0,42.0,81.0,74.0,59.94,-25.0,1.0,-17.939999999999998,0,1,12,0.5202666666706403,0.5
42,Random,3,46,7,1,0,Right,2.6739000000953674,,,6,0,4.733300000071526,0,3,1.628100000023842,2.776200000047684,0,33,Female,2,61.0,62.0,37.82,69.0,61.0,42.09,-8.0,1.0,-4.269999999999996,2,0,6,0.2111166666547457,0.5
42,Random,3,44,12,1,0,Right,2.7548999999761583,,,8,0,5.962300000071526,0,3,1.8971000000238416,2.9492999999523164,0,33,Female,2,72.0,98.0,70.56,73.0,77.0,56.21,-1.0,21.0,14.35,7,0,4,0.2547124999910592,0.5
42,Random,1,6,13,1,0,Right,1.2469000000953674,,,8,0,4.842800000071525,0,3,2.4277999999523163,8.701199999928475,0,33,Female,2,73.0,49.0,35.77,81.0,42.0,34.02,-8.0,7.0,1.75,4,0,6,0.3946499999910594,0.5
42,Random,1,10,15,0,1,Left,0.9708999999761582,,,8,0,5.192,0,2,2.302,3.372700000047684,0,33,Female,1,36.0,75.0,27.0,52.0,61.0,31.72,-16.0,14.0,-4.719999999999999,2,0,10,0.351,0.5
42,Random,1,2,16,1,0,Right,1.3175,,,8,0,5.195700000047684,0,2,2.303700000047684,3.585399999976158,0,33,Female,1,23.0,12.0,2.76,26.0,6.0,1.56,-3.0,6.0,1.1999999999999995,4,0,2,0.3505374999940395,0.5
42,Random,3,50,17,0,1,Right,2.319399999976158,,,8,0,5.908899999976158,0,2,2.5372000000476835,3.637399999976158,0,33,Female,1,31.0,38.0,11.78,46.0,29.0,13.34,-15.0,9.0,-1.5600000000000005,3,1,10,0.2613875000029803,0.5
42,Random,1,14,2,0,1,Right,2.703700000047684,,,8,0,4.374600000023841,0,2,3.1137999999523163,4.115200000047683,0,33,Female,1,40.0,63.0,25.2,57.0,58.0,33.059999999999995,-17.0,5.0,-7.859999999999996,1,1,14,0.4531749999970198,0.5
42,Random,3,42,21,1,0,Left,2.2804000000953675,,,8,0,5.112700000047684,0,2,1.3265,2.4143999999761583,0,33,Female,1,26.0,59.0,15.34,36.0,33.0,11.88,-10.0,26.0,3.459999999999999,5,1,2,0.3609124999940395,0.5
42,Random,1,4,33,1,0,Right,1.2737000000476837,,,8,0,5.431799999952316,0,2,1.927899999976158,3.4481999999284745,0,33,Female,1,57.0,51.0,29.07,62.0,48.0,29.76,-5.0,3.0,-0.6899999999999977,3,0,4,0.3210250000059604,0.5
42,Random,3,58,4,1,0,Right,3.1959000000953672,,,8,0,5.113599999904633,0,3,1.4297999999523163,2.552600000023842,0,33,Female,2,72.0,82.0,59.04,73.0,81.0,59.13,-1.0,1.0,-0.0900000000000034,3,0,18,0.3608000000119209,0.5
42,Random,3,43,44,1,0,Right,2.832799999952316,,,8,0,5.321100000023842,0,2,1.7630999999046326,2.828799999952316,0,33,Female,1,19.0,86.0,16.34,45.0,71.0,31.95,-26.0,15.0,-15.61,0,0,3,0.3348624999970198,0.5
42,Random,2,24,47,0,1,Left,2.4865,,,8,0,4.782399999976158,0,2,1.6137999999523165,3.296899999976158,0,33,Female,1,68.0,30.0,20.4,89.0,16.0,14.24,-21.0,14.0,6.159999999999998,6,0,4,0.4022000000029803,0.5
42,Random,2,30,48,0,1,Right,2.4085,,,8,0,5.8335,0,2,1.7779000000953675,2.762700000047684,0,33,Female,1,35.0,68.0,23.8,54.0,43.0,23.22,-19.0,25.0,0.5800000000000018,4,1,10,0.2708125,0.5
42,Random,1,5,5,1,0,Left,1.482399999976158,,,8,0,5.348899999976158,0,2,2.3513000000715256,3.601800000071526,0,33,Female,1,72.0,33.0,23.76,98.0,5.0,4.9,-26.0,28.0,18.86,7,1,5,0.3313875000029802,0.5
42,Random,1,7,51,0,1,Right,1.8636999999284745,,,8,0,5.030899999976159,0,3,3.5605,4.793699999928474,0,33,Female,2,41.0,94.0,38.54,48.0,70.0,33.599999999999994,-7.0,24.0,4.940000000000005,5,1,7,0.37113750000298,0.5
42,Random,3,45,56,1,0,Left,2.353899999976158,,,8,0,5.225300000071526,0,3,1.5301000000238418,2.424100000023842,0,33,Female,2,62.0,34.0,21.08,86.0,15.0,12.9,-24.0,19.0,8.180000000000001,6,1,5,0.3468374999910593,0.5
42,Random,2,23,57,0,1,Right,2.385200000047684,,,8,0,5.262900000095367,0,2,1.5202999999523163,4.059600000023842,0,33,Female,1,59.0,94.0,55.46,86.0,89.0,76.54,-27.0,5.0,-21.080000000000013,0,1,3,0.3421374999880791,0.5
42,Random,1,18,58,1,0,Left,2.081699999928474,,,8,0,4.799899999976158,0,2,2.0702999999523164,3.271799999952316,0,33,Female,1,36.0,54.0,19.44,48.0,53.0,25.44,-12.0,1.0,-6.0,1,1,18,0.4000125000029803,0.5
42,Random,3,54,59,0,1,Right,1.7512000000476835,,,8,0,5.400899999976158,0,2,2.294,3.4463999999761583,0,33,Female,1,8.0,64.0,5.12,25.0,34.0,8.5,-17.0,30.0,-3.38,2,1,14,0.3248875000029803,0.5
42,Random,3,57,10,1,0,Left,1.9375,,,10,0,5.598200000047684,0,2,1.356,2.424699999928474,0,33,Female,1,5.0,55.0,2.75,35.0,36.0,12.6,-30.0,19.0,-9.85,1,1,17,0.4401799999952316,0.5
42,Random,2,22,11,0,1,Right,2.650700000047684,,,10,0,5.493600000023842,0,3,1.4748000000715256,2.594700000047684,0,33,Female,2,72.0,85.0,61.2,86.0,66.0,56.760000000000005,-14.0,19.0,4.439999999999991,5,1,2,0.4506399999976158,0.5
42,Random,1,13,14,1,0,Left,2.331100000023842,,,10,0,5.0677999999523164,0,2,1.5655999999046326,2.6185,0,33,Female,1,33.0,61.0,20.13,51.0,44.0,22.44,-18.0,17.0,-2.3100000000000023,2,1,13,0.4932200000047683,0.5
42,Random,1,17,20,0,1,Left,2.658,,,10,0,6.237899999976158,0,3,1.478399999976158,2.8011000000238417,0,33,Female,2,35.0,24.0,8.4,65.0,14.0,9.1,-30.0,10.0,-0.7000000000000011,3,0,17,0.3762100000023841,0.5
42,Random,2,32,23,1,0,Left,2.342200000047684,,,10,0,6.092399999976158,0,2,1.865200000047684,3.412100000023842,0,33,Female,1,52.0,36.0,18.72,63.0,27.0,17.01,-11.0,9.0,1.7099999999999973,4,1,12,0.3907600000023842,0.5
42,Random,2,26,26,0,1,Left,3.3057999999523164,,,10,0,5.805,0,2,1.5962999999523162,2.9117999999523163,0,33,Female,1,95.0,74.0,70.3,97.0,49.0,47.53,-2.0,25.0,22.77,7,0,6,0.4195,0.5
42,Random,2,37,27,0,1,Left,2.229,,,10,0,6.0175,0,3,1.6608999999761582,2.948399999976158,0,33,Female,2,18.0,49.0,8.82,23.0,29.0,6.67,-5.0,20.0,2.1500000000000004,5,0,17,0.39825,0.5
42,Random,2,28,29,0,1,Left,2.277600000023842,,,10,0,6.238,0,1,3.5085,4.728200000047684,0,33,Female,1,64.0,32.0,20.48,69.0,4.0,2.76,-5.0,28.0,17.72,7,0,8,0.3762,0.5
42,Random,2,27,30,1,0,Right,1.815700000047684,,,10,0,7.083700000047684,0,2,4.341399999976158,5.443899999976158,0,33,Female,1,71.0,82.0,58.22,80.0,78.0,62.400000000000006,-9.0,4.0,-4.180000000000007,2,0,7,0.2916299999952316,0.5
42,Random,1,8,31,1,0,Left,1.694899999976158,,,10,0,5.702399999976159,0,2,2.069200000047684,3.1523000000715258,0,33,Female,1,59.0,23.0,13.57,74.0,22.0,16.28,-15.0,1.0,-2.710000000000001,2,1,8,0.429760000002384,0.5
42,Random,2,38,38,1,0,Left,2.5001999999284745,,,10,0,7.731699999928474,0,2,2.076,3.163200000047684,0,33,Female,1,43.0,54.0,23.22,63.0,45.0,28.35,-20.0,9.0,-5.129999999999999,1,1,18,0.2268300000071526,0.5
42,Random,1,19,40,0,1,Left,3.13,,,10,0,5.703700000047684,0,3,1.7116999999284743,2.704899999976158,0,33,Female,2,30.0,41.0,12.3,60.0,35.0,21.0,-30.0,6.0,-8.700000000000001,1,0,19,0.4296299999952316,0.5
42,Random,2,31,41,0,1,Left,1.693100000023842,,,10,0,5.523300000071526,0,3,1.4773999999761582,2.396700000047684,0,33,Female,2,35.0,40.0,14.0,48.0,10.0,4.800000000000001,-13.0,30.0,9.2,6,0,11,0.4476699999928474,0.5
42,Random,1,11,45,1,0,Left,2.127900000095368,,,10,0,5.930199999928474,0,1,2.680899999976158,4.485299999952316,0,33,Female,1,52.0,92.0,47.84,72.0,91.0,65.52,-20.0,1.0,-17.679999999999993,0,1,11,0.4069800000071525,0.5
42,Random,2,25,52,0,1,Left,2.0376000000238417,,,10,0,6.953200000047684,0,2,2.1767999999523164,4.044600000023842,0,33,Female,1,62.0,92.0,57.04,83.0,62.0,51.46,-21.0,30.0,5.579999999999998,5,0,5,0.3046799999952315,0.5
42,Random,1,9,53,0,1,Left,1.2817999999523162,,,10,0,5.510400000095367,0,2,2.095600000023842,3.1726999999284744,0,33,Female,1,69.0,28.0,19.32,81.0,23.0,18.630000000000003,-12.0,5.0,0.6899999999999977,4,0,9,0.4489599999904633,0.5
42,Random,1,1,54,0,1,Left,0.8044000000953674,,,10,0,7.1793000000715255,0,2,3.241899999976158,4.332399999976158,0,33,Female,1,47.0,37.0,17.39,77.0,23.0,17.71,-30.0,14.0,-0.3200000000000003,3,0,1,0.2820699999928474,0.5
42,Random,3,47,8,1,0,Right,2.360899999976158,,,10,0,7.184900000095367,0,2,1.177,2.2958000000715257,0,33,Female,1,65.0,49.0,31.85,71.0,33.0,23.43,-6.0,16.0,8.419999999999998,6,0,7,0.2815099999904633,0.5
42,Random,3,60,9,1,0,Left,2.560399999976158,,,10,0,6.712799999952316,0,2,1.5415,2.8585,0,33,Female,1,39.0,66.0,25.74,40.0,50.0,20.0,-1.0,16.0,5.740000000000002,6,1,20,0.3287200000047684,0.5
43,Random,2,33,1,0,1,Right,1.8355,,,6,0,7.286699999928475,0,2,1.9668000000715256,3.2047000000476835,0,54,Female,1,18.0,44.0,7.92,40.0,39.0,15.6,-22.0,5.0,-7.6800000000000015,1,1,13,0.2144499999880791,0.3833333333333333
43,Random,3,44,19,0,1,Left,2.3375,,,6,0,8.551100000023842,0,2,1.8002999999523164,3.379299999952316,0,54,Female,1,24.0,74.0,17.759999999999998,25.0,64.0,16.0,-1.0,10.0,1.759999999999998,5,0,4,0.425183333337307,0.3833333333333333
43,Random,2,25,24,0,1,Right,2.667900000095368,,,6,0,10.372700000047685,0,2,2.315799999952316,3.675600000023842,0,54,Female,1,7.0,96.0,6.72,37.0,66.0,24.42,-30.0,30.0,-17.700000000000003,0,1,5,0.7287833333412808,0.3833333333333333
43,Random,3,49,25,0,1,Left,1.963,,,6,0,8.252600000023842,0,2,1.8400999999046328,2.9196999999284743,0,54,Female,1,52.0,96.0,49.92,55.0,83.0,45.65,-3.0,13.0,4.270000000000003,5,0,9,0.3754333333373069,0.3833333333333333
43,Random,1,11,28,0,1,Right,2.396400000095368,,,6,0,8.339,0,3,2.963,4.027799999952316,0,54,Female,2,11.0,72.0,7.92,33.0,45.0,14.85,-22.0,27.0,-6.93,1,1,11,0.3898333333333334,0.3833333333333333
43,Random,3,55,34,0,1,Left,2.7672000000476835,,,6,0,5.697799999952316,0,3,3.287,5.032300000071525,0,54,Female,2,27.0,60.0,16.2,36.0,41.0,14.76,-9.0,19.0,1.4399999999999995,4,0,15,0.0503666666746139,0.3833333333333333
43,Random,2,39,35,0,1,Left,1.3996000000238418,,,6,0,6.355,0,2,2.126400000095368,3.767400000095368,0,54,Female,1,36.0,37.0,13.32,51.0,10.0,5.1000000000000005,-15.0,27.0,8.219999999999999,6,0,19,0.0591666666666667,0.3833333333333333
43,Random,3,58,36,0,1,Left,1.867399999976158,,,6,0,9.481800000071525,0,1,2.51,3.541,0,54,Female,1,75.0,31.0,23.25,96.0,14.0,13.44,-21.0,17.0,9.81,7,0,18,0.5803000000119208,0.3833333333333333
43,Random,2,22,37,0,1,Left,2.083899999976158,,,6,0,10.160799999952316,0,3,2.9140999999046326,4.219899999976158,0,54,Female,2,48.0,35.0,16.799999999999997,61.0,19.0,11.59,-13.0,16.0,5.209999999999997,5,0,2,0.6934666666587193,0.3833333333333333
43,Random,1,2,39,1,0,Right,2.3703999999761582,,,6,0,6.016799999952316,0,3,2.401100000023842,5.050899999976158,0,54,Female,2,36.0,68.0,24.48,55.0,48.0,26.4,-19.0,20.0,-1.9199999999999984,2,0,2,0.0027999999920527,0.3833333333333333
43,Random,2,32,42,1,0,Right,2.9535,,,6,0,5.429800000071525,0,2,3.1836999999284745,5.198299999952316,0,54,Female,1,50.0,89.0,44.5,66.0,67.0,44.220000000000006,-16.0,22.0,0.279999999999994,4,0,12,0.0950333333214124,0.3833333333333333
43,Random,1,10,43,0,1,Right,1.761,,,6,0,7.1557999999523165,0,2,2.406400000095368,4.295400000095367,0,54,Female,1,17.0,73.0,12.41,42.0,63.0,26.46,-25.0,10.0,-14.05,0,1,10,0.1926333333253861,0.3833333333333333
43,Random,1,4,46,0,1,Left,2.3983999999761583,,,6,0,8.735399999976158,0,2,2.639300000071525,5.440200000047684,0,54,Female,1,78.0,38.0,29.64,90.0,15.0,13.5,-12.0,23.0,16.14,7,0,4,0.4558999999960263,0.3833333333333333
43,Random,3,43,50,0,1,Right,1.915700000047684,,,6,0,8.077300000071526,0,3,1.842200000047684,2.7795,0,54,Female,2,2.0,34.0,0.68,29.0,13.0,3.77,-27.0,21.0,-3.09,2,1,3,0.3462166666785877,0.3833333333333333
43,Random,1,8,55,1,0,Right,3.5946999999284746,,,6,0,7.2475,0,3,2.394200000047684,3.473399999976158,0,54,Female,2,35.0,92.0,32.2,41.0,81.0,33.21,-6.0,11.0,-1.009999999999998,3,0,8,0.2079166666666666,0.3833333333333333
43,Random,2,29,6,1,0,Right,3.2411000000238417,,,6,0,7.024399999976158,0,4,2.1378999999761583,3.5201999999284745,0,54,Female,3,41.0,64.0,26.24,52.0,51.0,26.52,-11.0,13.0,-0.2799999999999976,3,0,9,0.1707333333293596,0.3833333333333333
43,Random,3,56,60,1,0,Left,1.6097999999523165,,,6,0,7.437800000071525,0,2,1.3256999999284744,2.4627999999523165,0,54,Female,1,56.0,75.0,42.0,81.0,74.0,59.94,-25.0,1.0,-17.939999999999998,0,1,16,0.2396333333452542,0.3833333333333333
43,Random,1,12,7,1,0,Left,2.411100000023842,,,6,0,7.566600000023842,0,2,2.165600000023842,4.044400000095368,0,54,Female,1,61.0,62.0,37.82,69.0,61.0,42.09,-8.0,1.0,-4.269999999999996,2,1,12,0.2611000000039736,0.3833333333333333
43,Random,2,37,12,1,0,Right,1.6833999999761582,,,8,0,9.596900000095369,0,1,1.676100000023842,2.9305,0,54,Female,1,72.0,98.0,70.56,73.0,77.0,56.21,-1.0,21.0,14.35,7,0,17,0.1996125000119211,0.3833333333333333
43,Random,2,31,13,1,0,Right,3.6996999999284745,,,8,0,10.16639999997616,0,4,1.947200000047684,3.027200000047684,0,54,Female,3,73.0,49.0,35.77,81.0,42.0,34.02,-8.0,7.0,1.75,4,0,11,0.2707999999970201,0.3833333333333333
43,Random,3,51,15,0,1,Left,3.400399999976158,,,8,0,9.751,0,4,2.043600000023842,4.889300000071525,0,54,Female,3,36.0,75.0,27.0,52.0,61.0,31.72,-16.0,14.0,-4.719999999999999,2,0,11,0.2188749999999999,0.3833333333333333
43,Random,3,54,16,0,1,Left,2.2228999999761583,,,8,0,9.7655,0,2,1.6916999999284743,2.828099999904633,0,54,Female,1,23.0,12.0,2.76,26.0,6.0,1.56,-3.0,6.0,1.1999999999999995,4,0,14,0.2206874999999999,0.3833333333333333
43,Random,1,13,17,0,1,Right,3.347800000071526,,,8,0,8.398900000095367,0,4,2.380599999904633,6.315699999928475,0,54,Female,3,31.0,38.0,11.78,46.0,29.0,13.34,-15.0,9.0,-1.5600000000000005,3,1,13,0.0498625000119208,0.3833333333333333
43,Random,2,21,2,1,0,Left,1.968399999976158,,,8,0,11.3845,0,2,4.282,5.490600000023842,0,54,Female,1,40.0,63.0,25.2,57.0,58.0,33.059999999999995,-17.0,5.0,-7.859999999999996,1,1,1,0.4230624999999999,0.3833333333333333
43,Random,1,17,21,1,0,Right,1.928200000047684,,,8,0,10.708299999952317,0,2,2.3861000000238417,3.897400000095368,0,54,Female,1,26.0,59.0,15.34,36.0,33.0,11.88,-10.0,26.0,3.459999999999999,5,0,17,0.3385374999940396,0.3833333333333333
43,Random,1,9,22,1,0,Left,1.6993999999761582,,,8,0,7.912600000023842,0,2,3.0305,4.143899999976158,0,54,Female,1,24.0,95.0,22.8,53.0,71.0,37.63,-29.0,24.0,-14.829999999999998,0,1,9,0.0109249999970197,0.3833333333333333
43,Random,3,47,32,0,1,Left,1.4765,,,8,0,12.618300000071526,0,1,1.2408000000715256,2.8091000000238417,0,54,Female,1,59.0,31.0,18.29,60.0,1.0,0.6,-1.0,30.0,17.689999999999998,7,0,7,0.5772875000089408,0.3833333333333333
43,Random,2,26,33,1,0,Right,3.7405,,,8,0,9.543099999904632,0,4,1.7075,3.0595,0,54,Female,3,57.0,51.0,29.07,62.0,48.0,29.76,-5.0,3.0,-0.6899999999999977,3,0,6,0.1928874999880789,0.3833333333333333
43,Random,3,57,4,0,1,Right,3.793,,,8,0,11.315100000023842,0,4,2.105399999976158,3.4025,0,54,Female,3,72.0,82.0,59.04,73.0,81.0,59.13,-1.0,1.0,-0.0900000000000034,3,1,17,0.4143875000029802,0.3833333333333333
43,Random,1,7,44,0,1,Right,2.480399999976158,,,8,0,7.201,0,3,2.1487999999523164,3.2395,0,54,Female,2,19.0,86.0,16.34,45.0,71.0,31.95,-26.0,15.0,-15.61,0,1,7,0.099875,0.3833333333333333
43,Random,1,18,47,1,0,Right,1.8525,,,8,0,12.401299999952316,0,2,3.445799999952316,4.764099999904633,0,54,Female,1,68.0,30.0,20.4,89.0,16.0,14.24,-21.0,14.0,6.159999999999998,6,0,18,0.5501624999940395,0.3833333333333333
43,Random,1,1,48,0,1,Left,2.498600000023842,,,8,0,6.8378000000715256,0,4,3.085700000047684,5.564,0,54,Female,3,35.0,68.0,23.8,54.0,43.0,23.22,-19.0,25.0,0.5800000000000018,4,0,1,0.1452749999910593,0.3833333333333333
43,Random,2,40,5,1,0,Right,1.3137000000476835,,,8,0,9.61239999997616,0,2,5.556799999952316,7.107299999952316,0,54,Female,1,72.0,33.0,23.76,98.0,5.0,4.9,-26.0,28.0,18.86,7,0,20,0.20154999999702,0.3833333333333333
43,Random,3,41,51,1,0,Right,1.7016999999284743,,,8,0,13.128100000023842,0,2,2.382600000023842,3.2608000000715256,0,54,Female,1,41.0,94.0,38.54,48.0,70.0,33.599999999999994,-7.0,24.0,4.940000000000005,5,0,1,0.6410125000029803,0.3833333333333333
43,Random,1,6,56,1,0,Right,1.8326999999284743,,,8,0,8.122799999952317,0,2,2.882899999976158,4.115299999952316,0,54,Female,1,62.0,34.0,21.08,86.0,15.0,12.9,-24.0,19.0,8.180000000000001,6,0,6,0.0153499999940396,0.3833333333333333
43,Random,3,50,57,0,1,Right,2.803,,,8,0,9.317899999976158,0,2,3.006100000023842,4.213400000095367,0,54,Female,1,59.0,94.0,55.46,86.0,89.0,76.54,-27.0,5.0,-21.080000000000013,0,1,10,0.1647374999970197,0.3833333333333333
43,Random,2,28,58,1,0,Left,1.9085999999046328,,,8,0,9.998600000023842,0,1,2.6226000000238416,6.158399999976158,0,54,Female,1,36.0,54.0,19.44,48.0,53.0,25.44,-12.0,1.0,-6.0,1,1,8,0.2498250000029802,0.3833333333333333
43,Random,3,46,59,0,1,Right,2.0395999999046324,,,8,0,10.251700000047684,0,3,2.1925,3.481300000071525,0,54,Female,2,8.0,64.0,5.12,25.0,34.0,8.5,-17.0,30.0,-3.38,2,1,6,0.2814625000059605,0.3833333333333333
43,Random,2,35,10,1,0,Left,1.7521000000238418,,,10,0,9.683,0,2,2.2083999999761583,3.4652999999523164,0,54,Female,1,5.0,55.0,2.75,35.0,36.0,12.6,-30.0,19.0,-9.85,1,1,15,0.0317,0.3833333333333333
43,Random,3,52,11,0,1,Left,1.914600000023842,,,10,0,10.243299999952317,0,2,1.851600000023842,3.5386999999284745,0,54,Female,1,72.0,85.0,61.2,86.0,66.0,56.760000000000005,-14.0,19.0,4.439999999999991,5,0,12,0.0243299999952316,0.3833333333333333
43,Random,3,45,14,0,1,Left,3.032299999952316,,,10,0,11.487100000023842,0,4,2.4110999999046325,4.024899999976158,0,54,Female,3,33.0,61.0,20.13,51.0,44.0,22.44,-18.0,17.0,-2.3100000000000023,2,0,5,0.1487100000023842,0.3833333333333333
43,Random,1,14,20,0,1,Left,4.575899999976159,,,10,0,11.522199999928477,0,4,2.6112999999523163,3.9325999999046326,0,54,Female,3,35.0,24.0,8.4,65.0,14.0,9.1,-30.0,10.0,-0.7000000000000011,3,0,14,0.1522199999928476,0.3833333333333333
43,Random,3,60,23,1,0,Right,2.999,,,10,0,9.619600000023842,0,3,2.6233000000715254,3.669,0,54,Female,2,52.0,36.0,18.72,63.0,27.0,17.01,-11.0,9.0,1.7099999999999973,4,0,20,0.0380399999976157,0.3833333333333333
43,Random,1,16,26,1,0,Right,1.3973999999761582,,,10,0,13.17110000002384,0,1,2.609700000047684,4.696299999952316,0,54,Female,1,95.0,74.0,70.3,97.0,49.0,47.53,-2.0,25.0,22.77,7,0,16,0.317110000002384,0.3833333333333333
43,Random,2,30,27,0,1,Left,1.814,,,10,0,12.8345,0,2,2.6283999999761583,3.4665,0,54,Female,1,18.0,49.0,8.82,23.0,29.0,6.67,-5.0,20.0,2.1500000000000004,5,0,10,0.28345,0.3833333333333333
43,Random,1,19,29,1,0,Right,1.0566999999284743,,,10,0,10.369699999928477,0,1,2.5231000000238417,4.348699999928474,0,54,Female,1,64.0,32.0,20.48,69.0,4.0,2.76,-5.0,28.0,17.72,7,0,19,0.0369699999928476,0.3833333333333333
43,Random,3,59,30,1,0,Left,3.532,,,10,0,9.547799999952316,0,3,1.5212999999523162,2.831399999976158,0,54,Female,2,71.0,82.0,58.22,80.0,78.0,62.400000000000006,-9.0,4.0,-4.180000000000007,2,1,19,0.0452200000047684,0.3833333333333333
43,Random,2,36,31,1,0,Left,1.846200000047684,,,10,0,10.6735,0,3,2.2892999999523163,3.5292999999523165,0,54,Female,2,59.0,23.0,13.57,74.0,22.0,16.28,-15.0,1.0,-2.710000000000001,2,1,16,0.06735,0.3833333333333333
43,Random,1,3,38,0,1,Right,3.1333000000715256,,,10,0,9.089,0,3,3.181100000023842,5.518399999976158,0,54,Female,2,43.0,54.0,23.22,63.0,45.0,28.35,-20.0,9.0,-5.129999999999999,1,1,3,0.0910999999999999,0.3833333333333333
43,Random,1,15,40,1,0,Left,1.917,,,10,0,9.661100000023842,0,2,1.722,4.436200000047684,0,54,Female,1,30.0,41.0,12.3,60.0,35.0,21.0,-30.0,6.0,-8.700000000000001,1,1,15,0.0338899999976158,0.3833333333333333
43,Random,1,20,41,1,0,Right,1.594100000023842,,,10,0,10.8575,0,2,2.898299999952316,4.1717999999523165,0,54,Female,1,35.0,40.0,14.0,48.0,10.0,4.800000000000001,-13.0,30.0,9.2,6,0,20,0.0857499999999999,0.3833333333333333
43,Random,3,48,49,0,1,Right,1.8162999999523164,,,10,0,10.333800000071523,0,1,2.1745,4.103100000023842,0,54,Female,1,69.0,87.0,60.03,99.0,86.0,85.14,-30.0,1.0,-25.11,0,1,8,0.0333800000071523,0.3833333333333333
43,Random,2,27,52,0,1,Left,3.7333999999761582,,,10,0,11.223399999976158,0,3,2.9361999999284745,3.919399999976158,0,54,Female,2,62.0,92.0,57.04,83.0,62.0,51.46,-21.0,30.0,5.579999999999998,5,0,7,0.1223399999976157,0.3833333333333333
43,Random,1,5,54,1,0,Right,2.144700000047684,,,10,0,9.997099999904632,0,3,3.5603000000715257,5.385400000095367,0,54,Female,2,47.0,37.0,17.39,77.0,23.0,17.71,-30.0,14.0,-0.3200000000000003,3,0,5,0.0002900000095367,0.3833333333333333
43,Random,2,38,8,1,0,Right,1.590100000023842,,,10,0,9.689299999952317,0,2,1.889700000047684,2.904899999976158,0,54,Female,1,65.0,49.0,31.85,71.0,33.0,23.43,-6.0,16.0,8.419999999999998,6,0,18,0.0310700000047683,0.3833333333333333
43,Random,3,42,9,1,0,Right,1.569399999976158,,,10,0,9.411100000023842,0,2,1.6355,2.4198999999761583,0,54,Female,1,39.0,66.0,25.74,40.0,50.0,20.0,-1.0,16.0,5.740000000000002,6,0,2,0.0588899999976158,0.3833333333333333
44,Random,1,4,1,1,0,Left,4.604900000035763,,,6,0,6.538,0,2,2.831799999952316,3.594899999976158,1,38,Female,1,18.0,44.0,7.92,40.0,39.0,15.6,-22.0,5.0,-7.6800000000000015,1,1,4,0.0896666666666667,0.3166666666666666
44,Random,1,19,18,0,1,Left,1.9565,,,6,0,5.919300000011921,0,1,2.084699999988079,2.909100000023842,1,38,Female,1,73.0,32.0,23.36,82.0,2.0,1.64,-9.0,30.0,21.72,7,0,19,0.0134499999980131,0.3166666666666666
44,Random,3,60,19,0,1,Left,4.533,,,6,0,8.054100000023842,0,1,5.317800000011921,6.1755,1,38,Female,1,24.0,74.0,17.759999999999998,25.0,64.0,16.0,-1.0,10.0,1.759999999999998,5,0,20,0.3423500000039737,0.3166666666666666
44,Random,1,9,24,1,0,Left,5.578,,,6,0,6.875699999988079,0,3,4.088199999988079,5.763799999952316,1,38,Female,2,7.0,96.0,6.72,37.0,66.0,24.42,-30.0,30.0,-17.700000000000003,0,1,9,0.1459499999980131,0.3166666666666666
44,Random,3,53,25,1,0,Right,2.393599999964237,,,6,0,7.488800000011921,0,1,1.553,2.332600000023842,1,38,Female,1,52.0,96.0,49.92,55.0,83.0,45.65,-3.0,13.0,4.270000000000003,5,0,13,0.2481333333353201,0.3166666666666666
44,Random,3,47,28,0,1,Left,3.4128999999761582,,,6,0,6.966,0,3,2.8696999999880792,3.473199999988079,1,38,Female,2,11.0,72.0,7.92,33.0,45.0,14.85,-22.0,27.0,-6.93,1,0,7,0.161,0.3166666666666666
44,Random,3,43,3,1,0,Right,3.966899999976158,,,6,0,7.531900000035763,0,3,3.286,4.254199999988079,1,38,Female,2,76.0,72.0,54.72,99.0,48.0,47.52,-23.0,24.0,7.200000000000003,6,0,3,0.2553166666726271,0.3166666666666666
44,Random,3,58,34,1,0,Right,2.453,,,6,0,6.075300000011921,0,1,1.5448000000119209,2.5513999999761583,1,38,Female,1,27.0,60.0,16.2,36.0,41.0,14.76,-9.0,19.0,1.4399999999999995,4,0,18,0.0125500000019867,0.3166666666666666
44,Random,1,11,35,1,0,,4.373699999988079,,,6,0,6.355199999988079,1,3,3.9055,4.469600000023842,1,38,Female,2,36.0,37.0,13.32,51.0,10.0,5.1000000000000005,-15.0,27.0,8.219999999999999,6,0,11,0.0591999999980131,0.3166666666666666
44,Random,2,28,36,0,1,Left,3.009900000035763,,,6,0,7.7047000000476835,0,2,5.314899999976158,5.950300000011921,1,38,Female,1,75.0,31.0,23.25,96.0,14.0,13.44,-21.0,17.0,9.81,7,0,8,0.2841166666746139,0.3166666666666666
44,Random,2,39,37,0,1,Left,2.445600000023842,,,6,0,8.532100000023842,0,3,3.503899999976158,4.188399999976158,1,38,Female,2,48.0,35.0,16.799999999999997,61.0,19.0,11.59,-13.0,16.0,5.209999999999997,5,0,19,0.4220166666706403,0.3166666666666666
44,Random,1,18,39,1,0,Right,4.617100000023842,,,6,0,5.780300000011921,0,3,2.5245,4.851599999964237,1,38,Female,2,36.0,68.0,24.48,55.0,48.0,26.4,-19.0,20.0,-1.9199999999999984,2,0,18,0.0366166666646798,0.3166666666666666
44,Random,2,36,42,0,1,Left,3.513,,,6,0,5.125900000035763,0,2,2.5475,3.256800000011921,1,38,Female,1,50.0,89.0,44.5,66.0,67.0,44.220000000000006,-16.0,22.0,0.279999999999994,4,0,16,0.1456833333273728,0.3166666666666666
44,Random,1,13,43,1,0,Left,3.462199999988079,,,6,0,6.808899999976158,0,3,3.904,4.666600000023842,1,38,Female,2,17.0,73.0,12.41,42.0,63.0,26.46,-25.0,10.0,-14.05,0,1,13,0.134816666662693,0.3166666666666666
44,Random,2,21,46,1,0,Right,5.276899999976158,,,6,0,5.5476000000238415,0,2,12.986899999976158,13.38869999998808,1,38,Female,1,78.0,38.0,29.64,90.0,15.0,13.5,-12.0,23.0,16.14,7,0,1,0.0753999999960264,0.3166666666666666
44,Random,2,34,50,1,0,Right,2.702,,,6,0,6.914200000047684,0,4,3.408,4.2575,1,38,Female,3,2.0,34.0,0.68,29.0,13.0,3.77,-27.0,21.0,-3.09,2,0,14,0.1523666666746139,0.3166666666666666
44,Random,3,55,55,0,1,Left,2.911600000023842,,,6,0,6.9907999999523165,0,1,1.083600000023842,1.8288999999761584,1,38,Female,1,35.0,92.0,32.2,41.0,81.0,33.21,-6.0,11.0,-1.009999999999998,3,0,15,0.165133333325386,0.3166666666666666
44,Random,1,15,6,0,1,Left,4.967100000023842,,,6,0,6.4595,0,2,5.6355,7.79980000001192,1,38,Female,1,41.0,64.0,26.24,52.0,51.0,26.52,-11.0,13.0,-0.2799999999999976,3,0,15,0.0765833333333333,0.3166666666666666
44,Random,2,25,60,0,1,Right,2.539699999988079,,,6,0,6.259199999988079,0,1,1.1805,1.9363000000119208,1,38,Female,1,56.0,75.0,42.0,81.0,74.0,59.94,-25.0,1.0,-17.939999999999998,0,1,5,0.0431999999980131,0.3166666666666666
44,Random,2,30,7,1,0,Left,3.2691000000238417,,,6,0,6.609699999988079,0,1,2.241599999964237,2.709300000011921,1,38,Female,1,61.0,62.0,37.82,69.0,61.0,42.09,-8.0,1.0,-4.269999999999996,2,1,10,0.1016166666646798,0.3166666666666666
44,Random,3,46,12,1,0,Right,2.8276000000238417,,,8,0,9.15780000001192,0,1,3.277299999952316,4.105099999964237,1,38,Female,1,72.0,98.0,70.56,73.0,77.0,56.21,-1.0,21.0,14.35,7,0,6,0.1447250000014899,0.3166666666666666
44,Random,3,41,13,1,0,Left,0.8915,,,8,0,6.891599999964237,0,2,5.1465,5.765899999976158,1,38,Female,1,73.0,49.0,35.77,81.0,42.0,34.02,-8.0,7.0,1.75,4,1,1,0.1385500000044703,0.3166666666666666
44,Random,2,23,15,1,0,Right,2.2698000000119207,,,8,0,7.759300000011921,0,3,7.774399999976158,8.384399999976159,1,38,Female,2,36.0,75.0,27.0,52.0,61.0,31.72,-16.0,14.0,-4.719999999999999,2,0,3,0.0300874999985099,0.3166666666666666
44,Random,2,35,16,0,1,Left,2.728899999976158,,,8,0,7.497199999988079,0,3,2.4953999999761582,3.132,1,38,Female,2,23.0,12.0,2.76,26.0,6.0,1.56,-3.0,6.0,1.1999999999999995,4,0,15,0.0628500000014901,0.3166666666666666
44,Random,1,6,17,0,1,Left,4.702899999976158,,,8,0,7.9975,0,2,5.699199999988079,8.054800000011921,1,38,Female,1,31.0,38.0,11.78,46.0,29.0,13.34,-15.0,9.0,-1.5600000000000005,3,0,6,0.0003125,0.3166666666666666
44,Random,2,33,2,1,0,Left,2.411600000023842,,,8,0,8.956,0,3,1.4911999999880792,2.166300000011921,1,38,Female,2,40.0,63.0,25.2,57.0,58.0,33.059999999999995,-17.0,5.0,-7.859999999999996,1,1,13,0.1194999999999999,0.3166666666666666
44,Random,1,20,22,0,1,Left,3.390700000047684,,,8,0,8.638600000023843,0,2,2.5776000000238417,3.328600000023842,1,38,Female,1,24.0,95.0,22.8,53.0,71.0,37.63,-29.0,24.0,-14.829999999999998,0,0,20,0.0798250000029803,0.3166666666666666
44,Random,3,54,32,1,0,Right,1.2643999999761582,,,8,0,6.95019999998808,0,1,2.066799999952316,2.6377999999523163,1,38,Female,1,59.0,31.0,18.29,60.0,1.0,0.6,-1.0,30.0,17.689999999999998,7,0,14,0.1312250000014899,0.3166666666666666
44,Random,3,57,33,0,1,Right,3.7135,,,8,0,9.7015,0,2,3.8156000000238417,4.43,1,38,Female,1,57.0,51.0,29.07,62.0,48.0,29.76,-5.0,3.0,-0.6899999999999977,3,1,17,0.2126874999999999,0.3166666666666666
44,Random,1,14,4,1,0,Left,4.748699999988079,,,8,0,8.254200000047684,0,1,2.596199999988079,3.624799999952317,1,38,Female,1,72.0,82.0,59.04,73.0,81.0,59.13,-1.0,1.0,-0.0900000000000034,3,1,14,0.0317750000059604,0.3166666666666666
44,Random,1,3,44,0,1,Right,2.835099999964237,,,8,0,7.8856000000238415,0,3,3.723,4.403899999976158,1,38,Female,2,19.0,86.0,16.34,45.0,71.0,31.95,-26.0,15.0,-15.61,0,1,3,0.0142999999970198,0.3166666666666666
44,Random,3,49,47,0,1,Left,3.487,,,8,0,9.488700000047684,0,3,1.516,2.111600000023842,1,38,Female,2,68.0,30.0,20.4,89.0,16.0,14.24,-21.0,14.0,6.159999999999998,6,0,9,0.1860875000059605,0.3166666666666666
44,Random,1,10,48,1,0,Right,4.373699999988079,,,8,0,8.447,0,2,2.2346000000238417,2.922900000035763,1,38,Female,1,35.0,68.0,23.8,54.0,43.0,23.22,-19.0,25.0,0.5800000000000018,4,0,10,0.0558749999999999,0.3166666666666666
44,Random,3,51,5,1,0,Right,2.351299999952316,,,8,0,8.827099999964236,0,1,5.539299999952316,7.536199999988079,1,38,Female,1,72.0,33.0,23.76,98.0,5.0,4.9,-26.0,28.0,18.86,7,0,11,0.1033874999955295,0.3166666666666666
44,Random,3,59,51,0,1,Left,3.513700000047684,,,8,0,8.246099999964237,0,1,1.020199999988079,3.118899999976158,1,38,Female,1,41.0,94.0,38.54,48.0,70.0,33.599999999999994,-7.0,24.0,4.940000000000005,5,0,19,0.0307624999955296,0.3166666666666666
44,Random,2,22,56,0,1,Left,3.410899999976158,,,8,0,8.909599999964238,0,2,5.323,6.098100000023842,1,38,Female,1,62.0,34.0,21.08,86.0,15.0,12.9,-24.0,19.0,8.180000000000001,6,0,2,0.1136999999955297,0.3166666666666666
44,Random,3,44,57,0,1,Left,4.487,,,8,0,7.9348999999761585,0,3,5.664699999988079,6.518,1,38,Female,2,59.0,94.0,55.46,86.0,89.0,76.54,-27.0,5.0,-21.080000000000013,0,0,4,0.0081375000029801,0.3166666666666666
44,Random,1,12,58,0,1,Right,2.3816999999880792,,,8,0,7.951899999976158,0,1,5.778900000035763,6.628400000035763,1,38,Female,1,36.0,54.0,19.44,48.0,53.0,25.44,-12.0,1.0,-6.0,1,1,12,0.0060125000029802,0.3166666666666666
44,Random,2,31,59,1,0,Left,2.190399999976158,,,8,0,8.232600000023842,0,2,4.994100000023842,5.679100000023842,1,38,Female,1,8.0,64.0,5.12,25.0,34.0,8.5,-17.0,30.0,-3.38,2,1,11,0.0290750000029802,0.3166666666666666
44,Random,2,24,10,1,0,Left,1.725800000011921,,,10,0,10.617899999976158,0,3,6.385299999952316,6.843899999976158,1,38,Female,2,5.0,55.0,2.75,35.0,36.0,12.6,-30.0,19.0,-9.85,1,1,4,0.0617899999976158,0.3166666666666666
44,Random,1,16,11,0,1,Left,3.834300000011921,,,10,0,8.8505,0,2,2.1016000000238417,2.5696000000238417,1,38,Female,1,72.0,85.0,61.2,86.0,66.0,56.760000000000005,-14.0,19.0,4.439999999999991,5,0,16,0.1149499999999999,0.3166666666666666
44,Random,3,42,14,1,0,Right,3.239,,,10,0,9.91819999998808,0,2,2.3108999999761584,3.1941999999880792,1,38,Female,1,33.0,61.0,20.13,51.0,44.0,22.44,-18.0,17.0,-2.3100000000000023,2,0,2,0.008180000001192,0.3166666666666666
44,Random,3,48,23,1,0,Right,2.179100000023842,,,10,0,10.473,0,2,3.195600000023842,3.884399999976158,1,38,Female,1,52.0,36.0,18.72,63.0,27.0,17.01,-11.0,9.0,1.7099999999999973,4,0,8,0.0473,0.3166666666666666
44,Random,2,38,26,0,1,Left,3.573100000023842,,,10,0,9.399899999976158,0,3,2.933900000035763,3.677400000035763,1,38,Female,2,95.0,74.0,70.3,97.0,49.0,47.53,-2.0,25.0,22.77,7,0,18,0.0600100000023841,0.3166666666666666
44,Random,1,1,27,1,0,Right,3.198300000011921,,,10,0,9.3715,0,3,4.312699999988079,5.0578000000119205,1,38,Female,2,18.0,49.0,8.82,23.0,29.0,6.67,-5.0,20.0,2.1500000000000004,5,0,1,0.06285,0.3166666666666666
44,Random,1,5,29,1,0,Right,3.7034000000357614,,,10,0,9.389099999964236,0,1,2.421,3.484699999988079,1,38,Female,1,64.0,32.0,20.48,69.0,4.0,2.76,-5.0,28.0,17.72,7,0,5,0.0610900000035764,0.3166666666666666
44,Random,3,52,30,0,1,Right,3.642300000011921,,,10,0,9.38830000001192,0,1,2.074099999964237,3.6905,1,38,Female,1,71.0,82.0,58.22,80.0,78.0,62.400000000000006,-9.0,4.0,-4.180000000000007,2,1,12,0.0611699999988079,0.3166666666666666
44,Random,2,37,31,0,1,Right,3.4915,,,10,0,9.438,0,3,2.209400000035763,3.2074000000357628,1,38,Female,2,59.0,23.0,13.57,74.0,22.0,16.28,-15.0,1.0,-2.710000000000001,2,1,17,0.0561999999999999,0.3166666666666666
44,Random,1,8,38,0,1,Left,4.6275,,,10,0,9.48210000002384,0,2,3.8396000000238417,4.516,1,38,Female,1,43.0,54.0,23.22,63.0,45.0,28.35,-20.0,9.0,-5.129999999999999,1,0,8,0.051789999997616,0.3166666666666666
44,Random,2,40,40,1,0,Left,4.0018000000119205,,,10,0,10.703399999976158,0,4,1.644,2.444,1,38,Female,3,30.0,41.0,12.3,60.0,35.0,21.0,-30.0,6.0,-8.700000000000001,1,1,20,0.0703399999976158,0.3166666666666666
44,Random,2,32,41,1,0,Right,3.538700000047684,,,10,0,9.366599999964237,0,2,3.476299999952316,5.2235,1,38,Female,1,35.0,40.0,14.0,48.0,10.0,4.800000000000001,-13.0,30.0,9.2,6,0,12,0.0633400000035763,0.3166666666666666
44,Random,2,26,45,0,1,Right,1.75,,,10,0,11.165399999976158,0,1,2.441099999964237,2.921599999964237,1,38,Female,1,52.0,92.0,47.84,72.0,91.0,65.52,-20.0,1.0,-17.679999999999993,0,1,6,0.1165399999976157,0.3166666666666666
44,Random,1,17,49,0,1,Right,3.2365,,,10,0,8.032,0,2,3.270699999988079,4.2915,1,38,Female,1,69.0,87.0,60.03,99.0,86.0,85.14,-30.0,1.0,-25.11,0,1,17,0.1968,0.3166666666666666
44,Random,3,50,52,0,1,Left,3.282100000023842,,,10,0,10.237,0,2,5.691,6.119800000011921,1,38,Female,1,62.0,92.0,57.04,83.0,62.0,51.46,-21.0,30.0,5.579999999999998,5,0,10,0.0237,0.3166666666666666
44,Random,1,7,53,0,1,Left,6.379800000011921,,,10,0,10.15210000002384,0,2,2.692600000023842,3.638800000011921,1,38,Female,1,69.0,28.0,19.32,81.0,23.0,18.630000000000003,-12.0,5.0,0.6899999999999977,4,0,7,0.0152100000023839,0.3166666666666666
44,Random,3,45,54,0,1,Left,3.739399999976158,,,10,0,9.234199999988078,0,3,1.5022000000476836,2.361800000011921,1,38,Female,2,47.0,37.0,17.39,77.0,23.0,17.71,-30.0,14.0,-0.3200000000000003,3,0,5,0.0765800000011921,0.3166666666666666
44,Random,2,27,8,1,0,Right,2.400199999988079,,,10,0,10.43719999998808,0,2,4.7765,5.711,1,38,Female,1,65.0,49.0,31.85,71.0,33.0,23.43,-6.0,16.0,8.419999999999998,6,0,7,0.0437199999988079,0.3166666666666666
44,Random,2,29,9,1,0,Left,3.1382999999523165,,,10,0,9.913900000035763,0,3,3.9839000000357614,4.7705,1,38,Female,2,39.0,66.0,25.74,40.0,50.0,20.0,-1.0,16.0,5.740000000000002,6,1,9,0.0086099999964236,0.3166666666666666
45,Block,1,19,1,1,0,Left,5.072700000047684,,,6,0,2.9895,0,4,0.8312000000476837,1.7924000000953677,0,43,Female,3,18.0,44.0,7.92,40.0,39.0,15.6,-22.0,5.0,-7.6800000000000015,1,1,19,0.50175,0.2333333333333333
45,Block,1,2,18,1,0,Right,4.535799999952316,,,6,0,1.9615,0,3,1.7930999999046326,2.5775999999046326,0,43,Female,2,73.0,32.0,23.36,82.0,2.0,1.64,-9.0,30.0,21.72,7,0,2,0.6730833333333334,0.2333333333333333
45,Block,1,12,19,0,1,Left,2.478,,,6,0,3.711,0,2,1.18,1.980900000095368,0,43,Female,1,24.0,74.0,17.759999999999998,25.0,64.0,16.0,-1.0,10.0,1.759999999999998,5,0,12,0.3815,0.2333333333333333
45,Block,1,18,24,1,0,Right,4.201299999952316,,,6,0,2.785,0,4,1.1679000000953674,2.2245,0,43,Female,3,7.0,96.0,6.72,37.0,66.0,24.42,-30.0,30.0,-17.700000000000003,0,0,18,0.5358333333333333,0.2333333333333333
45,Block,1,6,25,0,1,Left,2.419,,,6,0,2.3045999999046325,0,2,1.239400000095367,1.928200000047684,0,43,Female,1,52.0,96.0,49.92,55.0,83.0,45.65,-3.0,13.0,4.270000000000003,5,0,6,0.6159000000158946,0.2333333333333333
45,Block,1,5,28,0,1,,4.6885,,,6,0,2.259800000190735,1,4,2.278400000095368,3.231,0,43,Female,3,11.0,72.0,7.92,33.0,45.0,14.85,-22.0,27.0,-6.93,1,1,5,0.6233666666348775,0.2333333333333333
45,Block,1,8,3,0,1,Left,2.952700000047684,,,6,0,4.469700000047684,0,2,1.2859000000953675,2.3839000000953674,0,43,Female,1,76.0,72.0,54.72,99.0,48.0,47.52,-23.0,24.0,7.200000000000003,6,0,8,0.2550499999920526,0.2333333333333333
45,Block,1,3,34,1,0,Right,3.509600000143051,,,6,0,2.427,0,2,1.2208000001907349,2.348900000095368,0,43,Female,1,27.0,60.0,16.2,36.0,41.0,14.76,-9.0,19.0,1.4399999999999995,4,0,3,0.5955,0.2333333333333333
45,Block,1,20,35,0,1,Left,3.337100000143052,,,6,0,3.713299999952316,0,2,1.0637000000476835,2.456,0,43,Female,1,36.0,37.0,13.32,51.0,10.0,5.1000000000000005,-15.0,27.0,8.219999999999999,6,0,20,0.3811166666746139,0.2333333333333333
45,Block,1,17,36,1,0,Right,3.870799999952317,,,6,0,4.359799999952316,0,3,1.011699999809265,1.837,0,43,Female,2,75.0,31.0,23.25,96.0,14.0,13.44,-21.0,17.0,9.81,7,0,17,0.2733666666746139,0.2333333333333333
45,Block,1,9,37,0,1,Left,2.518,,,6,0,4.9230999999046325,0,2,1.1185999999046323,2.055,0,43,Female,1,48.0,35.0,16.799999999999997,61.0,19.0,11.59,-13.0,16.0,5.209999999999997,5,0,9,0.1794833333492279,0.2333333333333333
45,Block,1,14,39,0,1,Right,2.8175999999046324,,,6,0,4.313299999952316,0,3,0.6867999999523163,1.4704000000953674,0,43,Female,2,36.0,68.0,24.48,55.0,48.0,26.4,-19.0,20.0,-1.9199999999999984,2,1,14,0.2811166666746139,0.2333333333333333
45,Block,1,10,42,1,0,Right,1.840700000047684,,,6,0,4.141,0,2,1.1578999998569488,1.927,0,43,Female,1,50.0,89.0,44.5,66.0,67.0,44.220000000000006,-16.0,22.0,0.279999999999994,4,0,10,0.3098333333333333,0.2333333333333333
45,Block,1,16,43,1,0,Left,2.4725,,,6,0,5.6145,0,3,0.827,1.6832999999523164,0,43,Female,2,17.0,73.0,12.41,42.0,63.0,26.46,-25.0,10.0,-14.05,0,1,16,0.06425,0.2333333333333333
45,Block,1,4,46,0,1,Left,4.6885,,,6,0,2.4515999999046327,0,2,1.5947000000476836,2.6914000000953675,0,43,Female,1,78.0,38.0,29.64,90.0,15.0,13.5,-12.0,23.0,16.14,7,0,4,0.5914000000158945,0.2333333333333333
45,Block,1,1,50,1,0,Left,4.5757999999523165,,,6,0,1.5302000000476836,0,4,1.8765999999046328,3.501,0,43,Female,3,2.0,34.0,0.68,29.0,13.0,3.77,-27.0,21.0,-3.09,2,1,1,0.7449666666587195,0.2333333333333333
45,Block,1,15,55,1,0,Right,2.055800000190735,,,6,0,4.8101999998092655,0,2,0.9046000001430512,1.7284000000953674,0,43,Female,1,35.0,92.0,32.2,41.0,81.0,33.21,-6.0,11.0,-1.009999999999998,3,0,15,0.198300000031789,0.2333333333333333
45,Block,1,7,6,0,1,Left,2.370600000143051,,,6,0,3.047300000190735,0,2,1.051899999856949,1.836199999809265,0,43,Female,1,41.0,64.0,26.24,52.0,51.0,26.52,-11.0,13.0,-0.2799999999999976,3,0,7,0.4921166666348775,0.2333333333333333
45,Block,1,13,60,0,1,Right,3.699400000095368,,,6,0,4.3535,0,3,1.9410999999046328,2.765899999856949,0,43,Female,2,56.0,75.0,42.0,81.0,74.0,59.94,-25.0,1.0,-17.939999999999998,0,1,13,0.2744166666666666,0.2333333333333333
45,Block,1,11,7,0,1,Right,3.2085,,,6,0,4.673299999952317,0,2,1.4655,3.1857999999523163,0,43,Female,1,61.0,62.0,37.82,69.0,61.0,42.09,-8.0,1.0,-4.269999999999996,2,1,11,0.2211166666746139,0.2333333333333333
45,Block,2,37,12,1,0,Right,2.359400000095367,,,8,0,6.545799999952316,0,1,1.2881000001430511,1.968100000143051,0,43,Female,1,72.0,98.0,70.56,73.0,77.0,56.21,-1.0,21.0,14.35,7,0,17,0.1817750000059604,0.2333333333333333
45,Block,2,33,13,0,1,Left,4.921700000047684,,,8,0,4.725399999856949,0,3,0.6763999998569489,1.5405999999046325,0,43,Female,2,73.0,49.0,35.77,81.0,42.0,34.02,-8.0,7.0,1.75,4,0,13,0.4093250000178814,0.2333333333333333
45,Block,2,40,15,1,0,Right,2.0239000000953675,,,8,0,7.338,0,3,1.0367999999523163,1.828399999856949,0,43,Female,2,36.0,75.0,27.0,52.0,61.0,31.72,-16.0,14.0,-4.719999999999999,2,0,20,0.0827499999999999,0.2333333333333333
45,Block,2,27,16,1,0,Right,2.9978999998569487,,,8,0,4.595700000047684,0,2,0.9351999998092652,2.159799999952316,0,43,Female,1,23.0,12.0,2.76,26.0,6.0,1.56,-3.0,6.0,1.1999999999999995,4,0,7,0.4255374999940394,0.2333333333333333
45,Block,2,30,17,1,0,Right,3.6205,,,8,0,5.121100000143051,0,3,0.8616999998092651,1.8698999998569488,0,43,Female,2,31.0,38.0,11.78,46.0,29.0,13.34,-15.0,9.0,-1.5600000000000005,3,0,10,0.3598624999821186,0.2333333333333333
45,Block,2,21,2,0,1,Left,3.946399999856949,,,8,0,5.201099999904633,0,2,1.9491000001430512,2.829200000047684,0,43,Female,1,40.0,63.0,25.2,57.0,58.0,33.059999999999995,-17.0,5.0,-7.859999999999996,1,0,1,0.3498625000119209,0.2333333333333333
45,Block,2,23,21,0,1,Left,3.745199999809265,,,8,0,5.882399999856949,0,3,1.0275,1.971900000095368,0,43,Female,2,26.0,59.0,15.34,36.0,33.0,11.88,-10.0,26.0,3.459999999999999,5,0,3,0.2647000000178814,0.2333333333333333
45,Block,2,24,22,1,0,Right,2.888400000095368,,,8,0,6.615299999952316,0,3,1.2924000000953677,2.148200000047684,0,43,Female,2,24.0,95.0,22.8,53.0,71.0,37.63,-29.0,24.0,-14.829999999999998,0,0,4,0.1730875000059605,0.2333333333333333
45,Block,2,38,32,1,0,Right,2.573399999856949,,,8,0,7.877299999952316,0,1,0.8590999999046326,1.6842999999523165,0,43,Female,1,59.0,31.0,18.29,60.0,1.0,0.6,-1.0,30.0,17.689999999999998,7,0,18,0.0153375000059604,0.2333333333333333
45,Block,2,36,33,1,0,Right,3.045700000047684,,,8,0,6.397300000190735,0,3,0.9872999999523164,1.9395999999046325,0,43,Female,2,57.0,51.0,29.07,62.0,48.0,29.76,-5.0,3.0,-0.6899999999999977,3,0,16,0.2003374999761581,0.2333333333333333
45,Block,2,35,4,0,1,Left,3.5785,,,8,0,7.565299999952316,0,1,1.1581999998092651,2.1185999999046325,0,43,Female,1,72.0,82.0,59.04,73.0,81.0,59.13,-1.0,1.0,-0.0900000000000034,3,0,15,0.0543375000059604,0.2333333333333333
45,Block,2,34,44,0,1,Right,3.0495,,,8,0,7.794399999856949,0,5,1.3001000001430512,2.2844000000953675,0,43,Female,3,19.0,86.0,16.34,45.0,71.0,31.95,-26.0,15.0,-15.61,0,1,14,0.0257000000178814,0.2333333333333333
45,Block,2,25,47,1,0,Right,2.891600000143052,,,8,0,6.237,0,2,1.1095,2.1182999999523164,0,43,Female,1,68.0,30.0,20.4,89.0,16.0,14.24,-21.0,14.0,6.159999999999998,6,0,5,0.220375,0.2333333333333333
45,Block,2,39,48,0,1,Left,2.957899999856949,,,8,0,6.158799999952317,0,3,0.718,1.6218999998569488,0,43,Female,2,35.0,68.0,23.8,54.0,43.0,23.22,-19.0,25.0,0.5800000000000018,4,0,19,0.2301500000059604,0.2333333333333333
45,Block,2,28,5,0,1,Left,2.651900000095368,,,8,0,5.907200000047684,0,2,0.8838999998569489,1.7165999999046326,0,43,Female,1,72.0,33.0,23.76,98.0,5.0,4.9,-26.0,28.0,18.86,7,0,8,0.2615999999940395,0.2333333333333333
45,Block,2,32,51,1,0,Right,3.7195,,,8,0,5.209399999856949,0,1,0.907,1.9071999998092648,0,43,Female,1,41.0,94.0,38.54,48.0,70.0,33.599999999999994,-7.0,24.0,4.940000000000005,5,0,12,0.3488250000178814,0.2333333333333333
45,Block,2,29,56,1,0,Right,2.647799999952316,,,8,0,6.965799999952316,0,2,1.1935,2.1542000000476835,0,43,Female,1,62.0,34.0,21.08,86.0,15.0,12.9,-24.0,19.0,8.180000000000001,6,0,9,0.1292750000059604,0.2333333333333333
45,Block,2,22,57,1,0,Right,2.4365,,,8,0,6.362800000190735,0,2,1.4797000000476837,2.224100000143052,0,43,Female,1,59.0,94.0,55.46,86.0,89.0,76.54,-27.0,5.0,-21.080000000000013,0,0,2,0.204649999976158,0.2333333333333333
45,Block,2,26,58,1,0,Left,3.889400000095368,,,8,0,6.522100000143051,0,3,0.847,1.6162999999523162,0,43,Female,2,36.0,54.0,19.44,48.0,53.0,25.44,-12.0,1.0,-6.0,1,1,6,0.1847374999821186,0.2333333333333333
45,Block,2,31,59,0,1,Left,4.200900000095367,,,8,0,6.599699999809265,0,5,1.7505,2.8709000000953675,0,43,Female,3,8.0,64.0,5.12,25.0,34.0,8.5,-17.0,30.0,-3.38,2,0,11,0.1750375000238418,0.2333333333333333
45,Block,3,58,10,1,0,Left,4.674099999904633,,,10,0,9.239900000095368,0,5,1.6923999998569488,2.6605,0,43,Female,3,5.0,55.0,2.75,35.0,36.0,12.6,-30.0,19.0,-9.85,1,1,18,0.0760099999904632,0.2333333333333333
45,Block,3,44,11,0,1,Left,2.176100000143052,,,10,0,12.637799999952316,0,2,0.8726000001430512,1.7923000001907348,0,43,Female,1,72.0,85.0,61.2,86.0,66.0,56.760000000000005,-14.0,19.0,4.439999999999991,5,0,4,0.2637799999952316,0.2333333333333333
45,Block,3,59,14,1,0,Right,4.255899999856949,,,10,0,7.262599999904633,0,3,1.1119000000953674,2.0243000001907347,0,43,Female,2,33.0,61.0,20.13,51.0,44.0,22.44,-18.0,17.0,-2.3100000000000023,2,0,19,0.2737400000095367,0.2333333333333333
45,Block,3,52,20,1,0,Right,2.601299999952316,,,10,0,10.619599999904633,0,4,1.7490999999046326,2.5655,0,43,Female,3,35.0,24.0,8.4,65.0,14.0,9.1,-30.0,10.0,-0.7000000000000011,3,0,12,0.0619599999904632,0.2333333333333333
45,Block,3,51,23,1,0,Right,3.2097999999523164,,,10,0,9.357400000095367,0,3,1.3534000000953674,2.075,0,43,Female,2,52.0,36.0,18.72,63.0,27.0,17.01,-11.0,9.0,1.7099999999999973,4,0,11,0.0642599999904632,0.2333333333333333
45,Block,3,48,26,0,1,Left,2.3257000000476835,,,10,0,10.129099999904632,0,1,1.4512000000476837,2.220200000047684,0,43,Female,1,95.0,74.0,70.3,97.0,49.0,47.53,-2.0,25.0,22.77,7,0,8,0.0129099999904632,0.2333333333333333
45,Block,3,57,27,1,0,Right,3.1308999998569487,,,10,0,10.54710000014305,0,3,1.0525,1.7481000001430511,0,43,Female,2,18.0,49.0,8.82,23.0,29.0,6.67,-5.0,20.0,2.1500000000000004,5,0,17,0.054710000014305,0.2333333333333333
45,Block,3,50,29,1,0,Right,2.152,,,10,0,13.372,0,1,1.451,2.2275,0,43,Female,1,64.0,32.0,20.48,69.0,4.0,2.76,-5.0,28.0,17.72,7,0,10,0.3372,0.2333333333333333
45,Block,3,42,30,1,0,Right,1.933700000047684,,,10,0,12.661700000047684,0,2,1.3916999998092652,2.319699999809265,0,43,Female,1,71.0,82.0,58.22,80.0,78.0,62.400000000000006,-9.0,4.0,-4.180000000000007,2,0,2,0.2661700000047684,0.2333333333333333
45,Block,3,53,31,0,1,Right,2.7560999999046327,,,10,0,10.585200000047683,0,5,1.6247999999523164,2.873199999809265,0,43,Female,3,59.0,23.0,13.57,74.0,22.0,16.28,-15.0,1.0,-2.710000000000001,2,1,13,0.0585200000047683,0.2333333333333333
45,Block,3,60,38,0,1,Left,6.282700000047684,,,10,0,7.937700000047684,0,4,1.6072000000476838,2.560100000143051,0,43,Female,3,43.0,54.0,23.22,63.0,45.0,28.35,-20.0,9.0,-5.129999999999999,1,0,20,0.2062299999952316,0.2333333333333333
45,Block,3,47,40,0,1,Right,3.2615,,,10,0,7.863599999904633,0,5,0.9413000001907348,1.8215,0,43,Female,3,30.0,41.0,12.3,60.0,35.0,21.0,-30.0,6.0,-8.700000000000001,1,1,7,0.2136400000095367,0.2333333333333333
45,Block,3,49,41,0,1,Left,2.8069000000953674,,,10,0,8.287600000143051,0,2,1.812700000047684,2.8130999999046327,0,43,Female,1,35.0,40.0,14.0,48.0,10.0,4.800000000000001,-13.0,30.0,9.2,6,0,9,0.1712399999856949,0.2333333333333333
45,Block,3,41,45,0,1,Right,2.824099999904633,,,10,0,11.819,0,1,1.3839000000953674,2.2167000000476835,0,43,Female,1,52.0,92.0,47.84,72.0,91.0,65.52,-20.0,1.0,-17.679999999999993,0,1,1,0.1819000000000001,0.2333333333333333
45,Block,3,43,49,1,0,Left,3.2552000000476835,,,10,0,13.703600000143052,0,3,0.9422999999523164,1.774600000143051,0,43,Female,2,69.0,87.0,60.03,99.0,86.0,85.14,-30.0,1.0,-25.11,0,1,3,0.3703600000143051,0.2333333333333333
45,Block,3,55,52,1,0,Right,1.8624000000953675,,,10,0,10.76510000014305,0,2,0.8797000000476837,1.6559000000953674,0,43,Female,1,62.0,92.0,57.04,83.0,62.0,51.46,-21.0,30.0,5.579999999999998,5,0,15,0.076510000014305,0.2333333333333333
45,Block,3,56,53,0,1,Left,3.4435999999046327,,,10,0,11.907100000143052,0,4,0.7523999998569488,1.5842999999523162,0,43,Female,3,69.0,28.0,19.32,81.0,23.0,18.630000000000003,-12.0,5.0,0.6899999999999977,4,0,16,0.1907100000143051,0.2333333333333333
45,Block,3,54,54,0,1,Left,3.259400000095368,,,10,0,9.042,0,4,1.5910999999046325,2.4865,0,43,Female,3,47.0,37.0,17.39,77.0,23.0,17.71,-30.0,14.0,-0.3200000000000003,3,0,14,0.0958,0.2333333333333333
45,Block,3,46,8,0,1,Left,3.1882999999523163,,,10,0,9.150700000047683,0,3,0.9151999998092653,1.6441999998092651,0,43,Female,2,65.0,49.0,31.85,71.0,33.0,23.43,-6.0,16.0,8.419999999999998,6,0,6,0.0849299999952316,0.2333333333333333
45,Block,3,45,9,1,0,Right,3.3103999998569487,,,10,0,12.4025,0,1,0.8834000000953675,1.6039000000953674,0,43,Female,1,39.0,66.0,25.74,40.0,50.0,20.0,-1.0,16.0,5.740000000000002,6,0,5,0.24025,0.2333333333333333
46,Block,2,28,1,1,0,Left,2.4395,,,6,0,4.09,0,3,1.165,1.8494000000059605,0,69,Female,2,18.0,44.0,7.92,40.0,39.0,15.6,-22.0,5.0,-7.6800000000000015,1,1,8,0.3183333333333333,0.15
46,Block,2,21,18,1,0,Right,1.9046999999880792,,,6,0,5.131700000017881,0,2,1.003300000011921,1.789300000011921,0,69,Female,1,73.0,32.0,23.36,82.0,2.0,1.64,-9.0,30.0,21.72,7,0,1,0.1447166666636864,0.15
46,Block,2,34,19,0,1,Left,2.8039000000059606,,,6,0,5.1552000000178815,0,2,0.5190999999940396,1.1325,0,69,Female,1,24.0,74.0,17.759999999999998,25.0,64.0,16.0,-1.0,10.0,1.759999999999998,5,0,14,0.1407999999970197,0.15
46,Block,2,40,24,0,1,Left,1.764699999988079,,,6,0,4.056699999988079,0,2,2.4755999999940395,3.230699999988079,0,69,Female,1,7.0,96.0,6.72,37.0,66.0,24.42,-30.0,30.0,-17.700000000000003,0,0,20,0.3238833333353201,0.15
46,Block,2,36,25,0,1,Left,2.336199999988079,,,6,0,3.91059999999404,0,2,0.655,1.3652000000178814,0,69,Female,1,52.0,96.0,49.92,55.0,83.0,45.65,-3.0,13.0,4.270000000000003,5,0,16,0.3482333333343266,0.15
46,Block,2,35,28,1,0,Right,1.9224000000059605,,,6,0,4.602700000017881,0,3,0.6146999999880791,1.4085,0,69,Female,2,11.0,72.0,7.92,33.0,45.0,14.85,-22.0,27.0,-6.93,1,0,15,0.2328833333303531,0.15
46,Block,2,38,3,0,1,Left,1.874,,,6,0,4.027700000017881,0,2,0.6409000000059605,1.3293000000119208,0,69,Female,1,76.0,72.0,54.72,99.0,48.0,47.52,-23.0,24.0,7.200000000000003,6,0,18,0.3287166666636865,0.15
46,Block,2,27,34,1,0,Right,1.907,,,6,0,4.867,0,3,1.1360999999940395,1.7337000000178815,0,69,Female,2,27.0,60.0,16.2,36.0,41.0,14.76,-9.0,19.0,1.4399999999999995,4,0,7,0.1888333333333333,0.15
46,Block,2,26,35,1,0,Right,1.7774000000059604,Right,1.9494000000059604,6,0,4.88590000000596,0,3,1.8926999999880791,2.580399999976158,0,69,Female,2,36.0,37.0,13.32,51.0,10.0,5.1000000000000005,-15.0,27.0,8.219999999999999,6,0,6,0.18568333333234,0.15
46,Block,2,24,36,1,0,Right,2.1629000000059606,,,6,0,5.7039000000059605,0,3,0.9243000000119208,1.814699999988079,0,69,Female,2,75.0,31.0,23.25,96.0,14.0,13.44,-21.0,17.0,9.81,7,0,4,0.0493499999990065,0.15
46,Block,2,33,37,0,1,Left,1.556100000023842,,,6,0,5.204800000011921,0,2,0.7731000000238418,1.478600000023842,0,69,Female,1,48.0,35.0,16.799999999999997,61.0,19.0,11.59,-13.0,16.0,5.209999999999997,5,0,13,0.1325333333313465,0.15
46,Block,2,32,39,0,1,Left,1.761300000011921,,,6,0,5.250300000011921,0,2,1.178,1.8889000000059604,0,69,Female,1,36.0,68.0,24.48,55.0,48.0,26.4,-19.0,20.0,-1.9199999999999984,2,0,12,0.1249499999980131,0.15
46,Block,2,23,42,1,0,Right,1.9757999999821183,,,6,0,5.381800000011921,0,2,0.696,1.418,0,69,Female,1,50.0,89.0,44.5,66.0,67.0,44.220000000000006,-16.0,22.0,0.279999999999994,4,0,3,0.1030333333313464,0.15
46,Block,2,22,43,1,0,Left,3.0035,,,6,0,4.122300000011921,0,2,0.8203000000119209,1.4478000000119209,0,69,Female,1,17.0,73.0,12.41,42.0,63.0,26.46,-25.0,10.0,-14.05,0,1,2,0.3129499999980131,0.15
46,Block,2,31,46,0,1,Left,2.4108000000119207,,,6,0,4.493800000011921,0,3,0.6435999999940395,1.3674000000059603,0,69,Female,2,78.0,38.0,29.64,90.0,15.0,13.5,-12.0,23.0,16.14,7,0,11,0.2510333333313464,0.15
46,Block,2,39,50,0,1,Left,3.085,,,6,0,4.153700000017881,0,2,0.8864000000059604,1.4521000000238418,0,69,Female,1,2.0,34.0,0.68,29.0,13.0,3.77,-27.0,21.0,-3.09,2,0,19,0.3077166666636864,0.15
46,Block,2,25,55,0,1,Left,3.016200000017881,,,6,0,3.28069999998808,0,2,0.7732000000178814,1.5739000000059604,0,69,Female,1,35.0,92.0,32.2,41.0,81.0,33.21,-6.0,11.0,-1.009999999999998,3,0,5,0.4532166666686534,0.15
46,Block,2,37,6,1,0,Right,1.986399999976158,,,6,0,4.30409999999404,0,2,2.2405,2.95619999998808,0,69,Female,1,41.0,64.0,26.24,52.0,51.0,26.52,-11.0,13.0,-0.2799999999999976,3,0,17,0.2826500000009933,0.15
46,Block,2,30,60,1,0,Left,2.5572000000178816,,,6,0,4.22540000000596,0,2,0.772800000011921,1.793300000011921,0,69,Female,1,56.0,75.0,42.0,81.0,74.0,59.94,-25.0,1.0,-17.939999999999998,0,1,10,0.2957666666656733,0.15
46,Block,2,29,7,1,0,Right,2.668,,,6,0,4.625699999988079,0,3,1.1677999999821187,1.8640999999940395,0,69,Female,2,61.0,62.0,37.82,69.0,61.0,42.09,-8.0,1.0,-4.269999999999996,2,0,9,0.2290500000019868,0.15
46,Block,1,10,12,0,1,Left,1.5608000000119209,,,8,0,5.855100000023842,0,2,1.456800000011921,2.2153000000119207,0,69,Female,1,72.0,98.0,70.56,73.0,77.0,56.21,-1.0,21.0,14.35,7,0,10,0.2681124999970198,0.15
46,Block,1,15,13,1,0,Right,4.209800000011921,,,8,0,4.553699999988079,0,2,2.2512000000178816,2.987600000023842,0,69,Female,1,73.0,49.0,35.77,81.0,42.0,34.02,-8.0,7.0,1.75,4,0,15,0.4307875000014901,0.15
46,Block,1,19,15,0,1,Left,3.021800000011921,,,8,0,3.8052000000178814,0,2,1.068699999988079,1.7632999999821186,0,69,Female,1,36.0,75.0,27.0,52.0,61.0,31.72,-16.0,14.0,-4.719999999999999,2,0,19,0.5243499999977648,0.15
46,Block,1,14,16,0,1,Left,2.3329000000059605,,,8,0,4.320599999994039,0,2,0.7005,1.595,0,69,Female,1,23.0,12.0,2.76,26.0,6.0,1.56,-3.0,6.0,1.1999999999999995,4,0,14,0.4599250000007451,0.15
46,Block,1,18,17,0,1,Left,3.2835,,,8,0,3.702800000011921,0,2,0.7135999999940396,1.4273999999761582,0,69,Female,1,31.0,38.0,11.78,46.0,29.0,13.34,-15.0,9.0,-1.5600000000000005,3,0,18,0.5371499999985099,0.15
46,Block,1,13,2,0,1,Left,1.857199999988079,,,8,0,3.996,0,2,1.8962000000178807,2.6097000000178814,0,69,Female,1,40.0,63.0,25.2,57.0,58.0,33.059999999999995,-17.0,5.0,-7.859999999999996,1,0,13,0.5005,0.15
46,Block,1,8,21,1,0,Right,2.6630999999940395,,,8,0,4.756600000023842,0,2,0.9900999999940396,2.7405,0,69,Female,1,26.0,59.0,15.34,36.0,33.0,11.88,-10.0,26.0,3.459999999999999,5,0,8,0.4054249999970197,0.15
46,Block,1,4,22,1,0,Right,3.991,,,8,0,5.284800000011921,0,2,2.261199999988079,3.0695,0,69,Female,1,24.0,95.0,22.8,53.0,71.0,37.63,-29.0,24.0,-14.829999999999998,0,0,4,0.3393999999985099,0.15
46,Block,1,5,32,1,0,Right,1.596,,,8,0,4.601099999994039,0,2,1.3713000000119209,2.171700000017881,0,69,Female,1,59.0,31.0,18.29,60.0,1.0,0.6,-1.0,30.0,17.689999999999998,7,0,5,0.4248625000007451,0.15
46,Block,1,12,33,0,1,Left,3.0282000000178813,,,8,0,4.296,0,2,1.2650999999940395,1.8985999999940395,0,69,Female,1,57.0,51.0,29.07,62.0,48.0,29.76,-5.0,3.0,-0.6899999999999977,3,0,12,0.4629999999999999,0.15
46,Block,1,2,4,1,0,Right,3.763799999982119,,,8,0,3.066,0,3,3.0454000000059605,3.6857000000178815,0,69,Female,2,72.0,82.0,59.04,73.0,81.0,59.13,-1.0,1.0,-0.0900000000000034,3,0,2,0.61675,0.15
46,Block,1,3,44,1,0,Left,2.14359999999404,,,8,0,5.211300000011921,0,2,1.585399999976158,2.3638999999761583,0,69,Female,1,19.0,86.0,16.34,45.0,71.0,31.95,-26.0,15.0,-15.61,0,1,3,0.3485874999985099,0.15
46,Block,1,9,47,1,0,Right,1.4412999999821186,,,8,0,4.41059999999404,0,2,2.448699999988079,3.223,0,69,Female,1,68.0,30.0,20.4,89.0,16.0,14.24,-21.0,14.0,6.159999999999998,6,0,9,0.448675000000745,0.15
46,Block,1,6,5,1,0,Right,1.6612000000178817,,,8,0,6.393199999988079,0,2,1.469800000011921,2.106200000017881,0,69,Female,1,72.0,33.0,23.76,98.0,5.0,4.9,-26.0,28.0,18.86,7,0,6,0.2008500000014901,0.15
46,Block,1,16,51,1,0,Right,1.9404000000059605,,,8,0,5.63840000000596,0,2,0.7935999999940395,1.461699999988079,0,69,Female,1,41.0,94.0,38.54,48.0,70.0,33.599999999999994,-7.0,24.0,4.940000000000005,5,0,16,0.2951999999992549,0.15
46,Block,1,7,56,0,1,Left,2.4264000000059607,,,8,0,6.41859999999404,0,2,2.027199999988079,2.9415,0,69,Female,1,62.0,34.0,21.08,86.0,15.0,12.9,-24.0,19.0,8.180000000000001,6,0,7,0.197675000000745,0.15
46,Block,1,20,57,1,0,Left,3.96759999999404,,,8,0,3.316699999988079,0,3,1.8138999999761585,2.560399999976158,0,69,Female,2,59.0,94.0,55.46,86.0,89.0,76.54,-27.0,5.0,-21.080000000000013,0,1,20,0.5854125000014901,0.15
46,Block,1,17,58,0,1,Right,2.92209999999404,,,8,0,5.174599999994039,0,2,1.0196999999880791,1.7705,0,69,Female,1,36.0,54.0,19.44,48.0,53.0,25.44,-12.0,1.0,-6.0,1,1,17,0.3531750000007451,0.15
46,Block,1,11,59,0,1,Left,2.387199999988079,,,8,0,6.2495,0,2,0.8695,1.471300000011921,0,69,Female,1,8.0,64.0,5.12,25.0,34.0,8.5,-17.0,30.0,-3.38,2,0,11,0.2188124999999999,0.15
46,Block,3,55,10,0,1,Left,3.833199999988079,,,10,0,6.808700000017882,0,2,2.260600000023842,3.0152000000178814,0,69,Female,1,5.0,55.0,2.75,35.0,36.0,12.6,-30.0,19.0,-9.85,1,0,15,0.3191299999982118,0.15
46,Block,3,41,11,1,0,Right,2.3849000000059606,,,10,0,6.901299999982118,0,2,0.8985999999940395,1.6124000000059604,0,69,Female,1,72.0,85.0,61.2,86.0,66.0,56.760000000000005,-14.0,19.0,4.439999999999991,5,0,1,0.3098700000017881,0.15
46,Block,3,43,14,0,1,Left,2.0198000000119207,,,10,0,5.6055,0,2,1.3177000000178811,1.89709999999404,0,69,Female,1,33.0,61.0,20.13,51.0,44.0,22.44,-18.0,17.0,-2.3100000000000023,2,0,3,0.43945,0.15
46,Block,3,57,20,1,0,Right,1.9515,,,10,0,5.827,0,2,0.9329000000059604,1.709300000011921,0,69,Female,1,35.0,24.0,8.4,65.0,14.0,9.1,-30.0,10.0,-0.7000000000000011,3,0,17,0.4173,0.15
46,Block,3,46,23,1,0,Right,2.116899999976158,,,10,0,5.518,0,2,0.6515999999940395,1.3935,0,69,Female,1,52.0,36.0,18.72,63.0,27.0,17.01,-11.0,9.0,1.7099999999999973,4,0,6,0.4482,0.15
46,Block,3,49,26,0,1,Left,2.597699999988079,,,10,0,5.8834000000059605,0,2,1.1144000000059604,1.7265,0,69,Female,1,95.0,74.0,70.3,97.0,49.0,47.53,-2.0,25.0,22.77,7,0,9,0.4116599999994039,0.15
46,Block,3,59,27,1,0,Right,1.93109999999404,,,10,0,7.557900000005961,0,2,0.7602999999821186,1.4186999999880792,0,69,Female,1,18.0,49.0,8.82,23.0,29.0,6.67,-5.0,20.0,2.1500000000000004,5,0,19,0.2442099999994039,0.15
46,Block,3,51,29,0,1,Left,1.7445999999940396,,,10,0,9.692,0,2,0.5820999999940395,1.4714000000059604,0,69,Female,1,64.0,32.0,20.48,69.0,4.0,2.76,-5.0,28.0,17.72,7,0,11,0.0307999999999999,0.15
46,Block,3,58,30,1,0,Right,3.758799999982119,,,10,0,7.002299999982118,0,3,1.1895,2.0879000000059604,0,69,Female,2,71.0,82.0,58.22,80.0,78.0,62.400000000000006,-9.0,4.0,-4.180000000000007,2,0,18,0.2997700000017881,0.15
46,Block,3,44,31,0,1,Left,3.082199999988079,,,10,0,6.36159999999404,0,2,1.1061999999880792,1.776699999988079,0,69,Female,1,59.0,23.0,13.57,74.0,22.0,16.28,-15.0,1.0,-2.710000000000001,2,0,4,0.363840000000596,0.15
46,Block,3,47,38,1,0,Right,1.847600000023842,,,10,0,6.358300000011921,0,2,0.9758000000119208,1.6055,0,69,Female,1,43.0,54.0,23.22,63.0,45.0,28.35,-20.0,9.0,-5.129999999999999,1,0,7,0.3641699999988079,0.15
46,Block,3,54,40,1,0,Left,4.306800000011921,,,10,0,7.154799999982119,0,2,1.031800000011921,1.7125,0,69,Female,1,30.0,41.0,12.3,60.0,35.0,21.0,-30.0,6.0,-8.700000000000001,1,1,14,0.2845200000017881,0.15
46,Block,3,52,45,0,1,Right,3.008199999988079,,,10,0,7.809,0,1,1.8497999999821184,3.61609999999404,0,69,Female,1,52.0,92.0,47.84,72.0,91.0,65.52,-20.0,1.0,-17.679999999999993,0,1,12,0.2191,0.15
46,Block,3,45,49,1,0,Left,2.4422000000178814,,,10,0,6.695,0,2,0.8445,2.1405999999940395,0,69,Female,1,69.0,87.0,60.03,99.0,86.0,85.14,-30.0,1.0,-25.11,0,1,5,0.3304999999999999,0.15
46,Block,3,53,52,1,0,Right,1.8307000000178808,,,10,0,8.43019999998808,0,1,0.6050999999940395,1.2975999999940395,0,69,Female,1,62.0,92.0,57.04,83.0,62.0,51.46,-21.0,30.0,5.579999999999998,5,0,13,0.156980000001192,0.15
46,Block,3,56,53,0,1,Left,2.0967999999821187,,,10,0,8.328,0,2,0.7732000000178814,1.4217000000178814,0,69,Female,1,69.0,28.0,19.32,81.0,23.0,18.630000000000003,-12.0,5.0,0.6899999999999977,4,0,16,0.1672,0.15
46,Block,3,42,54,1,0,Right,2.6422999999821184,,,10,0,7.743299999982119,0,2,1.7735,2.6719000000059605,0,69,Female,1,47.0,37.0,17.39,77.0,23.0,17.71,-30.0,14.0,-0.3200000000000003,3,0,2,0.2256700000017881,0.15
46,Block,3,48,8,1,0,Right,1.5480999999940397,,,10,0,4.9735,0,2,1.0300999999940397,2.3922999999821184,0,69,Female,1,65.0,49.0,31.85,71.0,33.0,23.43,-6.0,16.0,8.419999999999998,6,0,8,0.50265,0.15
46,Block,3,60,9,1,0,Right,2.4429000000059604,,,10,0,7.897700000017881,0,2,0.7835999999940395,1.4876999999880791,0,69,Female,1,39.0,66.0,25.74,40.0,50.0,20.0,-1.0,16.0,5.740000000000002,6,0,20,0.2102299999982118,0.15
47,Block,1,13,1,1,0,Left,4.647199999988079,,,6,0,6.847699999988079,0,4,2.154300000011921,3.270100000023842,0,52,Female,3,18.0,44.0,7.92,40.0,39.0,15.6,-22.0,5.0,-7.6800000000000015,1,1,13,0.1412833333313465,0.6
47,Block,1,3,18,0,1,Left,3.635299999952316,,,6,0,4.6075,0,3,2.441800000011921,3.535,0,52,Female,2,73.0,32.0,23.36,82.0,2.0,1.64,-9.0,30.0,21.72,7,0,3,0.2320833333333333,0.6
47,Block,1,16,19,1,0,Right,4.319,,,6,0,5.992300000011921,0,3,2.293,3.320800000011921,0,52,Female,2,24.0,74.0,17.759999999999998,25.0,64.0,16.0,-1.0,10.0,1.759999999999998,5,0,16,0.0012833333313464,0.6
47,Block,1,10,24,0,1,Right,2.6720999999642374,,,6,0,5.774600000023842,0,3,2.247900000035763,3.347800000011921,0,52,Female,2,7.0,96.0,6.72,37.0,66.0,24.42,-30.0,30.0,-17.700000000000003,0,1,10,0.037566666662693,0.6
47,Block,1,17,25,1,0,Right,3.6396999999880792,,,6,0,4.202800000011921,0,3,1.946700000047684,3.062,0,52,Female,2,52.0,96.0,49.92,55.0,83.0,45.65,-3.0,13.0,4.270000000000003,5,0,17,0.2995333333313465,0.6
47,Block,1,1,28,0,1,Right,2.8596000000238417,,,6,0,4.669800000011921,0,3,2.526100000023842,4.955899999976158,0,52,Female,2,11.0,72.0,7.92,33.0,45.0,14.85,-22.0,27.0,-6.93,1,1,1,0.2216999999980132,0.6
47,Block,1,2,3,1,0,Right,3.908300000011921,,,6,0,3.7026000000238417,0,3,2.140300000011921,3.5355,0,52,Female,2,76.0,72.0,54.72,99.0,48.0,47.52,-23.0,24.0,7.200000000000003,6,0,2,0.3828999999960263,0.6
47,Block,1,9,34,1,0,Left,3.713,,,6,0,5.301399999976158,0,4,2.0106999999880792,3.2403999999761584,0,52,Female,3,27.0,60.0,16.2,36.0,41.0,14.76,-9.0,19.0,1.4399999999999995,4,1,9,0.116433333337307,0.6
47,Block,1,12,35,0,1,Left,3.875,,,6,0,5.657799999952316,0,3,2.029699999988079,3.133900000035762,0,52,Female,2,36.0,37.0,13.32,51.0,10.0,5.1000000000000005,-15.0,27.0,8.219999999999999,6,0,12,0.0570333333412806,0.6
47,Block,1,5,36,0,1,Left,3.3523000000119207,,,6,0,4.913199999988079,0,3,1.884599999964237,3.126899999976158,0,52,Female,2,75.0,31.0,23.25,96.0,14.0,13.44,-21.0,17.0,9.81,7,0,5,0.1811333333353202,0.6
47,Block,1,8,37,1,0,Right,3.542099999964237,,,6,0,4.887100000023842,0,3,2.4023999999761583,3.492699999988079,0,52,Female,2,48.0,35.0,16.799999999999997,61.0,19.0,11.59,-13.0,16.0,5.209999999999997,5,0,8,0.1854833333293597,0.6
47,Block,1,11,39,0,1,Left,4.106900000035763,,,6,0,7.6942999999523165,0,4,2.075699999988079,3.28469999998808,0,52,Female,3,36.0,68.0,24.48,55.0,48.0,26.4,-19.0,20.0,-1.9199999999999984,2,0,11,0.282383333325386,0.6
47,Block,1,4,42,1,0,Left,3.175,,,6,0,4.676400000035763,0,4,2.4822999999523163,3.849,0,52,Female,3,50.0,89.0,44.5,66.0,67.0,44.220000000000006,-16.0,22.0,0.279999999999994,4,1,4,0.2205999999940395,0.6
47,Block,1,14,43,1,0,Left,3.3198999999761583,,,6,0,4.960899999976158,0,3,1.9341000000238413,3.071199999988079,0,52,Female,2,17.0,73.0,12.41,42.0,63.0,26.46,-25.0,10.0,-14.05,0,1,14,0.1731833333373069,0.6
47,Block,1,15,46,1,0,Right,3.4475,,,6,0,4.9161000000238415,0,3,2.0553999999761583,3.280899999976158,0,52,Female,2,78.0,38.0,29.64,90.0,15.0,13.5,-12.0,23.0,16.14,7,0,15,0.1806499999960264,0.6
47,Block,1,20,50,0,1,Right,3.893099999964237,,,6,0,6.0665,0,4,2.354600000023842,3.6714000000357614,0,52,Female,3,2.0,34.0,0.68,29.0,13.0,3.77,-27.0,21.0,-3.09,2,1,20,0.0110833333333332,0.6
47,Block,1,7,55,1,0,Left,3.789700000047684,,,6,0,5.862899999976158,0,3,2.1236999999880792,3.246,0,52,Female,2,35.0,92.0,32.2,41.0,81.0,33.21,-6.0,11.0,-1.009999999999998,3,1,7,0.0228500000039735,0.6
47,Block,1,18,6,0,1,Right,3.311099999964237,,,6,0,6.097300000011921,0,3,1.739600000023842,2.866300000011921,0,52,Female,2,41.0,64.0,26.24,52.0,51.0,26.52,-11.0,13.0,-0.2799999999999976,3,1,18,0.0162166666686534,0.6
47,Block,1,19,60,1,0,Left,3.024300000011921,,,6,0,5.347299999952316,0,3,2.621399999976158,5.857100000023842,0,52,Female,2,56.0,75.0,42.0,81.0,74.0,59.94,-25.0,1.0,-17.939999999999998,0,1,19,0.1087833333412806,0.6
47,Block,1,6,7,0,1,Left,5.122199999988079,,,6,0,5.4922999999523165,0,4,2.290200000047684,3.548300000011921,0,52,Female,3,61.0,62.0,37.82,69.0,61.0,42.09,-8.0,1.0,-4.269999999999996,2,0,6,0.0846166666746139,0.6
47,Block,3,47,12,1,0,Right,2.645199999988079,,,8,0,8.050200000047683,0,2,1.655199999988079,2.8773999999761584,0,52,Female,1,72.0,98.0,70.56,73.0,77.0,56.21,-1.0,21.0,14.35,7,0,7,0.0062750000059603,0.6
47,Block,3,58,13,0,1,Right,3.602,,,8,0,8.37769999998808,0,3,3.5925,5.062899999976159,0,52,Female,2,73.0,49.0,35.77,81.0,42.0,34.02,-8.0,7.0,1.75,4,1,18,0.0472124999985099,0.6
47,Block,3,56,15,0,1,Left,2.722699999988079,,,8,0,9.488,0,3,2.060300000011921,3.392400000035763,0,52,Female,2,36.0,75.0,27.0,52.0,61.0,31.72,-16.0,14.0,-4.719999999999999,2,0,16,0.1859999999999999,0.6
47,Block,3,45,16,1,0,Right,2.619900000035763,,,8,0,7.408300000011921,0,3,1.634800000011921,2.866600000023842,0,52,Female,2,23.0,12.0,2.76,26.0,6.0,1.56,-3.0,6.0,1.1999999999999995,4,0,5,0.0739624999985099,0.6
47,Block,3,59,17,1,0,Left,4.1,,,8,0,6.773200000047684,0,4,1.7614000000357628,3.313699999988079,0,52,Female,3,31.0,38.0,11.78,46.0,29.0,13.34,-15.0,9.0,-1.5600000000000005,3,1,19,0.1533499999940395,0.6
47,Block,3,49,2,0,1,Right,3.459699999988079,,,8,0,5.815400000035763,0,3,1.5425,2.845699999988079,0,52,Female,2,40.0,63.0,25.2,57.0,58.0,33.059999999999995,-17.0,5.0,-7.859999999999996,1,1,9,0.2730749999955296,0.6
47,Block,3,41,21,0,1,Right,3.4025,,,8,0,7.17,0,4,2.659600000023842,3.776700000047684,0,52,Female,3,26.0,59.0,15.34,36.0,33.0,11.88,-10.0,26.0,3.459999999999999,5,1,1,0.10375,0.6
47,Block,3,60,22,0,1,Right,3.266200000047684,,,8,0,7.065699999988079,0,3,1.678100000023842,3.0474000000357626,0,52,Female,2,24.0,95.0,22.8,53.0,71.0,37.63,-29.0,24.0,-14.829999999999998,0,1,20,0.11678750000149,0.6
47,Block,3,43,32,0,1,Left,2.534899999976158,,,8,0,6.078,0,2,7.262100000023842,8.544700000047683,0,52,Female,1,59.0,31.0,18.29,60.0,1.0,0.6,-1.0,30.0,17.689999999999998,7,0,3,0.2402499999999999,0.6
47,Block,3,44,33,1,0,Right,3.870199999988079,,,8,0,8.875799999952317,0,4,1.813199999988079,3.065699999988079,0,52,Female,3,57.0,51.0,29.07,62.0,48.0,29.76,-5.0,3.0,-0.6899999999999977,3,0,4,0.1094749999940396,0.6
47,Block,3,46,4,1,0,Right,4.104199999988079,,,8,0,5.4408000000119205,0,3,3.100699999988079,4.383399999976158,0,52,Female,2,72.0,82.0,59.04,73.0,81.0,59.13,-1.0,1.0,-0.0900000000000034,3,0,6,0.3198999999985099,0.6
47,Block,3,50,44,1,0,Left,2.934600000023842,,,8,0,8.56919999998808,0,3,1.914199999988079,3.132199999988079,0,52,Female,2,19.0,86.0,16.34,45.0,71.0,31.95,-26.0,15.0,-15.61,0,1,10,0.0711499999985099,0.6
47,Block,3,51,47,0,1,Left,3.681199999988079,,,8,0,9.341699999988078,0,4,4.0091000000238415,5.361900000035763,0,52,Female,3,68.0,30.0,20.4,89.0,16.0,14.24,-21.0,14.0,6.159999999999998,6,0,11,0.1677124999985098,0.6
47,Block,3,57,48,1,0,Left,4.116,,,8,0,7.903400000035763,0,2,2.2619000000357627,3.497100000023842,0,52,Female,1,35.0,68.0,23.8,54.0,43.0,23.22,-19.0,25.0,0.5800000000000018,4,1,17,0.0120749999955296,0.6
47,Block,3,55,5,0,1,Left,2.227900000035763,,,8,0,7.272199999988079,0,2,1.7111999999880791,3.096,0,52,Female,1,72.0,33.0,23.76,98.0,5.0,4.9,-26.0,28.0,18.86,7,0,15,0.0909750000014901,0.6
47,Block,3,52,51,1,0,Right,3.718,,,8,0,6.498800000011921,0,2,6.056199999988079,7.322800000011921,0,52,Female,1,41.0,94.0,38.54,48.0,70.0,33.599999999999994,-7.0,24.0,4.940000000000005,5,0,12,0.1876499999985098,0.6
47,Block,3,54,56,0,1,Left,4.6877999999523166,,,8,0,9.107699999988078,0,3,2.448799999952316,4.016299999952317,0,52,Female,2,62.0,34.0,21.08,86.0,15.0,12.9,-24.0,19.0,8.180000000000001,6,0,14,0.1384624999985098,0.6
47,Block,3,53,57,1,0,Left,2.639300000011921,,,8,0,10.6005,0,2,2.077299999952316,3.4115,0,52,Female,1,59.0,94.0,55.46,86.0,89.0,76.54,-27.0,5.0,-21.080000000000013,0,1,13,0.3250625,0.6
47,Block,3,48,58,0,1,Right,2.517199999988079,,,8,0,8.133399999976158,0,2,1.596699999988079,2.7635,0,52,Female,1,36.0,54.0,19.44,48.0,53.0,25.44,-12.0,1.0,-6.0,1,1,8,0.0166749999970197,0.6
47,Block,3,42,59,0,1,Right,3.6315,,,8,0,6.521199999988079,0,4,1.509399999976158,2.693399999976158,0,52,Female,3,8.0,64.0,5.12,25.0,34.0,8.5,-17.0,30.0,-3.38,2,1,2,0.1848500000014901,0.6
47,Block,2,27,10,1,0,Left,2.575,,,10,0,7.804900000035762,0,3,3.743900000035763,4.9465,0,52,Female,2,5.0,55.0,2.75,35.0,36.0,12.6,-30.0,19.0,-9.85,1,1,7,0.2195099999964238,0.6
47,Block,2,22,11,0,1,Left,2.737600000023842,,,10,0,8.897599999964237,0,3,2.129199999988079,3.412199999988079,0,52,Female,2,72.0,85.0,61.2,86.0,66.0,56.760000000000005,-14.0,19.0,4.439999999999991,5,0,2,0.1102400000035762,0.6
47,Block,2,36,14,1,0,Left,2.9391000000238416,,,10,0,8.987600000023843,0,3,2.51,4.258699999988079,0,52,Female,2,33.0,61.0,20.13,51.0,44.0,22.44,-18.0,17.0,-2.3100000000000023,2,1,16,0.1012399999976157,0.6
47,Block,2,25,20,0,1,Right,2.970100000023842,,,10,0,8.014699999988078,0,3,2.1330999999642373,3.35119999998808,0,52,Female,2,35.0,24.0,8.4,65.0,14.0,9.1,-30.0,10.0,-0.7000000000000011,3,1,5,0.1985300000011921,0.6
47,Block,2,37,23,0,1,Left,5.736900000035763,,,10,0,10.143899999976158,0,3,2.045699999988079,3.979599999964237,0,52,Female,2,52.0,36.0,18.72,63.0,27.0,17.01,-11.0,9.0,1.7099999999999973,4,0,17,0.0143899999976158,0.6
47,Block,2,39,26,0,1,Right,3.633599999964237,,,10,0,8.979,0,4,1.5791000000238418,2.783100000023842,0,52,Female,3,95.0,74.0,70.3,97.0,49.0,47.53,-2.0,25.0,22.77,7,1,19,0.1021,0.6
47,Block,2,35,27,1,0,Left,2.764199999988079,,,10,0,9.550100000023845,0,3,3.456399999976158,6.092800000011921,0,52,Female,2,18.0,49.0,8.82,23.0,29.0,6.67,-5.0,20.0,2.1500000000000004,5,1,15,0.0449899999976155,0.6
47,Block,2,38,29,0,1,Left,2.9806000000238417,,,10,0,9.532600000023844,0,2,2.207,3.9585,0,52,Female,1,64.0,32.0,20.48,69.0,4.0,2.76,-5.0,28.0,17.72,7,0,18,0.0467399999976155,0.6
47,Block,2,30,30,0,1,Right,3.893800000011921,,,10,0,5.825899999976159,0,3,1.911,4.794800000011921,0,52,Female,2,71.0,82.0,58.22,80.0,78.0,62.400000000000006,-9.0,4.0,-4.180000000000007,2,1,10,0.417410000002384,0.6
47,Block,2,34,31,1,0,Left,2.525100000023842,,,10,0,9.6335,0,2,5.262599999964237,6.411099999964237,0,52,Female,1,59.0,23.0,13.57,74.0,22.0,16.28,-15.0,1.0,-2.710000000000001,2,1,14,0.03665,0.6
47,Block,2,21,38,0,1,Right,4.035300000011921,,,10,0,7.777300000011921,0,4,2.1785,3.2596000000238416,0,52,Female,3,43.0,54.0,23.22,63.0,45.0,28.35,-20.0,9.0,-5.129999999999999,1,1,1,0.2222699999988079,0.6
47,Block,2,29,40,0,1,Right,3.2875,,,10,0,6.835600000023842,0,3,2.012800000011921,3.2305,0,52,Female,2,30.0,41.0,12.3,60.0,35.0,21.0,-30.0,6.0,-8.700000000000001,1,1,9,0.3164399999976158,0.6
47,Block,2,33,41,0,1,Left,2.747899999976158,,,10,0,8.573299999952317,0,3,4.092800000011921,5.3115,0,52,Female,2,35.0,40.0,14.0,48.0,10.0,4.800000000000001,-13.0,30.0,9.2,6,0,13,0.1426700000047683,0.6
47,Block,2,31,45,1,0,Left,2.556100000023842,,,10,0,8.400900000035763,0,3,3.163199999988079,5.247899999976158,0,52,Female,2,52.0,92.0,47.84,72.0,91.0,65.52,-20.0,1.0,-17.679999999999993,0,1,11,0.1599099999964236,0.6
47,Block,2,28,49,0,1,Right,3.099699999988079,,,10,0,8.551599999964237,0,4,2.895,4.247300000011921,0,52,Female,3,69.0,87.0,60.03,99.0,86.0,85.14,-30.0,1.0,-25.11,0,1,8,0.1448400000035762,0.6
47,Block,2,32,52,1,0,Left,4.658899999976158,,,10,0,7.057300000011921,0,3,3.095199999988079,4.564599999964237,0,52,Female,2,62.0,92.0,57.04,83.0,62.0,51.46,-21.0,30.0,5.579999999999998,5,1,12,0.2942699999988079,0.6
47,Block,2,26,53,1,0,Left,3.179,,,10,0,8.5045,0,4,3.178099999964237,4.515899999976158,0,52,Female,3,69.0,28.0,19.32,81.0,23.0,18.630000000000003,-12.0,5.0,0.6899999999999977,4,1,6,0.14955,0.6
47,Block,2,40,54,1,0,Left,4.484099999964237,,,10,0,9.273,0,4,3.659899999976158,5.0772999999523165,0,52,Female,3,47.0,37.0,17.39,77.0,23.0,17.71,-30.0,14.0,-0.3200000000000003,3,1,20,0.0727,0.6
47,Block,2,23,8,0,1,Right,3.5431000000238417,,,10,0,9.643099999964235,0,3,2.044600000023842,3.224900000035763,0,52,Female,2,65.0,49.0,31.85,71.0,33.0,23.43,-6.0,16.0,8.419999999999998,6,1,3,0.0356900000035764,0.6
47,Block,2,24,9,0,1,Right,2.604699999988079,,,10,0,9.10330000001192,0,4,4.7135,5.913199999988079,0,52,Female,3,39.0,66.0,25.74,40.0,50.0,20.0,-1.0,16.0,5.740000000000002,6,1,4,0.0896699999988079,0.6
48,Block,2,32,1,1,0,Left,1.4114000000059606,,,6,0,7.3255,0,5,1.1542999999970198,1.8407000000029805,0,40,Female,3,18.0,44.0,7.92,40.0,39.0,15.6,-22.0,5.0,-7.6800000000000015,1,1,12,0.2209166666666666,0.4
48,Block,2,25,18,1,0,Right,1.5054000000059604,,,6,0,4.852599999994039,0,4,1.3404000000059604,2.1085,0,40,Female,3,73.0,32.0,23.36,82.0,2.0,1.64,-9.0,30.0,21.72,7,0,5,0.1912333333343268,0.4
48,Block,2,34,19,1,0,Right,1.9601000000089408,,,6,0,6.89170000000298,0,5,0.9732000000029802,1.81839999999106,0,40,Female,3,24.0,74.0,17.759999999999998,25.0,64.0,16.0,-1.0,10.0,1.759999999999998,5,0,14,0.1486166666671633,0.4
48,Block,2,33,24,1,0,Left,1.336800000011921,,,6,0,6.484099999994039,0,3,1.4068999999910594,2.06179999999702,0,40,Female,2,7.0,96.0,6.72,37.0,66.0,24.42,-30.0,30.0,-17.700000000000003,0,1,13,0.0806833333323398,0.4
48,Block,2,26,25,0,1,Left,2.06340000000596,,,6,0,5.44190000000596,0,5,1.3550999999940396,2.0685999999940394,0,40,Female,3,52.0,96.0,49.92,55.0,83.0,45.65,-3.0,13.0,4.270000000000003,5,0,6,0.0930166666656733,0.4
48,Block,2,21,28,1,0,Left,1.810100000008941,,,6,0,3.875700000002981,0,3,2.231699999988079,2.925199999988079,0,40,Female,2,11.0,72.0,7.92,33.0,45.0,14.85,-22.0,27.0,-6.93,1,1,1,0.3540499999995032,0.4
48,Block,2,39,3,0,1,Right,1.139199999988079,,,6,0,5.866,0,4,0.9402000000029802,1.665,0,40,Female,3,76.0,72.0,54.72,99.0,48.0,47.52,-23.0,24.0,7.200000000000003,6,1,19,0.0223333333333333,0.4
48,Block,2,30,34,1,0,Left,1.4037000000029802,,,6,0,6.18309999999404,0,5,1.496399999991059,2.24479999999702,0,40,Female,3,27.0,60.0,16.2,36.0,41.0,14.76,-9.0,19.0,1.4399999999999995,4,1,10,0.0305166666656733,0.4
48,Block,2,27,35,0,1,Left,1.6092999999970197,,,6,0,4.51959999999404,0,4,1.6550999999940397,2.31089999999106,0,40,Female,3,36.0,37.0,13.32,51.0,10.0,5.1000000000000005,-15.0,27.0,8.219999999999999,6,0,7,0.2467333333343266,0.4
48,Block,2,22,36,0,1,Left,2.566899999991059,,,6,0,3.49870000000298,0,2,1.5574000000059605,2.259,0,40,Female,1,75.0,31.0,23.25,96.0,14.0,13.44,-21.0,17.0,9.81,7,0,2,0.4168833333328366,0.4
48,Block,2,31,37,0,1,Left,1.643,,,6,0,6.6465,0,4,1.1662000000029802,1.86109999999404,0,40,Female,3,48.0,35.0,16.799999999999997,61.0,19.0,11.59,-13.0,16.0,5.209999999999997,5,0,11,0.1077499999999999,0.4
48,Block,2,23,39,1,0,Left,1.4625999999940396,,,6,0,4.9595,0,3,1.3855,2.1965999999940395,0,40,Female,2,36.0,68.0,24.48,55.0,48.0,26.4,-19.0,20.0,-1.9199999999999984,2,1,3,0.1734166666666666,0.4
48,Block,2,40,42,0,1,Left,1.81459999999404,,,6,0,7.15829999999702,0,5,1.0295,1.7412999999970198,0,40,Female,3,50.0,89.0,44.5,66.0,67.0,44.220000000000006,-16.0,22.0,0.279999999999994,4,0,20,0.1930499999995033,0.4
48,Block,2,28,43,0,1,Right,1.4996999999880791,,,6,0,7.45170000000298,0,4,1.2982999999970195,2.0655,0,40,Female,3,17.0,73.0,12.41,42.0,63.0,26.46,-25.0,10.0,-14.05,0,1,8,0.2419500000004966,0.4
48,Block,2,37,46,0,1,Left,1.6292000000029805,,,6,0,6.45770000000298,0,4,1.14779999999702,1.93939999999106,0,40,Female,3,78.0,38.0,29.64,90.0,15.0,13.5,-12.0,23.0,16.14,7,0,17,0.0762833333338299,0.4
48,Block,2,36,50,1,0,Left,1.3716000000089408,,,6,0,6.1075,0,4,1.6907999999970198,2.4794000000059606,0,40,Female,3,2.0,34.0,0.68,29.0,13.0,3.77,-27.0,21.0,-3.09,2,1,16,0.0179166666666666,0.4
48,Block,2,24,55,1,0,Right,2.7037000000029803,,,6,0,5.42820000000298,0,3,1.3814000000059603,2.0842000000029803,0,40,Female,2,35.0,92.0,32.2,41.0,81.0,33.21,-6.0,11.0,-1.009999999999998,3,0,4,0.0952999999995033,0.4
48,Block,2,29,6,1,0,Left,1.5222000000029805,,,6,0,5.882,0,4,1.0371000000089408,1.8114000000059605,0,40,Female,3,41.0,64.0,26.24,52.0,51.0,26.52,-11.0,13.0,-0.2799999999999976,3,1,9,0.0196666666666667,0.4
48,Block,2,35,60,0,1,Right,1.1635,,,6,0,6.974799999997019,0,4,1.35620000000298,1.9774000000059604,0,40,Female,3,56.0,75.0,42.0,81.0,74.0,59.94,-25.0,1.0,-17.939999999999998,0,1,15,0.1624666666661699,0.4
48,Block,2,38,7,0,1,Left,1.602699999988079,,,6,0,6.485200000002981,0,5,1.335800000011921,2.0641000000089407,0,40,Female,3,61.0,62.0,37.82,69.0,61.0,42.09,-8.0,1.0,-4.269999999999996,2,0,18,0.0808666666671634,0.4
48,Block,3,55,12,0,1,Left,1.85359999999404,,,8,0,9.2995,0,5,2.08179999999702,2.777699999988079,0,40,Female,3,72.0,98.0,70.56,73.0,77.0,56.21,-1.0,21.0,14.35,7,0,15,0.1624375,0.4
48,Block,3,43,13,1,0,Left,2.2535,,,8,0,8.41669999998808,0,5,1.0257000000029803,1.8687000000029803,0,40,Female,3,73.0,49.0,35.77,81.0,42.0,34.02,-8.0,7.0,1.75,4,1,3,0.0520874999985099,0.4
48,Block,3,52,15,1,0,Left,1.3262999999970198,,,8,0,10.1815,0,4,1.552699999988079,2.41429999999702,0,40,Female,3,36.0,75.0,27.0,52.0,61.0,31.72,-16.0,14.0,-4.719999999999999,2,1,12,0.2726874999999999,0.4
48,Block,3,44,16,1,0,Right,1.7285999999940396,,,8,0,9.588,0,4,1.5717000000029802,2.3744000000059606,0,40,Female,3,23.0,12.0,2.76,26.0,6.0,1.56,-3.0,6.0,1.1999999999999995,4,0,4,0.1984999999999999,0.4
48,Block,3,41,17,1,0,Right,1.9335,,,8,0,9.51970000000298,0,4,1.802,2.5635,0,40,Female,3,31.0,38.0,11.78,46.0,29.0,13.34,-15.0,9.0,-1.5600000000000005,3,0,1,0.1899625000003724,0.4
48,Block,3,46,2,0,1,Left,2.31079999999702,,,8,0,6.85190000000596,0,4,1.4282000000029802,2.1205,0,40,Female,3,40.0,63.0,25.2,57.0,58.0,33.059999999999995,-17.0,5.0,-7.859999999999996,1,0,6,0.1435124999992549,0.4
48,Block,3,56,21,0,1,Left,1.6110999999940396,,,8,0,9.68540000000596,0,5,1.8664000000059604,2.59020000000298,0,40,Female,3,26.0,59.0,15.34,36.0,33.0,11.88,-10.0,26.0,3.459999999999999,5,0,16,0.2106750000007449,0.4
48,Block,3,49,22,1,0,Right,1.573,,,8,0,7.6055,0,4,1.375199999988079,2.21559999999404,0,40,Female,3,24.0,95.0,22.8,53.0,71.0,37.63,-29.0,24.0,-14.829999999999998,0,0,9,0.0493124999999999,0.4
48,Block,3,60,32,1,0,Right,1.2060999999940396,,,8,0,9.29359999999404,0,5,1.5368999999910593,2.149399999991059,0,40,Female,3,59.0,31.0,18.29,60.0,1.0,0.6,-1.0,30.0,17.689999999999998,7,0,20,0.161699999999255,0.4
48,Block,3,47,33,1,0,Left,1.4374000000059604,,,8,0,5.8592999999970194,0,5,1.3675,2.071,0,40,Female,3,57.0,51.0,29.07,62.0,48.0,29.76,-5.0,3.0,-0.6899999999999977,3,1,7,0.2675875000003725,0.4
48,Block,3,58,4,1,0,Left,2.0714000000059603,,,8,0,9.81739999999106,0,5,1.191100000008941,1.94670000000298,0,40,Female,3,72.0,82.0,59.04,73.0,81.0,59.13,-1.0,1.0,-0.0900000000000034,3,1,18,0.2271749999988825,0.4
48,Block,3,45,44,0,1,Right,1.3392000000029802,,,8,0,7.26540000000596,0,4,1.7542999999970197,2.3341000000089407,0,40,Female,3,19.0,86.0,16.34,45.0,71.0,31.95,-26.0,15.0,-15.61,0,1,5,0.0918249999992549,0.4
48,Block,3,48,47,0,1,Left,2.199199999988079,,,8,0,6.592100000008941,0,4,1.1689000000059604,1.91470000000298,0,40,Female,3,68.0,30.0,20.4,89.0,16.0,14.24,-21.0,14.0,6.159999999999998,6,0,8,0.1759874999988824,0.4
48,Block,3,59,48,1,0,Right,2.1425,,,8,0,8.891,0,5,1.2765,2.10909999999404,0,40,Female,3,35.0,68.0,23.8,54.0,43.0,23.22,-19.0,25.0,0.5800000000000018,4,0,19,0.111375,0.4
48,Block,3,54,5,1,0,Right,1.7602999999970197,,,8,0,7.34990000000596,0,5,1.4539000000059603,2.262,0,40,Female,3,72.0,33.0,23.76,98.0,5.0,4.9,-26.0,28.0,18.86,7,0,14,0.0812624999992549,0.4
48,Block,3,53,51,1,0,Right,1.5221000000089406,,,8,0,8.02740000000596,0,4,1.7982999999970195,3.1038999999910595,0,40,Female,3,41.0,94.0,38.54,48.0,70.0,33.599999999999994,-7.0,24.0,4.940000000000005,5,0,13,0.0034250000007449,0.4
48,Block,3,57,56,1,0,Right,1.6484000000059604,,,8,0,8.4995,0,3,2.26570000000298,2.98529999999702,0,40,Female,2,62.0,34.0,21.08,86.0,15.0,12.9,-24.0,19.0,8.180000000000001,6,0,17,0.0624374999999999,0.4
48,Block,3,42,57,0,1,Right,1.213,,,8,0,10.18259999999404,0,3,1.227300000011921,1.957100000008941,0,40,Female,2,59.0,94.0,55.46,86.0,89.0,76.54,-27.0,5.0,-21.080000000000013,0,1,2,0.2728249999992549,0.4
48,Block,3,51,58,1,0,Right,1.7124000000059605,,,8,0,7.966800000011921,0,4,3.0762000000029803,3.85,0,40,Female,3,36.0,54.0,19.44,48.0,53.0,25.44,-12.0,1.0,-6.0,1,0,11,0.0041499999985098,0.4
48,Block,3,50,59,1,0,Left,1.6932999999970195,,,8,0,8.128900000005961,0,5,2.4139000000059605,3.1806000000089405,0,40,Female,3,8.0,64.0,5.12,25.0,34.0,8.5,-17.0,30.0,-3.38,2,1,10,0.0161125000007451,0.4
48,Block,1,13,10,0,1,Right,1.5311000000089408,,,10,0,10.36110000000894,0,4,1.7367999999970198,3.39779999999702,0,40,Female,3,5.0,55.0,2.75,35.0,36.0,12.6,-30.0,19.0,-9.85,1,1,13,0.036110000000894,0.4
48,Block,1,19,11,0,1,Right,1.3587000000029803,,,10,0,8.74279999999702,0,5,4.738399999991059,5.740799999997019,0,40,Female,3,72.0,85.0,61.2,86.0,66.0,56.760000000000005,-14.0,19.0,4.439999999999991,5,1,19,0.1257200000002979,0.4
48,Block,1,4,14,0,1,Left,2.042899999991059,,,10,0,9.92229999999702,0,4,1.9345,2.59609999999404,0,40,Female,3,33.0,61.0,20.13,51.0,44.0,22.44,-18.0,17.0,-2.3100000000000023,2,0,4,0.007770000000298,0.4
48,Block,1,8,20,1,0,Right,0.9892000000029804,,,10,0,8.64670000000298,0,4,1.3375999999940396,2.0435,0,40,Female,3,35.0,24.0,8.4,65.0,14.0,9.1,-30.0,10.0,-0.7000000000000011,3,0,8,0.135329999999702,0.4
48,Block,1,5,23,1,0,Right,1.4767000000029802,,,10,0,9.20390000000596,0,3,3.4854000000059604,4.166,0,40,Female,2,52.0,36.0,18.72,63.0,27.0,17.01,-11.0,9.0,1.7099999999999973,4,0,5,0.0796099999994039,0.4
48,Block,1,17,26,0,1,Left,1.6374000000059603,,,10,0,10.73570000000298,0,5,1.161,2.0005,0,40,Female,3,95.0,74.0,70.3,97.0,49.0,47.53,-2.0,25.0,22.77,7,0,17,0.073570000000298,0.4
48,Block,1,16,27,1,0,Right,1.31,,,10,0,8.666299999997019,0,5,2.07,2.80289999999106,0,40,Female,3,18.0,49.0,8.82,23.0,29.0,6.67,-5.0,20.0,2.1500000000000004,5,0,16,0.1333700000002981,0.4
48,Block,1,10,29,1,0,Right,1.0249000000059605,,,10,0,9.284,0,4,1.6912000000029803,2.3429000000059603,0,40,Female,3,64.0,32.0,20.48,69.0,4.0,2.76,-5.0,28.0,17.72,7,0,10,0.0715999999999999,0.4
48,Block,1,3,30,1,0,Right,1.6127000000029803,,,10,0,10.12360000000894,0,4,3.704,4.34879999999702,0,40,Female,3,71.0,82.0,58.22,80.0,78.0,62.400000000000006,-9.0,4.0,-4.180000000000007,2,0,3,0.012360000000894,0.4
48,Block,1,2,31,1,0,Left,1.7357999999970195,,,10,0,7.97020000000298,0,5,1.2504000000059603,1.89420000000298,0,40,Female,3,59.0,23.0,13.57,74.0,22.0,16.28,-15.0,1.0,-2.710000000000001,2,1,2,0.202979999999702,0.4
48,Block,1,11,38,0,1,Left,0.9435999999940397,,,10,0,9.96970000000298,0,4,1.6019000000059604,2.32429999999702,0,40,Female,3,43.0,54.0,23.22,63.0,45.0,28.35,-20.0,9.0,-5.129999999999999,1,0,11,0.0030299999997019,0.4
48,Block,1,18,40,1,0,Left,1.0266000000089408,,,10,0,11.21119999998808,0,3,1.5083999999910591,2.2088999999910595,0,40,Female,2,30.0,41.0,12.3,60.0,35.0,21.0,-30.0,6.0,-8.700000000000001,1,1,18,0.121119999998808,0.4
48,Block,1,1,41,1,0,Right,1.2775,,,10,0,9.66979999999702,0,4,1.88759999999404,2.594,0,40,Female,3,35.0,40.0,14.0,48.0,10.0,4.800000000000001,-13.0,30.0,9.2,6,0,1,0.033020000000298,0.4
48,Block,1,15,45,1,0,Left,1.694,,,10,0,8.7475,0,5,1.96809999999404,2.719699999988079,0,40,Female,3,52.0,92.0,47.84,72.0,91.0,65.52,-20.0,1.0,-17.679999999999993,0,1,15,0.1252499999999999,0.4
48,Block,1,12,49,1,0,Left,1.1535999999940396,,,10,0,9.02110000000894,0,4,3.80959999999404,4.422399999991059,0,40,Female,3,69.0,87.0,60.03,99.0,86.0,85.14,-30.0,1.0,-25.11,0,1,12,0.097889999999106,0.4
48,Block,1,20,52,1,0,Right,1.6954000000059604,,,10,0,10.47289999999106,0,5,1.61020000000298,2.4595,0,40,Female,3,62.0,92.0,57.04,83.0,62.0,51.46,-21.0,30.0,5.579999999999998,5,0,20,0.047289999999106,0.4
48,Block,1,14,53,0,1,Left,1.5540999999940397,,,10,0,8.06129999999702,0,3,1.935699999988079,2.60329999999702,0,40,Female,2,69.0,28.0,19.32,81.0,23.0,18.630000000000003,-12.0,5.0,0.6899999999999977,4,0,14,0.1938700000002979,0.4
48,Block,1,6,54,1,0,Left,1.7886000000089406,,,10,0,9.04720000000298,0,4,1.4735,2.1987000000029804,0,40,Female,3,47.0,37.0,17.39,77.0,23.0,17.71,-30.0,14.0,-0.3200000000000003,3,1,6,0.0952799999997019,0.4
48,Block,1,7,8,1,0,Right,2.10879999999702,,,10,0,12.154,0,4,1.2732000000029802,1.98620000000298,0,40,Female,3,65.0,49.0,31.85,71.0,33.0,23.43,-6.0,16.0,8.419999999999998,6,0,7,0.2153999999999999,0.4
48,Block,1,9,9,1,0,Right,1.1497000000029802,,,10,0,11.21329999999702,0,3,2.1739000000059603,2.8681000000089405,0,40,Female,2,39.0,66.0,25.74,40.0,50.0,20.0,-1.0,16.0,5.740000000000002,6,0,9,0.1213299999997019,0.4
49,Block,3,55,1,0,1,Right,2.91909999999404,,,6,0,5.766,0,2,2.010800000011921,2.9989000000059605,0,46,Female,1,18.0,44.0,7.92,40.0,39.0,15.6,-22.0,5.0,-7.6800000000000015,1,1,15,0.039,0.4
49,Block,3,59,18,0,1,Left,1.948800000011921,,,6,0,5.575399999976158,0,1,1.2029000000059604,1.918600000023842,0,46,Female,1,73.0,32.0,23.36,82.0,2.0,1.64,-9.0,30.0,21.72,7,0,19,0.0707666666706403,0.4
49,Block,3,56,19,1,0,Right,2.4347000000178816,,,6,0,5.161200000017882,0,2,1.2852999999821186,2.390699999988079,0,46,Female,1,24.0,74.0,17.759999999999998,25.0,64.0,16.0,-1.0,10.0,1.759999999999998,5,0,16,0.1397999999970197,0.4
49,Block,3,50,24,0,1,Left,1.383699999988079,,,6,0,4.833400000005961,0,3,2.775199999988079,3.5267999999821185,0,46,Female,2,7.0,96.0,6.72,37.0,66.0,24.42,-30.0,30.0,-17.700000000000003,0,0,10,0.1944333333323399,0.4
49,Block,3,44,25,0,1,Left,1.2525,,,6,0,4.01690000000596,0,1,1.0205999999940396,1.8395,0,46,Female,1,52.0,96.0,49.92,55.0,83.0,45.65,-3.0,13.0,4.270000000000003,5,0,4,0.3305166666656733,0.4
49,Block,3,45,28,0,1,Right,3.2412000000178813,,,6,0,4.466599999994039,0,2,1.311199999988079,2.2562999999821187,0,46,Female,1,11.0,72.0,7.92,33.0,45.0,14.85,-22.0,27.0,-6.93,1,1,5,0.2555666666676601,0.4
49,Block,3,57,3,0,1,Right,4.669800000011921,,,6,0,5.5145,0,3,1.292899999976158,2.1695999999940394,0,46,Female,2,76.0,72.0,54.72,99.0,48.0,47.52,-23.0,24.0,7.200000000000003,6,1,17,0.0809166666666666,0.4
49,Block,3,54,34,1,0,Left,3.1249000000059604,,,6,0,5.85359999999404,0,2,1.4419000000059603,2.6695,0,46,Female,1,27.0,60.0,16.2,36.0,41.0,14.76,-9.0,19.0,1.4399999999999995,4,1,14,0.0244000000009934,0.4
49,Block,3,49,35,0,1,Left,1.5101000000238418,,,6,0,6.152200000017881,0,2,1.351699999988079,2.17609999999404,0,46,Female,1,36.0,37.0,13.32,51.0,10.0,5.1000000000000005,-15.0,27.0,8.219999999999999,6,0,9,0.0253666666696468,0.4
49,Block,3,51,36,0,1,Left,4.218299999982119,,,6,0,5.696,0,2,1.4490999999940395,2.1152999999821187,0,46,Female,1,75.0,31.0,23.25,96.0,14.0,13.44,-21.0,17.0,9.81,7,0,11,0.0506666666666667,0.4
49,Block,3,47,39,1,0,Right,4.484,,,6,0,4.969799999982119,0,3,1.6850999999940397,3.786400000005961,0,46,Female,2,36.0,68.0,24.48,55.0,48.0,26.4,-19.0,20.0,-1.9199999999999984,2,0,7,0.1717000000029801,0.4
49,Block,3,52,42,0,1,Left,1.993300000011921,,,6,0,5.612299999982119,0,2,1.7187999999821186,2.69709999999404,0,46,Female,1,50.0,89.0,44.5,66.0,67.0,44.220000000000006,-16.0,22.0,0.279999999999994,4,0,12,0.0646166666696469,0.4
49,Block,3,46,43,1,0,Left,2.0158000000119207,,,6,0,4.901699999988079,0,2,1.3882999999821186,2.106199999988079,0,46,Female,1,17.0,73.0,12.41,42.0,63.0,26.46,-25.0,10.0,-14.05,0,1,6,0.1830500000019868,0.4
49,Block,3,43,46,1,0,Right,1.198299999982119,,,6,0,5.271299999982118,0,2,2.33159999999404,3.0585,0,46,Female,1,78.0,38.0,29.64,90.0,15.0,13.5,-12.0,23.0,16.14,7,0,3,0.1214500000029802,0.4
49,Block,3,58,50,1,0,Left,3.3265,,,6,0,4.858800000011921,0,2,1.919,2.7985,0,46,Female,1,2.0,34.0,0.68,29.0,13.0,3.77,-27.0,21.0,-3.09,2,1,18,0.1901999999980132,0.4
49,Block,3,60,55,1,0,Right,2.8364000000059604,,,6,0,5.248099999994039,0,2,1.1877000000178817,2.1302000000178816,0,46,Female,1,35.0,92.0,32.2,41.0,81.0,33.21,-6.0,11.0,-1.009999999999998,3,0,20,0.1253166666676601,0.4
49,Block,3,53,60,0,1,Right,3.134800000011921,,,6,0,5.81609999999404,0,1,1.492899999976158,2.617699999988079,0,46,Female,1,56.0,75.0,42.0,81.0,74.0,59.94,-25.0,1.0,-17.939999999999998,0,1,13,0.0306500000009933,0.4
49,Block,3,48,7,0,1,Right,1.4478000000119209,,,6,0,4.905199999988079,0,1,1.57,2.350700000017881,0,46,Female,1,61.0,62.0,37.82,69.0,61.0,42.09,-8.0,1.0,-4.269999999999996,2,1,8,0.1824666666686535,0.4
49,Block,2,33,12,1,0,Right,1.087199999988079,,,8,0,6.60990000000596,0,1,1.390199999988079,2.432,0,46,Female,1,72.0,98.0,70.56,73.0,77.0,56.21,-1.0,21.0,14.35,7,0,13,0.1737624999992549,0.4
49,Block,2,24,13,0,1,Left,2.6212999999821185,,,8,0,6.706599999994039,0,2,1.4873999999761582,2.217199999988079,0,46,Female,1,73.0,49.0,35.77,81.0,42.0,34.02,-8.0,7.0,1.75,4,0,4,0.161675000000745,0.4
49,Block,2,34,15,1,0,Right,2.737,,,8,0,3.935699999988079,0,3,1.5792000000178814,2.4050999999940395,0,46,Female,2,36.0,75.0,27.0,52.0,61.0,31.72,-16.0,14.0,-4.719999999999999,2,0,14,0.5080375000014901,0.4
49,Block,2,23,16,0,1,Left,3.003600000023842,,,8,0,5.59240000000596,0,3,2.6005999999940395,3.8798999999761583,0,46,Female,2,23.0,12.0,2.76,26.0,6.0,1.56,-3.0,6.0,1.1999999999999995,4,0,3,0.300949999999255,0.4
49,Block,2,26,17,1,0,Right,6.2315,,,8,0,3.4783999999761583,0,3,4.328199999988079,5.459599999994039,0,46,Female,2,31.0,38.0,11.78,46.0,29.0,13.34,-15.0,9.0,-1.5600000000000005,3,0,6,0.5652000000029802,0.4
49,Block,2,35,2,0,1,Right,2.177199999988079,,,8,0,5.905299999982119,0,2,1.2014000000059604,2.2898000000119207,0,46,Female,1,40.0,63.0,25.2,57.0,58.0,33.059999999999995,-17.0,5.0,-7.859999999999996,1,1,15,0.2618375000022351,0.4
49,Block,2,25,21,0,1,Left,3.005800000011921,,,8,0,3.5072999999821186,0,2,1.1947000000178811,2.513100000023842,0,46,Female,1,26.0,59.0,15.34,36.0,33.0,11.88,-10.0,26.0,3.459999999999999,5,0,5,0.5615875000022352,0.4
49,Block,2,36,22,1,0,Right,4.266699999988079,,,8,0,4.468200000017881,0,2,3.5220999999940394,4.23869999998808,0,46,Female,1,24.0,95.0,22.8,53.0,71.0,37.63,-29.0,24.0,-14.829999999999998,0,0,16,0.4414749999977648,0.4
49,Block,2,27,32,1,0,Right,0.947899999976158,,,8,0,6.070600000023842,0,1,2.316,3.09309999999404,0,46,Female,1,59.0,31.0,18.29,60.0,1.0,0.6,-1.0,30.0,17.689999999999998,7,0,7,0.2411749999970197,0.4
49,Block,2,30,33,0,1,Right,3.63659999999404,,,8,0,4.280800000011921,0,2,1.3722999999821186,2.431,0,46,Female,1,57.0,51.0,29.07,62.0,48.0,29.76,-5.0,3.0,-0.6899999999999977,3,1,10,0.4648999999985098,0.4
49,Block,2,28,4,1,0,Right,2.681700000017881,,,8,0,6.857200000017881,0,1,3.582200000017881,4.432400000005961,0,46,Female,1,72.0,82.0,59.04,73.0,81.0,59.13,-1.0,1.0,-0.0900000000000034,3,0,8,0.1428499999977648,0.4
49,Block,2,31,44,1,0,Left,2.0365,,,8,0,5.21259999999404,0,2,1.5547000000178814,2.275,0,46,Female,1,19.0,86.0,16.34,45.0,71.0,31.95,-26.0,15.0,-15.61,0,1,11,0.348425000000745,0.4
49,Block,2,37,47,0,1,Left,1.9852999999821184,,,8,0,5.621200000017882,0,2,1.381699999988079,2.13559999999404,0,46,Female,1,68.0,30.0,20.4,89.0,16.0,14.24,-21.0,14.0,6.159999999999998,6,0,17,0.2973499999977648,0.4
49,Block,2,21,48,1,0,Right,3.3744000000059606,,,8,0,4.74740000000596,0,2,1.7338999999761582,2.5945,0,46,Female,1,35.0,68.0,23.8,54.0,43.0,23.22,-19.0,25.0,0.5800000000000018,4,0,1,0.4065749999992549,0.4
49,Block,2,40,5,0,1,Left,1.6942000000178814,,,8,0,5.574700000017882,0,2,1.99659999999404,2.7578000000119207,0,46,Female,1,72.0,33.0,23.76,98.0,5.0,4.9,-26.0,28.0,18.86,7,0,20,0.3031624999977648,0.4
49,Block,2,32,51,1,0,Right,1.7343000000119209,,,8,0,6.0815,0,2,1.469800000011921,2.1595,0,46,Female,1,41.0,94.0,38.54,48.0,70.0,33.599999999999994,-7.0,24.0,4.940000000000005,5,0,12,0.2398124999999999,0.4
49,Block,2,22,56,1,0,Right,1.0979000000059604,,,8,0,7.749900000005961,0,2,1.5332999999821186,2.2177999999821187,0,46,Female,1,62.0,34.0,21.08,86.0,15.0,12.9,-24.0,19.0,8.180000000000001,6,0,2,0.0312624999992549,0.4
49,Block,2,38,57,0,1,Right,2.0234000000059607,,,8,0,6.3845,0,2,1.5616999999880792,2.2954000000059605,0,46,Female,1,59.0,94.0,55.46,86.0,89.0,76.54,-27.0,5.0,-21.080000000000013,0,1,18,0.2019375,0.4
49,Block,2,29,58,0,1,Right,3.593,,,8,0,5.5795,0,2,3.40569999998808,4.523900000005961,0,46,Female,1,36.0,54.0,19.44,48.0,53.0,25.44,-12.0,1.0,-6.0,1,1,9,0.3025624999999999,0.4
49,Block,2,39,59,0,1,Right,3.6876999999880793,,,8,0,5.39509999999404,0,3,1.44,2.35409999999404,0,46,Female,2,8.0,64.0,5.12,25.0,34.0,8.5,-17.0,30.0,-3.38,2,1,19,0.325612500000745,0.4
49,Block,1,17,11,0,1,Left,2.1452999999821185,,,10,0,9.09290000000596,0,2,1.2815999999940395,1.99609999999404,0,46,Female,1,72.0,85.0,61.2,86.0,66.0,56.760000000000005,-14.0,19.0,4.439999999999991,5,0,17,0.090709999999404,0.4
49,Block,1,14,14,0,1,Right,6.274099999994039,,,10,0,4.98309999999404,0,3,3.13609999999404,4.1319000000059605,0,46,Female,2,33.0,61.0,20.13,51.0,44.0,22.44,-18.0,17.0,-2.3100000000000023,2,1,14,0.501690000000596,0.4
49,Block,1,15,20,1,0,Right,1.933,,,10,0,8.986200000017881,0,2,1.2416999999880791,2.586,0,46,Female,1,35.0,24.0,8.4,65.0,14.0,9.1,-30.0,10.0,-0.7000000000000011,3,0,15,0.1013799999982119,0.4
49,Block,1,12,23,1,0,Right,4.26059999999404,,,10,0,5.223,0,2,1.7737999999821186,5.03609999999404,0,46,Female,1,52.0,36.0,18.72,63.0,27.0,17.01,-11.0,9.0,1.7099999999999973,4,0,12,0.4777,0.4
49,Block,1,20,26,1,0,Right,1.4109000000059604,,,10,0,7.555199999988079,0,2,1.500699999988079,2.1990999999940395,0,46,Female,1,95.0,74.0,70.3,97.0,49.0,47.53,-2.0,25.0,22.77,7,0,20,0.2444800000011921,0.4
49,Block,1,1,27,0,1,Left,3.333699999988079,,,10,0,5.421600000023842,0,2,2.5884000000059606,5.499299999982119,0,46,Female,1,18.0,49.0,8.82,23.0,29.0,6.67,-5.0,20.0,2.1500000000000004,5,0,1,0.4578399999976158,0.4
49,Block,1,11,29,1,0,Right,1.3942000000178814,,,10,0,9.42559999999404,0,1,1.3597000000178814,2.294800000011921,0,46,Female,1,64.0,32.0,20.48,69.0,4.0,2.76,-5.0,28.0,17.72,7,0,11,0.057440000000596,0.4
49,Block,1,16,30,0,1,Right,3.3788000000119207,,,10,0,7.54740000000596,0,2,1.808699999988079,2.591199999988079,0,46,Female,1,71.0,82.0,58.22,80.0,78.0,62.400000000000006,-9.0,4.0,-4.180000000000007,2,1,16,0.2452599999994039,0.4
49,Block,1,3,31,0,1,Right,2.6079000000059605,,,10,0,8.637,0,1,1.7557999999821186,2.8102999999821185,0,46,Female,1,59.0,23.0,13.57,74.0,22.0,16.28,-15.0,1.0,-2.710000000000001,2,1,3,0.1362999999999999,0.4
49,Block,1,10,38,0,1,Right,4.13209999999404,,,10,0,7.035699999988079,0,2,1.6485,2.426,0,46,Female,1,43.0,54.0,23.22,63.0,45.0,28.35,-20.0,9.0,-5.129999999999999,1,1,10,0.2964300000011921,0.4
49,Block,1,4,40,1,0,Left,4.1285,,,10,0,7.034699999988079,0,2,1.925699999988079,2.986199999988079,0,46,Female,1,30.0,41.0,12.3,60.0,35.0,21.0,-30.0,6.0,-8.700000000000001,1,1,4,0.2965300000011921,0.4
49,Block,1,7,41,1,0,Right,2.073,,,10,0,8.436,0,2,2.162300000011921,3.500200000017881,0,46,Female,1,35.0,40.0,14.0,48.0,10.0,4.800000000000001,-13.0,30.0,9.2,6,0,7,0.1564,0.4
49,Block,1,18,45,1,0,Left,1.98059999999404,,,10,0,8.55240000000596,0,1,2.3129000000059605,5.093800000011921,0,46,Female,1,52.0,92.0,47.84,72.0,91.0,65.52,-20.0,1.0,-17.679999999999993,0,1,18,0.1447599999994039,0.4
49,Block,1,5,49,0,1,Right,2.8794000000059605,,,10,0,7.85190000000596,0,1,1.2910999999940396,2.154399999976158,0,46,Female,1,69.0,87.0,60.03,99.0,86.0,85.14,-30.0,1.0,-25.11,0,1,5,0.2148099999994039,0.4
49,Block,1,2,52,1,0,Right,1.7822999999821183,,,10,0,8.58690000000596,0,1,1.8014000000059605,2.8069000000059603,0,46,Female,1,62.0,92.0,57.04,83.0,62.0,51.46,-21.0,30.0,5.579999999999998,5,0,2,0.141309999999404,0.4
49,Block,1,13,53,0,1,Right,1.9799000000059608,,,10,0,8.440600000023842,0,2,1.1185,1.8327999999821185,0,46,Female,1,69.0,28.0,19.32,81.0,23.0,18.630000000000003,-12.0,5.0,0.6899999999999977,4,1,13,0.1559399999976158,0.4
49,Block,1,9,54,1,0,Left,6.27840000000596,,,10,0,5.4095,0,3,1.5145999999940396,2.446,0,46,Female,2,47.0,37.0,17.39,77.0,23.0,17.71,-30.0,14.0,-0.3200000000000003,3,1,9,0.4590499999999999,0.4
49,Block,1,19,8,0,1,Left,2.241700000017881,,,10,0,8.43979999998212,0,2,3.205300000011921,4.150699999988079,0,46,Female,1,65.0,49.0,31.85,71.0,33.0,23.43,-6.0,16.0,8.419999999999998,6,0,19,0.1560200000017881,0.4
49,Block,1,8,9,0,1,Left,2.484699999988079,,,10,0,7.59,0,1,1.368,2.2022999999821185,0,46,Female,1,39.0,66.0,25.74,40.0,50.0,20.0,-1.0,16.0,5.740000000000002,6,0,8,0.241,0.4
50,Block,3,43,1,1,0,Left,2.517800000190735,,,6,0,3.186900000572205,0,2,1.4486000003814696,2.3083999996185303,0,28,Female,1,18.0,44.0,7.92,40.0,39.0,15.6,-22.0,5.0,-7.6800000000000015,1,1,3,0.4688499999046325,0.3333333333333333
50,Block,3,56,18,0,1,Left,1.4688000001907349,,,6,0,3.916800000190735,0,2,1.0466000003814695,2.087800000190735,0,28,Female,1,73.0,32.0,23.36,82.0,2.0,1.64,-9.0,30.0,21.72,7,0,16,0.3471999999682109,0.3333333333333333
50,Block,3,54,19,1,0,Right,1.7159000005722045,,,6,0,3.7435,0,2,1.2346000003814697,2.162900000572205,0,28,Female,1,24.0,74.0,17.759999999999998,25.0,64.0,16.0,-1.0,10.0,1.759999999999998,5,0,14,0.3760833333333333,0.3333333333333333
50,Block,3,46,24,0,1,Right,1.6203000001907348,,,6,0,4.117099999427795,0,2,3.1515999994277952,4.18089999961853,0,28,Female,1,7.0,96.0,6.72,37.0,66.0,24.42,-30.0,30.0,-17.700000000000003,0,1,6,0.3138166667620341,0.3333333333333333
50,Block,3,50,25,1,0,Right,1.8066000003814693,,,6,0,3.230199999809265,0,2,2.5444000005722045,3.487400000572205,0,28,Female,1,52.0,96.0,49.92,55.0,83.0,45.65,-3.0,13.0,4.270000000000003,5,0,10,0.4616333333651225,0.3333333333333333
50,Block,3,53,28,1,0,Left,2.178800000190735,,,6,0,2.3751000003814697,0,2,2.57939999961853,3.5636999998092653,0,28,Female,1,11.0,72.0,7.92,33.0,45.0,14.85,-22.0,27.0,-6.93,1,1,13,0.6041499999364217,0.3333333333333333
50,Block,3,59,3,0,1,Left,2.433,,,6,0,3.33739999961853,0,2,0.8927999992370605,1.9342999992370609,0,28,Female,1,76.0,72.0,54.72,99.0,48.0,47.52,-23.0,24.0,7.200000000000003,6,0,19,0.4437666667302449,0.3333333333333333
50,Block,3,51,34,0,1,Left,2.08989999961853,,,6,0,3.9001000003814696,0,2,1.1444000005722046,2.1864000005722044,0,28,Female,1,27.0,60.0,16.2,36.0,41.0,14.76,-9.0,19.0,1.4399999999999995,4,0,11,0.349983333269755,0.3333333333333333
50,Block,3,45,35,0,1,Left,1.5891999998092652,,,6,0,3.379699999809265,0,2,1.6696999998092652,2.7471999998092653,0,28,Female,1,36.0,37.0,13.32,51.0,10.0,5.1000000000000005,-15.0,27.0,8.219999999999999,6,0,5,0.4367166666984558,0.3333333333333333
50,Block,3,41,36,0,1,Left,1.9961000003814693,,,6,0,2.5533000001907347,0,2,1.697199999809265,2.615,0,28,Female,1,75.0,31.0,23.25,96.0,14.0,13.44,-21.0,17.0,9.81,7,0,1,0.5744499999682109,0.3333333333333333
50,Block,3,58,37,1,0,Right,0.9324000005722046,,,6,0,4.245800000190735,0,2,1.1056000003814697,2.243,0,28,Female,1,48.0,35.0,16.799999999999997,61.0,19.0,11.59,-13.0,16.0,5.209999999999997,5,0,18,0.2923666666348776,0.3333333333333333
50,Block,3,48,39,1,0,Right,1.534800000190735,,,6,0,3.417699999809265,0,2,1.255199999809265,2.4335,0,28,Female,1,36.0,68.0,24.48,55.0,48.0,26.4,-19.0,20.0,-1.9199999999999984,2,0,8,0.4303833333651225,0.3333333333333333
50,Block,3,52,43,0,1,Right,1.2502000007629397,,,6,0,3.8631000003814697,0,2,1.3556000003814697,2.4065,0,28,Female,1,17.0,73.0,12.41,42.0,63.0,26.46,-25.0,10.0,-14.05,0,1,12,0.3561499999364217,0.3333333333333333
50,Block,3,47,46,0,1,Left,2.3793000001907347,,,6,0,3.283699999809265,0,1,2.1246999998092653,3.1493999996185305,0,28,Female,1,78.0,38.0,29.64,90.0,15.0,13.5,-12.0,23.0,16.14,7,0,7,0.4527166666984558,0.3333333333333333
50,Block,3,44,50,0,1,Right,3.4678999996185302,,,6,0,3.6156000003814697,0,3,1.5599000005722046,3.043900000572205,0,28,Female,2,2.0,34.0,0.68,29.0,13.0,3.77,-27.0,21.0,-3.09,2,1,4,0.3973999999364217,0.3333333333333333
50,Block,3,60,55,0,1,Left,1.831699999809265,,,6,0,3.4828999996185304,0,2,2.78760000038147,4.04510000038147,0,28,Female,1,35.0,92.0,32.2,41.0,81.0,33.21,-6.0,11.0,-1.009999999999998,3,0,20,0.4195166667302449,0.3333333333333333
50,Block,3,49,6,1,0,Right,1.576,,,6,0,3.443199999809265,0,1,1.2109000005722046,2.329800000190735,0,28,Female,1,41.0,64.0,26.24,52.0,51.0,26.52,-11.0,13.0,-0.2799999999999976,3,0,9,0.4261333333651225,0.3333333333333333
50,Block,3,57,60,0,1,Right,2.070300000190735,,,6,0,2.7775,0,2,2.3365,3.2505999994277954,0,28,Female,1,56.0,75.0,42.0,81.0,74.0,59.94,-25.0,1.0,-17.939999999999998,0,1,17,0.5370833333333334,0.3333333333333333
50,Block,3,55,7,0,1,Right,1.184,,,6,0,3.2995,0,1,1.0018000001907348,2.055199999809265,0,28,Female,1,61.0,62.0,37.82,69.0,61.0,42.09,-8.0,1.0,-4.269999999999996,2,1,15,0.4500833333333333,0.3333333333333333
50,Block,2,23,12,0,1,Left,1.5922999992370606,,,8,0,5.35,0,2,1.685800000190735,2.790800000190735,0,28,Female,1,72.0,98.0,70.56,73.0,77.0,56.21,-1.0,21.0,14.35,7,0,3,0.33125,0.3333333333333333
50,Block,2,32,13,0,1,Left,1.6871000003814698,,,8,0,5.762100000381469,0,2,1.7446999998092652,2.6581999998092654,0,28,Female,1,73.0,49.0,35.77,81.0,42.0,34.02,-8.0,7.0,1.75,4,0,12,0.2797374999523163,0.3333333333333333
50,Block,2,26,15,1,0,Right,1.5074000005722046,,,8,0,5.101700000762939,0,2,1.6662999992370606,2.7345,0,28,Female,1,36.0,75.0,27.0,52.0,61.0,31.72,-16.0,14.0,-4.719999999999999,2,0,6,0.3622874999046326,0.3333333333333333
50,Block,2,34,16,1,0,Right,1.482,,,8,0,5.4580999994277954,0,1,2.3795,3.741799999237061,0,28,Female,1,23.0,12.0,2.76,26.0,6.0,1.56,-3.0,6.0,1.1999999999999995,4,0,14,0.3177375000715255,0.3333333333333333
50,Block,2,37,17,1,0,Left,2.0055,,,8,0,6.59289999961853,0,2,1.3656999998092652,2.298699999809265,0,28,Female,1,31.0,38.0,11.78,46.0,29.0,13.34,-15.0,9.0,-1.5600000000000005,3,1,17,0.1758875000476837,0.3333333333333333
50,Block,2,39,2,1,0,Left,2.1646999998092653,,,8,0,6.23139999961853,0,3,1.873800000190735,4.023900000572205,0,28,Female,2,40.0,63.0,25.2,57.0,58.0,33.059999999999995,-17.0,5.0,-7.859999999999996,1,1,19,0.2210750000476837,0.3333333333333333
50,Block,2,29,21,0,1,Left,1.3802000007629394,,,8,0,5.382,0,2,1.7498000001907348,2.661,0,28,Female,1,26.0,59.0,15.34,36.0,33.0,11.88,-10.0,26.0,3.459999999999999,5,0,9,0.32725,0.3333333333333333
50,Block,2,22,22,0,1,Right,2.2595,,,8,0,3.852299999237061,0,2,1.4934000005722046,2.438900000572205,0,28,Female,1,24.0,95.0,22.8,53.0,71.0,37.63,-29.0,24.0,-14.829999999999998,0,1,2,0.5184625000953673,0.3333333333333333
50,Block,2,21,32,1,0,Right,1.8711999998092648,,,8,0,4.137300000190735,0,3,2.1248999996185303,3.4405,0,28,Female,2,59.0,31.0,18.29,60.0,1.0,0.6,-1.0,30.0,17.689999999999998,7,0,1,0.4828374999761581,0.3333333333333333
50,Block,2,28,33,0,1,Left,1.845599999427796,,,8,0,5.297,0,2,1.5750999994277954,2.600199999809265,0,28,Female,1,57.0,51.0,29.07,62.0,48.0,29.76,-5.0,3.0,-0.6899999999999977,3,0,8,0.337875,0.3333333333333333
50,Block,2,24,4,0,1,Left,1.698300000190735,,,8,0,5.392699999809265,0,1,1.3728000001907348,2.611699999809265,0,28,Female,1,72.0,82.0,59.04,73.0,81.0,59.13,-1.0,1.0,-0.0900000000000034,3,0,4,0.3259125000238418,0.3333333333333333
50,Block,2,27,44,1,0,Right,1.6176999998092652,,,8,0,6.2015,0,1,2.0983999996185303,3.045199999809265,0,28,Female,1,19.0,86.0,16.34,45.0,71.0,31.95,-26.0,15.0,-15.61,0,0,7,0.2248124999999999,0.3333333333333333
50,Block,2,31,47,1,0,Right,1.4193000001907348,,,8,0,6.539800000190735,0,2,1.3475,2.31160000038147,0,28,Female,1,68.0,30.0,20.4,89.0,16.0,14.24,-21.0,14.0,6.159999999999998,6,0,11,0.1825249999761581,0.3333333333333333
50,Block,2,36,48,0,1,Left,2.868,,,8,0,3.836900000572205,0,2,2.117199999809265,3.0739000005722046,0,28,Female,1,35.0,68.0,23.8,54.0,43.0,23.22,-19.0,25.0,0.5800000000000018,4,0,16,0.5203874999284743,0.3333333333333333
50,Block,2,40,5,1,0,Right,1.6086000003814698,,,8,0,7.2597000007629395,0,2,1.477,2.4483000001907347,0,28,Female,1,72.0,33.0,23.76,98.0,5.0,4.9,-26.0,28.0,18.86,7,0,20,0.0925374999046325,0.3333333333333333
50,Block,2,33,51,1,0,Right,1.462,,,8,0,5.96510000038147,0,2,1.5971999998092652,2.4824000005722047,0,28,Female,1,41.0,94.0,38.54,48.0,70.0,33.599999999999994,-7.0,24.0,4.940000000000005,5,0,13,0.2543624999523163,0.3333333333333333
50,Block,2,35,56,1,0,Right,1.6208999996185305,,,8,0,4.297699999809265,0,1,1.3425,2.213300000190735,0,28,Female,1,62.0,34.0,21.08,86.0,15.0,12.9,-24.0,19.0,8.180000000000001,6,0,15,0.4627875000238418,0.3333333333333333
50,Block,2,30,57,0,1,Right,1.840600000381469,,,8,0,5.34639999961853,0,1,2.7745,3.7527999992370606,0,28,Female,1,59.0,94.0,55.46,86.0,89.0,76.54,-27.0,5.0,-21.080000000000013,0,1,10,0.3317000000476837,0.3333333333333333
50,Block,2,38,58,1,0,Left,1.6219000005722046,,,8,0,4.195599999427795,0,2,7.940800000190735,10.134,0,28,Female,1,36.0,54.0,19.44,48.0,53.0,25.44,-12.0,1.0,-6.0,1,1,18,0.4755500000715256,0.3333333333333333
50,Block,2,25,59,0,1,Left,2.651,,,8,0,5.5395,0,2,1.7861000003814698,2.9099000005722044,0,28,Female,1,8.0,64.0,5.12,25.0,34.0,8.5,-17.0,30.0,-3.38,2,0,5,0.3075624999999999,0.3333333333333333
50,Block,1,15,10,1,0,Left,2.86,,,10,0,7.24839999961853,0,2,1.851300000190735,2.933699999809265,0,28,Female,1,5.0,55.0,2.75,35.0,36.0,12.6,-30.0,19.0,-9.85,1,1,15,0.275160000038147,0.3333333333333333
50,Block,1,2,11,0,1,Left,2.0661000003814696,,,10,0,6.673699999809265,0,2,8.916199999809265,22.34110000038147,0,28,Female,1,72.0,85.0,61.2,86.0,66.0,56.760000000000005,-14.0,19.0,4.439999999999991,5,0,2,0.3326300000190735,0.3333333333333333
50,Block,1,3,14,1,0,Right,1.8465,,,10,0,7.289,0,2,2.494300000190735,8.8495,0,28,Female,1,33.0,61.0,20.13,51.0,44.0,22.44,-18.0,17.0,-2.3100000000000023,2,0,3,0.2711,0.3333333333333333
50,Block,1,18,20,1,0,Right,2.189800000190735,,,10,0,7.0065,0,2,2.03570000076294,3.0969000005722047,0,28,Female,1,35.0,24.0,8.4,65.0,14.0,9.1,-30.0,10.0,-0.7000000000000011,3,0,18,0.29935,0.3333333333333333
50,Block,1,10,23,0,1,Left,1.6656999998092652,,,10,0,7.653099999427796,0,1,1.592199999809265,2.7885,0,28,Female,1,52.0,36.0,18.72,63.0,27.0,17.01,-11.0,9.0,1.7099999999999973,4,0,10,0.2346900000572204,0.3333333333333333
50,Block,1,1,26,1,0,Right,2.1198999996185304,,,10,0,7.5841999998092655,0,2,2.109800000190735,3.236300000190735,0,28,Female,1,95.0,74.0,70.3,97.0,49.0,47.53,-2.0,25.0,22.77,7,0,1,0.2415800000190734,0.3333333333333333
50,Block,1,17,27,0,1,Left,3.0283999996185305,,,10,0,6.579200000762939,0,2,1.307,2.1758999996185304,0,28,Female,1,18.0,49.0,8.82,23.0,29.0,6.67,-5.0,20.0,2.1500000000000004,5,0,17,0.3420799999237061,0.3333333333333333
50,Block,1,9,29,0,1,Left,2.1892000007629395,,,10,0,6.2945,0,2,2.326,3.3874000005722045,0,28,Female,1,64.0,32.0,20.48,69.0,4.0,2.76,-5.0,28.0,17.72,7,0,9,0.37055,0.3333333333333333
50,Block,1,16,30,1,0,Left,1.71,,,10,0,7.418,0,2,1.1238999996185304,2.1473999996185302,0,28,Female,1,71.0,82.0,58.22,80.0,78.0,62.400000000000006,-9.0,4.0,-4.180000000000007,2,1,16,0.2582,0.3333333333333333
50,Block,1,19,31,1,0,Left,3.9799000005722047,,,10,0,5.160300000190735,0,2,1.5898000001907349,2.642,0,28,Female,1,59.0,23.0,13.57,74.0,22.0,16.28,-15.0,1.0,-2.710000000000001,2,1,19,0.4839699999809265,0.3333333333333333
50,Block,1,7,38,0,1,Right,2.853300000190735,,,10,0,6.2865,0,2,2.858,4.0395,0,28,Female,1,43.0,54.0,23.22,63.0,45.0,28.35,-20.0,9.0,-5.129999999999999,1,1,7,0.3713499999999999,0.3333333333333333
50,Block,1,5,40,0,1,Right,2.8085,,,10,0,6.321699999809265,0,1,3.492199999809265,4.642299999237061,0,28,Female,1,30.0,41.0,12.3,60.0,35.0,21.0,-30.0,6.0,-8.700000000000001,1,1,5,0.3678300000190734,0.3333333333333333
50,Block,1,14,41,1,0,Right,1.4690999994277951,,,10,0,7.084699999809265,0,2,1.822,2.943600000381469,0,28,Female,1,35.0,40.0,14.0,48.0,10.0,4.800000000000001,-13.0,30.0,9.2,6,0,14,0.2915300000190735,0.3333333333333333
50,Block,1,4,45,0,1,Left,3.605,,,10,0,5.178600000381469,0,3,2.371199999809265,3.6545999994277953,0,28,Female,2,52.0,92.0,47.84,72.0,91.0,65.52,-20.0,1.0,-17.679999999999993,0,0,4,0.4821399999618531,0.3333333333333333
50,Block,1,11,49,1,0,Left,2.0796999998092653,,,10,0,6.96310000038147,0,1,2.04089999961853,3.096199999809265,0,28,Female,1,69.0,87.0,60.03,99.0,86.0,85.14,-30.0,1.0,-25.11,0,1,11,0.303689999961853,0.3333333333333333
50,Block,1,20,52,1,0,Right,1.5225,,,10,0,8.68789999961853,0,2,1.435199999809265,2.492800000190735,0,28,Female,1,62.0,92.0,57.04,83.0,62.0,51.46,-21.0,30.0,5.579999999999998,5,0,20,0.131210000038147,0.3333333333333333
50,Block,1,12,53,1,0,Left,2.9734000005722048,,,10,0,6.2975,0,2,2.273599999427796,3.3397999992370604,0,28,Female,1,69.0,28.0,19.32,81.0,23.0,18.630000000000003,-12.0,5.0,0.6899999999999977,4,1,12,0.3702499999999999,0.3333333333333333
50,Block,1,13,54,0,1,Left,1.9996000003814696,,,10,0,7.15,0,1,1.4435,2.3248000001907347,0,28,Female,1,47.0,37.0,17.39,77.0,23.0,17.71,-30.0,14.0,-0.3200000000000003,3,0,13,0.285,0.3333333333333333
50,Block,1,8,8,1,0,Right,2.788300000190735,,,10,0,6.484300000190735,0,2,2.5158999996185303,3.673699999809265,0,28,Female,1,65.0,49.0,31.85,71.0,33.0,23.43,-6.0,16.0,8.419999999999998,6,0,8,0.3515699999809265,0.3333333333333333
50,Block,1,6,9,1,0,Left,2.9828000001907347,,,10,0,5.478,0,2,1.9975,3.0693999996185304,0,28,Female,1,39.0,66.0,25.74,40.0,50.0,20.0,-1.0,16.0,5.740000000000002,6,1,6,0.4522,0.3333333333333333
51,Block,1,13,1,0,1,Right,2.6886999999284744,,,6,0,6.5612999999523165,0,2,5.3122000000476834,5.657600000023842,0,33,Female,1,18.0,44.0,7.92,40.0,39.0,15.6,-22.0,5.0,-7.6800000000000015,1,1,13,0.0935499999920527,0.3166666666666666
51,Block,1,9,18,1,0,Right,2.0041999999284745,,,6,0,3.907,0,2,0.8466000000238418,1.2667999999523163,0,33,Female,1,73.0,32.0,23.36,82.0,2.0,1.64,-9.0,30.0,21.72,7,0,9,0.3488333333333333,0.3166666666666666
51,Block,1,19,19,0,1,Left,3.6135,,,6,0,5.318800000071525,0,1,2.3435999999046326,2.7295999999046328,0,33,Female,1,24.0,74.0,17.759999999999998,25.0,64.0,16.0,-1.0,10.0,1.759999999999998,5,0,19,0.1135333333214124,0.3166666666666666
51,Block,1,10,24,0,1,Right,2.328200000047684,,,6,0,4.722399999976158,0,2,1.513600000023842,2.166100000023842,0,33,Female,1,7.0,96.0,6.72,37.0,66.0,24.42,-30.0,30.0,-17.700000000000003,0,1,10,0.212933333337307,0.3166666666666666
51,Block,1,8,25,1,0,Right,1.839900000095368,,,6,0,4.863800000071525,0,1,0.8303999999761581,1.442899999976158,0,33,Female,1,52.0,96.0,49.92,55.0,83.0,45.65,-3.0,13.0,4.270000000000003,5,0,8,0.1893666666547457,0.3166666666666666
51,Block,1,6,28,1,0,Left,2.836100000023842,,,6,0,4.306599999904632,0,2,3.544,3.980100000023842,0,33,Female,1,11.0,72.0,7.92,33.0,45.0,14.85,-22.0,27.0,-6.93,1,1,6,0.2822333333492279,0.3166666666666666
51,Block,1,11,3,0,1,Left,1.742600000023842,,,6,0,5.062,0,2,0.93,1.5325,0,33,Female,1,76.0,72.0,54.72,99.0,48.0,47.52,-23.0,24.0,7.200000000000003,6,0,11,0.1563333333333333,0.3166666666666666
51,Block,1,16,34,0,1,Left,5.405700000047684,,,6,0,5.3535,0,3,1.3723999999761582,1.960899999976158,0,33,Female,2,27.0,60.0,16.2,36.0,41.0,14.76,-9.0,19.0,1.4399999999999995,4,0,16,0.1077499999999999,0.3166666666666666
51,Block,1,12,35,1,0,Right,2.643600000023842,,,6,0,7.009200000047684,0,2,1.7072000000476837,2.159600000023842,0,33,Female,1,36.0,37.0,13.32,51.0,10.0,5.1000000000000005,-15.0,27.0,8.219999999999999,6,0,12,0.1682000000079474,0.3166666666666666
51,Block,1,1,36,0,1,Left,1.736600000023842,,,6,0,4.298799999952316,0,1,2.741600000023842,3.492100000023842,0,33,Female,1,75.0,31.0,23.25,96.0,14.0,13.44,-21.0,17.0,9.81,7,0,1,0.2835333333412806,0.3166666666666666
51,Block,1,5,37,0,1,Left,3.5807999999523163,,,6,0,4.826,0,2,1.1676000000238418,1.6278000000715256,0,33,Female,1,48.0,35.0,16.799999999999997,61.0,19.0,11.59,-13.0,16.0,5.209999999999997,5,0,5,0.1956666666666667,0.3166666666666666
51,Block,1,2,39,0,1,Right,2.215899999976158,,,6,0,4.353799999952316,0,1,1.4133000000715257,1.8335,0,33,Female,1,36.0,68.0,24.48,55.0,48.0,26.4,-19.0,20.0,-1.9199999999999984,2,1,2,0.274366666674614,0.3166666666666666
51,Block,1,20,42,0,1,Left,2.3267999999523163,,,6,0,6.027799999952316,0,2,1.166,2.052700000047684,0,33,Female,1,50.0,89.0,44.5,66.0,67.0,44.220000000000006,-16.0,22.0,0.279999999999994,4,0,20,0.004633333325386,0.3166666666666666
51,Block,1,14,43,1,0,Left,3.1057999999523163,,,6,0,5.023900000095368,0,2,2.3,2.694200000047684,0,33,Female,1,17.0,73.0,12.41,42.0,63.0,26.46,-25.0,10.0,-14.05,0,1,14,0.1626833333174386,0.3166666666666666
51,Block,1,18,46,1,0,Right,2.641,,,6,0,6.358300000071526,0,2,3.402200000047684,3.7825,0,33,Female,1,78.0,38.0,29.64,90.0,15.0,13.5,-12.0,23.0,16.14,7,0,18,0.0597166666785876,0.3166666666666666
51,Block,1,17,50,0,1,Left,1.81,,,6,0,3.2271999999284744,0,4,1.7998999999761582,2.6887999999523164,0,33,Female,3,2.0,34.0,0.68,29.0,13.0,3.77,-27.0,21.0,-3.09,2,0,17,0.4621333333452542,0.3166666666666666
51,Block,1,15,55,0,1,Left,1.977100000023842,,,6,0,6.284399999976158,0,2,1.6138000000715256,3.587899999976158,0,33,Female,1,35.0,92.0,32.2,41.0,81.0,33.21,-6.0,11.0,-1.009999999999998,3,0,15,0.0473999999960264,0.3166666666666666
51,Block,1,7,6,0,1,Left,2.206100000023842,,,6,0,4.185300000071526,0,3,4.789100000023842,5.255600000023842,0,33,Female,2,41.0,64.0,26.24,52.0,51.0,26.52,-11.0,13.0,-0.2799999999999976,3,0,7,0.302449999988079,0.3166666666666666
51,Block,1,4,60,1,0,Left,2.157200000047684,,,6,0,5.6015,0,2,10.666799999952316,11.135,0,33,Female,1,56.0,75.0,42.0,81.0,74.0,59.94,-25.0,1.0,-17.939999999999998,0,1,4,0.0664166666666667,0.3166666666666666
51,Block,1,3,7,0,1,Left,1.459,,,6,0,4.249600000023841,0,1,2.0471999999284742,2.4815,0,33,Female,1,61.0,62.0,37.82,69.0,61.0,42.09,-8.0,1.0,-4.269999999999996,2,0,3,0.2917333333293597,0.3166666666666666
51,Block,2,28,12,0,1,Left,1.8371999999284745,,,8,0,8.739199999928475,0,1,1.1443000000715255,1.634399999976158,0,33,Female,1,72.0,98.0,70.56,73.0,77.0,56.21,-1.0,21.0,14.35,7,0,8,0.0923999999910594,0.3166666666666666
51,Block,2,22,13,1,0,Left,2.5988000000715257,,,8,0,7.0845,0,2,2.5452000000476835,3.221600000023842,0,33,Female,1,73.0,49.0,35.77,81.0,42.0,34.02,-8.0,7.0,1.75,4,1,2,0.1144374999999999,0.3166666666666666
51,Block,2,36,15,1,0,Left,2.2783000000715257,,,8,0,6.6575,0,2,2.425,3.0993000000715254,0,33,Female,1,36.0,75.0,27.0,52.0,61.0,31.72,-16.0,14.0,-4.719999999999999,2,1,16,0.1678125,0.3166666666666666
51,Block,2,25,16,0,1,Left,2.572399999976158,,,8,0,8.6825,0,2,0.8573000000715256,1.2934000000953674,0,33,Female,1,23.0,12.0,2.76,26.0,6.0,1.56,-3.0,6.0,1.1999999999999995,4,0,5,0.0853124999999999,0.3166666666666666
51,Block,2,40,17,1,0,Right,5.432800000071525,,,8,0,4.319099999904632,0,3,1.1232000000476836,1.7452000000476835,0,33,Female,2,31.0,38.0,11.78,46.0,29.0,13.34,-15.0,9.0,-1.5600000000000005,3,0,20,0.460112500011921,0.3166666666666666
51,Block,2,39,2,0,1,Right,5.097900000095367,,,8,0,7.256200000047683,0,2,4.766200000047684,5.354399999976158,0,33,Female,1,40.0,63.0,25.2,57.0,58.0,33.059999999999995,-17.0,5.0,-7.859999999999996,1,1,19,0.0929749999940395,0.3166666666666666
51,Block,2,30,21,0,1,Left,3.390700000047684,,,8,0,5.618299999952316,0,3,3.487299999952316,4.4235,0,33,Female,2,26.0,59.0,15.34,36.0,33.0,11.88,-10.0,26.0,3.459999999999999,5,0,10,0.2977125000059605,0.3166666666666666
51,Block,2,23,22,0,1,Right,2.727300000071525,,,8,0,6.882700000047684,0,2,2.320700000047684,2.810299999952316,0,33,Female,1,24.0,95.0,22.8,53.0,71.0,37.63,-29.0,24.0,-14.829999999999998,0,1,3,0.1396624999940394,0.3166666666666666
51,Block,2,33,32,1,0,Right,1.5721999999284744,,,8,0,8.479899999976158,0,1,0.7122999999523163,1.4441000000238418,0,33,Female,1,59.0,31.0,18.29,60.0,1.0,0.6,-1.0,30.0,17.689999999999998,7,0,13,0.0599874999970198,0.3166666666666666
51,Block,2,32,33,0,1,Left,3.9338000000715256,,,8,0,6.3025,0,2,0.9153999999761582,1.487,0,33,Female,1,57.0,51.0,29.07,62.0,48.0,29.76,-5.0,3.0,-0.6899999999999977,3,0,12,0.2121874999999999,0.3166666666666666
51,Block,2,37,4,1,0,Right,2.959800000071525,,,8,0,5.140599999904633,0,1,1.0045,1.5205,0,33,Female,1,72.0,82.0,59.04,73.0,81.0,59.13,-1.0,1.0,-0.0900000000000034,3,0,17,0.3574250000119209,0.3166666666666666
51,Block,2,31,44,1,0,Left,1.926,,,8,0,6.282,0,2,3.1157000000476835,3.8898000000715256,0,33,Female,1,19.0,86.0,16.34,45.0,71.0,31.95,-26.0,15.0,-15.61,0,1,11,0.21475,0.3166666666666666
51,Block,2,26,47,1,0,Right,3.5811999999284745,,,8,0,6.459100000023842,0,2,1.874700000047684,3.237299999952316,0,33,Female,1,68.0,30.0,20.4,89.0,16.0,14.24,-21.0,14.0,6.159999999999998,6,0,6,0.1926124999970198,0.3166666666666666
51,Block,2,29,48,1,0,Right,4.4345,,,8,0,7.3125,0,2,1.4972000000476835,2.175100000023842,0,33,Female,1,35.0,68.0,23.8,54.0,43.0,23.22,-19.0,25.0,0.5800000000000018,4,0,9,0.0859375,0.3166666666666666
51,Block,2,24,5,0,1,Left,2.366600000023842,,,8,0,7.147700000047684,0,2,1.6231000000238418,2.2131000000238417,0,33,Female,1,72.0,33.0,23.76,98.0,5.0,4.9,-26.0,28.0,18.86,7,0,4,0.1065374999940395,0.3166666666666666
51,Block,2,21,51,1,0,Right,1.883900000095368,,,8,0,8.956,0,1,3.9286000000238417,4.590600000023842,0,33,Female,1,41.0,94.0,38.54,48.0,70.0,33.599999999999994,-7.0,24.0,4.940000000000005,5,0,1,0.1194999999999999,0.3166666666666666
51,Block,2,27,56,0,1,Left,4.483399999976158,,,8,0,5.781299999952316,0,4,6.832399999976158,7.457800000071526,0,33,Female,3,62.0,34.0,21.08,86.0,15.0,12.9,-24.0,19.0,8.180000000000001,6,0,7,0.2773375000059604,0.3166666666666666
51,Block,2,38,57,1,0,Left,4.543799999952316,,,8,0,5.138300000071526,0,2,1.2560999999046325,1.658399999976158,0,33,Female,1,59.0,94.0,55.46,86.0,89.0,76.54,-27.0,5.0,-21.080000000000013,0,1,18,0.3577124999910592,0.3166666666666666
51,Block,2,35,58,1,0,Left,2.1881000000238418,,,8,0,6.952300000071525,0,1,1.8090999999046329,2.3896999999284745,0,33,Female,1,36.0,54.0,19.44,48.0,53.0,25.44,-12.0,1.0,-6.0,1,1,15,0.1309624999910593,0.3166666666666666
51,Block,2,34,59,0,1,Right,3.707099999904632,,,8,0,5.976699999928474,0,3,1.5091999999284744,2.526,0,33,Female,2,8.0,64.0,5.12,25.0,34.0,8.5,-17.0,30.0,-3.38,2,1,14,0.2529125000089407,0.3166666666666666
51,Block,3,44,10,0,1,Right,3.2928000000715256,,,10,0,8.120800000071526,0,3,0.9818000000715256,1.738399999976158,0,33,Female,2,5.0,55.0,2.75,35.0,36.0,12.6,-30.0,19.0,-9.85,1,1,4,0.1879199999928474,0.3166666666666666
51,Block,3,46,11,0,1,Left,3.186799999952316,,,10,0,7.266599999904632,0,1,1.7045,2.140800000071525,0,33,Female,1,72.0,85.0,61.2,86.0,66.0,56.760000000000005,-14.0,19.0,4.439999999999991,5,0,6,0.2733400000095368,0.3166666666666666
51,Block,3,58,14,1,0,Right,5.109699999928474,,,10,0,8.158200000047684,0,3,1.278,1.914600000023842,0,33,Female,2,33.0,61.0,20.13,51.0,44.0,22.44,-18.0,17.0,-2.3100000000000023,2,0,18,0.1841799999952316,0.3166666666666666
51,Block,3,47,20,1,0,Right,4.293300000071525,,,10,0,5.206900000095367,0,3,1.779100000023842,2.6255,0,33,Female,2,35.0,24.0,8.4,65.0,14.0,9.1,-30.0,10.0,-0.7000000000000011,3,0,7,0.4793099999904632,0.3166666666666666
51,Block,3,55,23,0,1,Left,4.426600000023842,,,10,0,7.869200000047684,0,3,0.8861000000238418,1.541,0,33,Female,2,52.0,36.0,18.72,63.0,27.0,17.01,-11.0,9.0,1.7099999999999973,4,0,15,0.2130799999952316,0.3166666666666666
51,Block,3,42,27,1,0,Right,3.272399999976158,,,10,0,7.686799999952316,0,2,1.0919000000953674,1.858,0,33,Female,1,18.0,49.0,8.82,23.0,29.0,6.67,-5.0,20.0,2.1500000000000004,5,0,2,0.2313200000047683,0.3166666666666666
51,Block,3,41,29,0,1,Left,2.6815,,,10,0,5.546899999976159,0,2,1.6695,2.2417999999523164,0,33,Female,1,64.0,32.0,20.48,69.0,4.0,2.76,-5.0,28.0,17.72,7,0,1,0.4453100000023841,0.3166666666666666
51,Block,3,51,30,1,0,Right,3.3455,,,10,0,7.240299999952316,0,1,2.1955,2.6237999999523165,0,33,Female,1,71.0,82.0,58.22,80.0,78.0,62.400000000000006,-9.0,4.0,-4.180000000000007,2,0,11,0.2759700000047684,0.3166666666666666
51,Block,3,59,38,0,1,Left,5.744100000023842,,,10,0,9.702600000023844,0,4,2.1526999999284744,3.3350999999046325,0,33,Female,3,43.0,54.0,23.22,63.0,45.0,28.35,-20.0,9.0,-5.129999999999999,1,0,19,0.0297399999976155,0.3166666666666666
51,Block,3,52,40,0,1,Right,4.379899999976158,,,10,0,7.021899999976158,0,3,3.2323000000715254,4.054600000023842,0,33,Female,2,30.0,41.0,12.3,60.0,35.0,21.0,-30.0,6.0,-8.700000000000001,1,1,12,0.2978100000023841,0.3166666666666666
51,Block,3,48,41,0,1,Left,3.607299999952316,,,10,0,5.052100000023842,0,3,1.5027999999523165,2.075,0,33,Female,2,35.0,40.0,14.0,48.0,10.0,4.800000000000001,-13.0,30.0,9.2,6,0,8,0.4947899999976158,0.3166666666666666
51,Block,3,60,45,0,1,Right,2.920700000047684,,,10,0,7.3137000000476835,0,1,3.054200000047684,3.7488000000715256,0,33,Female,1,52.0,92.0,47.84,72.0,91.0,65.52,-20.0,1.0,-17.679999999999993,0,1,20,0.2686299999952316,0.3166666666666666
51,Block,3,49,49,1,0,Left,2.5295999999046326,,,10,0,8.039100000023842,0,1,1.1862000000476838,1.6925,0,33,Female,1,69.0,87.0,60.03,99.0,86.0,85.14,-30.0,1.0,-25.11,0,1,9,0.1960899999976158,0.3166666666666666
51,Block,3,53,52,0,1,Left,2.598200000047684,,,10,0,7.606199999928474,0,2,3.3291000000238418,3.820899999976158,0,33,Female,1,62.0,92.0,57.04,83.0,62.0,51.46,-21.0,30.0,5.579999999999998,5,0,13,0.2393800000071525,0.3166666666666666
51,Block,3,43,53,1,0,Right,2.379700000047684,,,10,0,7.290100000023842,0,2,1.062,1.7401999999284743,0,33,Female,1,69.0,28.0,19.32,81.0,23.0,18.630000000000003,-12.0,5.0,0.6899999999999977,4,0,3,0.2709899999976158,0.3166666666666666
51,Block,3,57,54,1,0,Right,4.387700000047683,,,10,0,9.402799999952316,0,2,3.9488999999761583,5.0015999999046326,0,33,Female,1,47.0,37.0,17.39,77.0,23.0,17.71,-30.0,14.0,-0.3200000000000003,3,0,17,0.0597200000047683,0.3166666666666666
51,Block,3,45,9,0,1,Left,3.1891999999284746,,,10,0,9.298799999952315,0,1,0.9737999999523164,2.4566000000238417,0,33,Female,1,39.0,66.0,25.74,40.0,50.0,20.0,-1.0,16.0,5.740000000000002,6,0,5,0.0701200000047684,0.3166666666666666
52,Block,1,6,1,0,1,Left,1.385699999988079,,,6,0,3.756300000011921,0,2,2.803100000023842,3.871400000035763,0,42,Female,1,18.0,44.0,7.92,40.0,39.0,15.6,-22.0,5.0,-7.6800000000000015,1,0,6,0.3739499999980131,0.15
52,Block,1,11,18,0,1,Left,1.1418000000119208,,,6,0,3.555,0,2,2.334300000011921,3.452400000035763,0,42,Female,1,73.0,32.0,23.36,82.0,2.0,1.64,-9.0,30.0,21.72,7,0,11,0.4075,0.15
52,Block,1,19,24,1,0,Right,1.6487999999523162,,,6,0,4.275400000035763,0,3,2.2314000000357628,3.1401000000238417,0,42,Female,2,7.0,96.0,6.72,37.0,66.0,24.42,-30.0,30.0,-17.700000000000003,0,0,19,0.2874333333273728,0.15
52,Block,1,18,28,0,1,Right,1.6032999999523163,,,6,0,3.7395,0,2,2.2588999999761583,3.866199999988079,0,42,Female,1,11.0,72.0,7.92,33.0,45.0,14.85,-22.0,27.0,-6.93,1,1,18,0.37675,0.15
52,Block,1,5,3,0,1,Left,1.331600000023842,,,6,0,4.095299999952316,0,3,3.009199999988079,4.019199999988079,0,42,Female,2,76.0,72.0,54.72,99.0,48.0,47.52,-23.0,24.0,7.200000000000003,6,0,5,0.3174500000079472,0.15
52,Block,1,12,34,0,1,Left,1.2965,,,6,0,4.334200000047684,0,3,2.3275,3.242800000011921,0,42,Female,2,27.0,60.0,16.2,36.0,41.0,14.76,-9.0,19.0,1.4399999999999995,4,0,12,0.277633333325386,0.15
52,Block,1,7,35,0,1,Left,1.098800000011921,,,6,0,3.432,0,3,2.402899999976158,3.576,0,42,Female,2,36.0,37.0,13.32,51.0,10.0,5.1000000000000005,-15.0,27.0,8.219999999999999,6,0,7,0.428,0.15
52,Block,1,8,36,1,0,Right,1.1916000000238418,,,6,0,3.839,0,2,2.058,2.9362999999523165,0,42,Female,1,75.0,31.0,23.25,96.0,14.0,13.44,-21.0,17.0,9.81,7,0,8,0.3601666666666667,0.15
52,Block,1,20,37,1,0,Right,1.486,,,6,0,4.8544000000357626,0,2,2.049300000011921,2.907400000035763,0,42,Female,1,48.0,35.0,16.799999999999997,61.0,19.0,11.59,-13.0,16.0,5.209999999999997,5,0,20,0.1909333333273729,0.15
52,Block,1,13,39,1,0,Right,0.9474000000357627,,,6,0,5.204899999976158,0,3,1.7854000000357628,2.849800000011921,0,42,Female,2,36.0,68.0,24.48,55.0,48.0,26.4,-19.0,20.0,-1.9199999999999984,2,0,13,0.1325166666706403,0.15
52,Block,1,17,42,1,0,Right,1.195100000023842,,,6,0,2.8185,0,2,2.745599999964237,3.987699999988079,0,42,Female,1,50.0,89.0,44.5,66.0,67.0,44.220000000000006,-16.0,22.0,0.279999999999994,4,0,17,0.53025,0.15
52,Block,1,16,43,1,0,Right,1.3251000000238418,,,6,0,3.718699999988079,0,2,2.808199999988079,3.695100000023842,0,42,Female,1,17.0,73.0,12.41,42.0,63.0,26.46,-25.0,10.0,-14.05,0,0,16,0.3802166666686535,0.15
52,Block,1,9,46,0,1,Left,1.1538000000119208,,,6,0,3.4141000000238417,0,4,1.966800000011921,3.06,0,42,Female,3,78.0,38.0,29.64,90.0,15.0,13.5,-12.0,23.0,16.14,7,0,9,0.4309833333293597,0.15
52,Block,1,14,50,1,0,Right,1.0115,,,6,0,3.4813000000119207,0,4,3.173300000011921,4.1588000000119205,0,42,Female,3,2.0,34.0,0.68,29.0,13.0,3.77,-27.0,21.0,-3.09,2,0,14,0.4197833333313465,0.15
52,Block,1,2,55,1,0,Right,2.239600000023842,,,6,0,1.2948000000119209,0,3,5.1655,6.227400000035763,0,42,Female,2,35.0,92.0,32.2,41.0,81.0,33.21,-6.0,11.0,-1.009999999999998,3,0,2,0.7841999999980133,0.15
52,Block,1,10,6,0,1,Left,1.2505999999642372,,,6,0,2.790699999988079,0,4,2.278,3.302399999976158,0,42,Female,3,41.0,64.0,26.24,52.0,51.0,26.52,-11.0,13.0,-0.2799999999999976,3,0,10,0.5348833333353201,0.15
52,Block,1,15,7,0,1,Right,1.904,,,6,0,3.758700000047684,0,2,3.465,4.771600000023842,0,42,Female,1,61.0,62.0,37.82,69.0,61.0,42.09,-8.0,1.0,-4.269999999999996,2,1,15,0.3735499999920527,0.15
52,Block,3,60,12,1,0,Right,1.4935,,,8,0,5.241600000023842,0,3,2.5422999999523164,3.5007999999523163,0,42,Female,2,72.0,98.0,70.56,73.0,77.0,56.21,-1.0,21.0,14.35,7,0,20,0.3447999999970197,0.15
52,Block,3,45,13,0,1,Left,1.566100000023842,,,8,0,3.845,0,4,2.990199999988079,3.991199999988079,0,42,Female,3,73.0,49.0,35.77,81.0,42.0,34.02,-8.0,7.0,1.75,4,0,5,0.5193749999999999,0.15
52,Block,3,59,15,1,0,Right,1.922100000023842,,,8,0,5.023899999976158,0,2,1.9256000000238416,3.0434000000357626,0,42,Female,1,36.0,75.0,27.0,52.0,61.0,31.72,-16.0,14.0,-4.719999999999999,2,0,19,0.3720125000029802,0.15
52,Block,3,55,16,1,0,Right,1.571,,,8,0,4.889199999988079,0,3,2.158199999988079,3.051,0,42,Female,2,23.0,12.0,2.76,26.0,6.0,1.56,-3.0,6.0,1.1999999999999995,4,0,15,0.3888500000014901,0.15
52,Block,3,49,17,0,1,Left,1.7169000000357628,,,8,0,3.2385,0,2,2.133199999988079,3.35919999998808,0,42,Female,1,31.0,38.0,11.78,46.0,29.0,13.34,-15.0,9.0,-1.5600000000000005,3,0,9,0.5951875,0.15
52,Block,3,48,2,0,1,Left,2.4373000000119207,,,8,0,2.7386000000238417,0,3,3.748600000023842,4.745,0,42,Female,2,40.0,63.0,25.2,57.0,58.0,33.059999999999995,-17.0,5.0,-7.859999999999996,1,0,8,0.6576749999970197,0.15
52,Block,3,50,21,1,0,Right,1.6575,,,8,0,5.059099999964237,0,2,2.089699999988079,3.5125,0,42,Female,1,26.0,59.0,15.34,36.0,33.0,11.88,-10.0,26.0,3.459999999999999,5,0,10,0.3676125000044703,0.15
52,Block,3,57,22,0,1,Left,1.9091000000238416,,,8,0,4.585899999976158,0,3,1.940699999988079,2.844099999964237,0,42,Female,2,24.0,95.0,22.8,53.0,71.0,37.63,-29.0,24.0,-14.829999999999998,0,0,17,0.4267625000029802,0.15
52,Block,3,51,32,0,1,Left,1.145899999976158,,,8,0,5.4195,0,1,3.3997999999523163,4.258399999976158,0,42,Female,1,59.0,31.0,18.29,60.0,1.0,0.6,-1.0,30.0,17.689999999999998,7,0,11,0.3225625,0.15
52,Block,3,52,33,1,0,Right,2.427800000011921,,,8,0,4.087300000011921,0,3,1.9046000000238417,2.960399999976158,0,42,Female,2,57.0,51.0,29.07,62.0,48.0,29.76,-5.0,3.0,-0.6899999999999977,3,0,12,0.4890874999985098,0.15
52,Block,3,46,4,1,0,Right,2.548400000035763,,,8,0,3.0255,0,2,2.177699999988079,3.2225,0,42,Female,1,72.0,82.0,59.04,73.0,81.0,59.13,-1.0,1.0,-0.0900000000000034,3,0,6,0.6218125,0.15
52,Block,3,54,44,1,0,Left,1.6633999999761582,,,8,0,4.825600000023842,0,1,2.500399999976158,3.396300000011921,0,42,Female,1,19.0,86.0,16.34,45.0,71.0,31.95,-26.0,15.0,-15.61,0,1,14,0.3967999999970197,0.15
52,Block,3,41,47,0,1,Left,1.168800000011921,,,8,0,6.898399999976158,0,2,2.4805,3.893300000011921,0,42,Female,1,68.0,30.0,20.4,89.0,16.0,14.24,-21.0,14.0,6.159999999999998,6,0,1,0.1377000000029802,0.15
52,Block,3,44,48,1,0,Right,2.179199999988079,,,8,0,4.969399999976158,0,2,2.240600000023842,3.4335,0,42,Female,1,35.0,68.0,23.8,54.0,43.0,23.22,-19.0,25.0,0.5800000000000018,4,0,4,0.3788250000029802,0.15
52,Block,3,47,5,1,0,Right,1.1934000000357627,,,8,0,5.139899999976159,0,3,2.792700000047684,3.7491000000238417,0,42,Female,2,72.0,33.0,23.76,98.0,5.0,4.9,-26.0,28.0,18.86,7,0,7,0.35751250000298,0.15
52,Block,3,56,51,1,0,Right,1.6562000000476838,,,8,0,4.050699999988079,0,1,2.7752999999523165,4.398,0,42,Female,1,41.0,94.0,38.54,48.0,70.0,33.599999999999994,-7.0,24.0,4.940000000000005,5,0,16,0.4936625000014901,0.15
52,Block,3,42,56,0,1,Left,1.462199999988079,,,8,0,4.6715,0,3,2.1685,3.540600000023842,0,42,Female,2,62.0,34.0,21.08,86.0,15.0,12.9,-24.0,19.0,8.180000000000001,6,0,2,0.4160625,0.15
52,Block,3,53,57,0,1,Left,1.7171999999880792,,,8,0,4.799799999952317,0,2,3.079200000047684,4.419100000023842,0,42,Female,1,59.0,94.0,55.46,86.0,89.0,76.54,-27.0,5.0,-21.080000000000013,0,0,13,0.4000250000059604,0.15
52,Block,3,58,59,0,1,Right,1.948799999952316,,,8,0,3.952399999976158,0,1,2.702800000011921,3.525899999976158,0,42,Female,1,8.0,64.0,5.12,25.0,34.0,8.5,-17.0,30.0,-3.38,2,1,18,0.5059500000029802,0.15
52,Block,2,23,10,1,0,Left,2.3501000000238417,,,10,0,5.840600000023842,0,4,2.429799999952316,3.393599999964237,0,42,Female,3,5.0,55.0,2.75,35.0,36.0,12.6,-30.0,19.0,-9.85,1,1,3,0.4159399999976158,0.15
52,Block,2,30,11,0,1,Left,1.348699999988079,,,10,0,6.160800000011921,0,1,2.947899999976158,3.953199999988079,0,42,Female,1,72.0,85.0,61.2,86.0,66.0,56.760000000000005,-14.0,19.0,4.439999999999991,5,0,10,0.3839199999988079,0.15
52,Block,2,33,14,0,1,Left,1.845699999988079,,,10,0,6.260800000011921,0,3,2.455199999988079,3.444800000011921,0,42,Female,2,33.0,61.0,20.13,51.0,44.0,22.44,-18.0,17.0,-2.3100000000000023,2,0,13,0.3739199999988079,0.15
52,Block,2,22,20,1,0,Right,2.564400000035763,,,10,0,3.935800000011921,0,3,2.782199999988079,3.7915,0,42,Female,2,35.0,24.0,8.4,65.0,14.0,9.1,-30.0,10.0,-0.7000000000000011,3,0,2,0.6064199999988078,0.15
52,Block,2,37,23,0,1,Left,1.6582999999523165,,,10,0,6.307400000035763,0,3,2.1862999999523165,3.293199999988079,0,42,Female,2,52.0,36.0,18.72,63.0,27.0,17.01,-11.0,9.0,1.7099999999999973,4,0,17,0.3692599999964237,0.15
52,Block,2,39,26,0,1,Left,1.966,,,10,0,6.213200000047684,0,1,2.26,4.029400000035762,0,42,Female,1,95.0,74.0,70.3,97.0,49.0,47.53,-2.0,25.0,22.77,7,0,19,0.3786799999952316,0.15
52,Block,2,24,27,1,0,Right,1.7351999999880792,,,10,0,6.1348000000119205,0,3,3.283100000023842,4.443400000035763,0,42,Female,2,18.0,49.0,8.82,23.0,29.0,6.67,-5.0,20.0,2.1500000000000004,5,0,4,0.3865199999988079,0.15
52,Block,2,36,29,1,0,Right,1.751800000011921,,,10,0,7.293600000023842,0,2,2.482199999988079,3.4461000000238418,0,42,Female,1,64.0,32.0,20.48,69.0,4.0,2.76,-5.0,28.0,17.72,7,0,16,0.2706399999976158,0.15
52,Block,2,25,30,0,1,Left,2.1401000000238417,,,10,0,6.944399999976159,0,2,2.319699999988079,4.291799999952317,0,42,Female,1,71.0,82.0,58.22,80.0,78.0,62.400000000000006,-9.0,4.0,-4.180000000000007,2,0,5,0.305560000002384,0.15
52,Block,2,26,31,1,0,Left,3.652799999952317,,,10,0,5.404900000035763,0,2,2.116300000011921,2.975899999976158,0,42,Female,1,59.0,23.0,13.57,74.0,22.0,16.28,-15.0,1.0,-2.710000000000001,2,1,6,0.4595099999964237,0.15
52,Block,2,38,38,1,0,Right,1.967300000011921,,,10,0,3.578399999976158,0,2,2.064800000011921,3.0055,0,42,Female,1,43.0,54.0,23.22,63.0,45.0,28.35,-20.0,9.0,-5.129999999999999,1,0,18,0.6421600000023842,0.15
52,Block,2,28,40,1,0,Left,3.117700000047684,,,10,0,6.545699999988079,0,2,2.124300000011921,3.053900000035763,0,42,Female,1,30.0,41.0,12.3,60.0,35.0,21.0,-30.0,6.0,-8.700000000000001,1,1,8,0.3454300000011921,0.15
52,Block,2,31,41,1,0,Right,1.543199999988079,,,10,0,7.553800000011921,0,3,2.6515,3.768899999976158,0,42,Female,2,35.0,40.0,14.0,48.0,10.0,4.800000000000001,-13.0,30.0,9.2,6,0,11,0.2446199999988079,0.15
52,Block,2,21,45,1,0,Right,1.5857000000476835,,,10,0,9.458299999952317,0,1,4.281799999952316,5.192299999952317,0,42,Female,1,52.0,92.0,47.84,72.0,91.0,65.52,-20.0,1.0,-17.679999999999993,0,0,1,0.0541700000047683,0.15
52,Block,2,35,49,0,1,Right,2.402300000011921,,,10,0,5.254100000023842,0,2,1.783,2.827100000023842,0,42,Female,1,69.0,87.0,60.03,99.0,86.0,85.14,-30.0,1.0,-25.11,0,1,15,0.4745899999976158,0.15
52,Block,2,27,52,0,1,Left,1.798,,,10,0,6.144600000023842,0,3,2.7165,3.745600000023842,0,42,Female,2,62.0,92.0,57.04,83.0,62.0,51.46,-21.0,30.0,5.579999999999998,5,0,7,0.3855399999976158,0.15
52,Block,2,34,53,0,1,Left,1.993299999952316,,,10,0,7.201099999964237,0,4,2.798399999976158,3.842599999964237,0,42,Female,3,69.0,28.0,19.32,81.0,23.0,18.630000000000003,-12.0,5.0,0.6899999999999977,4,0,14,0.2798900000035763,0.15
52,Block,2,40,54,1,0,Right,2.091699999988079,,,10,0,3.4591000000238417,0,3,20.956,21.91069999998808,0,42,Female,2,47.0,37.0,17.39,77.0,23.0,17.71,-30.0,14.0,-0.3200000000000003,3,0,20,0.6540899999976159,0.15
52,Block,2,32,8,1,0,Right,1.972399999976158,,,10,0,7.298100000023842,0,2,2.0048999999761583,2.983299999952316,0,42,Female,1,65.0,49.0,31.85,71.0,33.0,23.43,-6.0,16.0,8.419999999999998,6,0,12,0.2701899999976158,0.15
52,Block,2,29,9,0,1,Left,1.914,,,10,0,8.841100000023841,0,3,2.791399999976158,3.941699999988079,0,42,Female,2,39.0,66.0,25.74,40.0,50.0,20.0,-1.0,16.0,5.740000000000002,6,0,9,0.1158899999976158,0.15
53,Block,2,32,1,1,0,Left,1.9271999999992548,,,6,0,4.686300000000745,0,2,1.6718999999985098,2.48839999999851,0,41,Female,1,18.0,44.0,7.92,40.0,39.0,15.6,-22.0,5.0,-7.6800000000000015,1,1,12,0.2189499999998757,0.1833333333333333
53,Block,2,37,18,0,1,Left,1.485800000000745,,,6,0,4.769699999999255,0,2,1.5650999999977648,2.33179999999702,0,41,Female,1,73.0,32.0,23.36,82.0,2.0,1.64,-9.0,30.0,21.72,7,0,17,0.2050500000001241,0.1833333333333333
53,Block,2,40,19,0,1,Right,1.8833000000007447,,,6,0,4.79279999999702,0,2,3.294900000002236,4.14110000000149,0,41,Female,1,24.0,74.0,17.759999999999998,25.0,64.0,16.0,-1.0,10.0,1.759999999999998,5,1,20,0.2012000000004966,0.1833333333333333
53,Block,2,34,24,0,1,Right,1.75539999999851,,,6,0,4.46579999999702,0,2,1.601800000000745,2.358400000002235,0,41,Female,1,7.0,96.0,6.72,37.0,66.0,24.42,-30.0,30.0,-17.700000000000003,0,1,14,0.2557000000004967,0.1833333333333333
53,Block,2,39,25,1,0,Right,1.8855,,,6,0,4.79789999999851,0,3,1.9716000000014904,2.847699999999255,0,41,Female,2,52.0,96.0,49.92,55.0,83.0,45.65,-3.0,13.0,4.270000000000003,5,0,19,0.2003500000002483,0.1833333333333333
53,Block,2,28,28,1,0,Right,1.509800000000745,,,6,0,4.82110000000149,0,2,1.5535999999977648,2.36979999999702,0,41,Female,1,11.0,72.0,7.92,33.0,45.0,14.85,-22.0,27.0,-6.93,1,0,8,0.196483333333085,0.1833333333333333
53,Block,2,21,3,0,1,Left,1.3227999999970197,,,6,0,5.298599999997765,0,2,2.3220999999977647,3.4190999999977647,0,41,Female,1,76.0,72.0,54.72,99.0,48.0,47.52,-23.0,24.0,7.200000000000003,6,0,1,0.1169000000003725,0.1833333333333333
53,Block,2,27,34,1,0,Right,1.551,,,6,0,5.38770000000298,0,2,1.52989999999851,2.3765,0,41,Female,1,27.0,60.0,16.2,36.0,41.0,14.76,-9.0,19.0,1.4399999999999995,4,0,7,0.1020499999995032,0.1833333333333333
53,Block,2,30,35,0,1,Left,1.495800000000745,,,6,0,5.661900000002235,0,2,1.79389999999851,2.62029999999702,0,41,Female,1,36.0,37.0,13.32,51.0,10.0,5.1000000000000005,-15.0,27.0,8.219999999999999,6,0,10,0.0563499999996275,0.1833333333333333
53,Block,2,23,36,0,1,Left,1.16210000000149,,,6,0,5.236900000002235,0,2,2.207199999999255,3.13339999999851,0,41,Female,1,75.0,31.0,23.25,96.0,14.0,13.44,-21.0,17.0,9.81,7,0,3,0.1271833333329608,0.1833333333333333
53,Block,2,33,39,1,0,Right,1.44039999999851,,,6,0,5.14,0,2,1.459900000002235,2.306,0,41,Female,1,36.0,68.0,24.48,55.0,48.0,26.4,-19.0,20.0,-1.9199999999999984,2,0,13,0.1433333333333334,0.1833333333333333
53,Block,2,36,42,0,1,Left,1.42160000000149,,,6,0,5.052199999999255,0,2,1.701699999999255,2.480400000002235,0,41,Female,1,50.0,89.0,44.5,66.0,67.0,44.220000000000006,-16.0,22.0,0.279999999999994,4,0,16,0.1579666666667908,0.1833333333333333
53,Block,2,22,43,1,0,Right,1.15179999999702,,,6,0,5.8365,0,2,1.630300000000745,3.16389999999851,0,41,Female,1,17.0,73.0,12.41,42.0,63.0,26.46,-25.0,10.0,-14.05,0,0,2,0.0272499999999999,0.1833333333333333
53,Block,2,24,50,0,1,Left,1.1955,,,6,0,4.94689999999851,0,2,1.6285999999977647,2.457,0,41,Female,1,2.0,34.0,0.68,29.0,13.0,3.77,-27.0,21.0,-3.09,2,0,4,0.175516666666915,0.1833333333333333
53,Block,2,35,55,1,0,Left,1.019300000000745,,,6,0,5.498,0,2,1.492800000000745,2.2117000000029803,0,41,Female,1,35.0,92.0,32.2,41.0,81.0,33.21,-6.0,11.0,-1.009999999999998,3,1,15,0.0836666666666666,0.1833333333333333
53,Block,2,29,6,0,1,Right,2.016599999997765,,,6,0,4.901900000002235,0,2,1.8969000000022351,2.832699999999255,0,41,Female,1,41.0,64.0,26.24,52.0,51.0,26.52,-11.0,13.0,-0.2799999999999976,3,1,9,0.1830166666662941,0.1833333333333333
53,Block,2,25,7,1,0,Right,1.525300000000745,,,6,0,5.211300000000745,0,2,2.61039999999851,3.36739999999851,0,41,Female,1,61.0,62.0,37.82,69.0,61.0,42.09,-8.0,1.0,-4.269999999999996,2,0,5,0.1314499999998758,0.1833333333333333
53,Block,1,20,12,0,1,Left,1.28510000000149,,,8,0,7.318699999999255,0,2,2.60110000000149,3.49739999999851,0,41,Female,1,72.0,98.0,70.56,73.0,77.0,56.21,-1.0,21.0,14.35,7,0,20,0.0851625000000931,0.1833333333333333
53,Block,1,18,13,0,1,Left,1.4945,,,8,0,7.6195,0,2,1.456800000000745,2.283800000000745,0,41,Female,1,73.0,49.0,35.77,81.0,42.0,34.02,-8.0,7.0,1.75,4,0,18,0.0475624999999999,0.1833333333333333
53,Block,1,19,15,0,1,Left,1.3307000000029805,,,8,0,7.14789999999851,0,2,4.472400000002235,34.99220000000298,0,41,Female,1,36.0,75.0,27.0,52.0,61.0,31.72,-16.0,14.0,-4.719999999999999,2,0,19,0.1065125000001863,0.1833333333333333
53,Block,1,8,16,1,0,Right,3.181800000000745,,,8,0,4.785699999999255,0,2,1.6150999999977649,2.482099999997765,0,41,Female,1,23.0,12.0,2.76,26.0,6.0,1.56,-3.0,6.0,1.1999999999999995,4,0,8,0.4017875000000931,0.1833333333333333
53,Block,1,11,17,1,0,Right,2.33660000000149,,,8,0,6.14260000000149,0,2,2.083900000002235,2.9505,0,41,Female,1,31.0,38.0,11.78,46.0,29.0,13.34,-15.0,9.0,-1.5600000000000005,3,0,11,0.2321749999998137,0.1833333333333333
53,Block,1,1,2,0,1,Left,1.495199999999255,,,8,0,6.565099999997765,0,2,1.881099999997765,2.7475999999977647,0,41,Female,1,40.0,63.0,25.2,57.0,58.0,33.059999999999995,-17.0,5.0,-7.859999999999996,1,0,1,0.1793625000002794,0.1833333333333333
53,Block,1,4,21,1,0,Right,1.9351999999992548,,,8,0,6.097,0,2,2.00560000000149,2.902900000002236,0,41,Female,1,26.0,59.0,15.34,36.0,33.0,11.88,-10.0,26.0,3.459999999999999,5,0,4,0.2378749999999999,0.1833333333333333
53,Block,1,12,22,1,0,Right,1.6055999999977648,,,8,0,6.754400000002235,0,2,1.6735999999977649,2.4815999999977647,0,41,Female,1,24.0,95.0,22.8,53.0,71.0,37.63,-29.0,24.0,-14.829999999999998,0,0,12,0.1556999999997206,0.1833333333333333
53,Block,1,10,32,0,1,Left,1.4551999999992549,,,8,0,6.76510000000149,0,2,1.653,2.45,0,41,Female,1,59.0,31.0,18.29,60.0,1.0,0.6,-1.0,30.0,17.689999999999998,7,0,10,0.1543624999998137,0.1833333333333333
53,Block,1,15,33,1,0,Right,1.44639999999851,,,8,0,7.266199999999255,0,2,2.371800000000745,3.220400000002236,0,41,Female,1,57.0,51.0,29.07,62.0,48.0,29.76,-5.0,3.0,-0.6899999999999977,3,0,15,0.0917250000000931,0.1833333333333333
53,Block,1,17,47,0,1,Left,1.2530999999977648,,,8,0,7.1726000000014905,0,2,1.814699999999255,2.770800000000745,0,41,Female,1,68.0,30.0,20.4,89.0,16.0,14.24,-21.0,14.0,6.159999999999998,6,0,17,0.1034249999998137,0.1833333333333333
53,Block,1,16,48,0,1,Left,1.121199999999255,,,8,0,6.850199999999255,0,2,2.246800000000745,3.0632000000029804,0,41,Female,1,35.0,68.0,23.8,54.0,43.0,23.22,-19.0,25.0,0.5800000000000018,4,0,16,0.1437250000000931,0.1833333333333333
53,Block,1,14,5,1,0,Right,1.6780999999977648,,,8,0,6.2145,0,2,1.65810000000149,2.4953999999985097,0,41,Female,1,72.0,33.0,23.76,98.0,5.0,4.9,-26.0,28.0,18.86,7,0,14,0.2231874999999999,0.1833333333333333
53,Block,1,5,51,0,1,Left,1.418800000000745,,,8,0,7.452099999997765,0,2,0.0,6.5605,0,41,Female,1,41.0,94.0,38.54,48.0,70.0,33.599999999999994,-7.0,24.0,4.940000000000005,5,0,5,0.0684875000002793,0.1833333333333333
53,Block,1,9,56,1,0,Right,2.381400000002236,,,8,0,5.83670000000298,0,2,1.991800000000745,2.857800000000745,0,41,Female,1,62.0,34.0,21.08,86.0,15.0,12.9,-24.0,19.0,8.180000000000001,6,0,9,0.2704124999996274,0.1833333333333333
53,Block,1,3,57,0,1,Left,1.44029999999702,,,8,0,8.758699999999255,0,2,1.868199999999255,2.79489999999851,0,41,Female,1,59.0,94.0,55.46,86.0,89.0,76.54,-27.0,5.0,-21.080000000000013,0,0,3,0.0948374999999068,0.1833333333333333
53,Block,1,13,58,0,1,Left,1.94629999999702,,,8,0,5.983900000002235,0,2,1.57989999999851,2.41679999999702,0,41,Female,1,36.0,54.0,19.44,48.0,53.0,25.44,-12.0,1.0,-6.0,1,0,13,0.2520124999997206,0.1833333333333333
53,Block,1,7,59,1,0,Left,2.172,,,8,0,5.6915,0,2,1.7823999999985098,2.589,0,41,Female,1,8.0,64.0,5.12,25.0,34.0,8.5,-17.0,30.0,-3.38,2,1,7,0.2885625,0.1833333333333333
53,Block,3,44,10,1,0,Right,1.645,,,10,0,9.467800000000745,0,2,2.45710000000149,3.28410000000149,0,41,Female,1,5.0,55.0,2.75,35.0,36.0,12.6,-30.0,19.0,-9.85,1,0,4,0.0532199999999255,0.1833333333333333
53,Block,3,57,11,1,0,Right,1.968199999999255,,,10,0,8.521199999999254,0,2,2.3405999999977647,3.32629999999702,0,41,Female,1,72.0,85.0,61.2,86.0,66.0,56.760000000000005,-14.0,19.0,4.439999999999991,5,0,17,0.1478800000000745,0.1833333333333333
53,Block,3,48,14,1,0,Right,1.4005999999977647,,,10,0,9.39010000000149,0,2,1.602800000000745,2.488900000002235,0,41,Female,1,33.0,61.0,20.13,51.0,44.0,22.44,-18.0,17.0,-2.3100000000000023,2,0,8,0.0609899999998509,0.1833333333333333
53,Block,3,55,20,1,0,Right,0.95410000000149,,,10,0,10.15820000000298,0,2,2.141699999999255,2.977099999997765,0,41,Female,1,35.0,24.0,8.4,65.0,14.0,9.1,-30.0,10.0,-0.7000000000000011,3,0,15,0.0158200000002979,0.1833333333333333
53,Block,3,56,23,0,1,Left,1.4897999999970195,,,10,0,8.75689999999851,0,2,3.798599999997765,4.645199999999255,0,41,Female,1,52.0,36.0,18.72,63.0,27.0,17.01,-11.0,9.0,1.7099999999999973,4,0,16,0.124310000000149,0.1833333333333333
53,Block,3,47,26,0,1,Left,1.31339999999851,,,10,0,8.855,0,2,2.710400000002235,4.074300000000745,0,41,Female,1,95.0,74.0,70.3,97.0,49.0,47.53,-2.0,25.0,22.77,7,0,7,0.1144999999999999,0.1833333333333333
53,Block,3,54,27,1,0,Right,1.1106999999992548,,,10,0,8.966,0,2,1.5761999999992549,2.661,0,41,Female,1,18.0,49.0,8.82,23.0,29.0,6.67,-5.0,20.0,2.1500000000000004,5,0,14,0.1034,0.1833333333333333
53,Block,3,50,29,1,0,Right,1.330900000002235,,,10,0,9.731,0,2,2.295300000000745,3.101900000002235,0,41,Female,1,64.0,32.0,20.48,69.0,4.0,2.76,-5.0,28.0,17.72,7,0,10,0.0269,0.1833333333333333
53,Block,3,41,30,1,0,Left,2.2212000000029803,,,10,0,8.22289999999851,0,3,2.242900000002235,4.123400000002235,0,41,Female,2,71.0,82.0,58.22,80.0,78.0,62.400000000000006,-9.0,4.0,-4.180000000000007,2,1,1,0.1777100000001489,0.1833333333333333
53,Block,3,45,31,0,1,Left,2.1096000000014903,,,10,0,9.663,0,2,1.830699999999255,2.59710000000149,0,41,Female,1,59.0,23.0,13.57,74.0,22.0,16.28,-15.0,1.0,-2.710000000000001,2,0,5,0.0336999999999999,0.1833333333333333
53,Block,3,49,38,1,0,Left,3.41310000000149,,,10,0,7.210699999999255,0,2,1.5965,2.534,0,41,Female,1,43.0,54.0,23.22,63.0,45.0,28.35,-20.0,9.0,-5.129999999999999,1,1,9,0.2789300000000745,0.1833333333333333
53,Block,3,42,40,1,0,Right,1.827800000000745,,,10,0,8.767900000002236,0,2,1.79739999999851,2.753199999999255,0,41,Female,1,30.0,41.0,12.3,60.0,35.0,21.0,-30.0,6.0,-8.700000000000001,1,0,2,0.1232099999997764,0.1833333333333333
53,Block,3,46,41,0,1,Left,1.6315,,,10,0,9.306300000000745,0,2,1.581300000000745,2.386800000000745,0,41,Female,1,35.0,40.0,14.0,48.0,10.0,4.800000000000001,-13.0,30.0,9.2,6,0,6,0.0693699999999255,0.1833333333333333
53,Block,3,60,45,0,1,Left,1.896199999999255,,,10,0,7.271099999997765,0,2,3.04610000000149,3.9223999999985097,0,41,Female,1,52.0,92.0,47.84,72.0,91.0,65.52,-20.0,1.0,-17.679999999999993,0,0,20,0.2728900000002235,0.1833333333333333
53,Block,3,53,49,0,1,Right,1.5705,,,10,0,9.25160000000149,0,2,2.429,3.175900000002235,0,41,Female,1,69.0,87.0,60.03,99.0,86.0,85.14,-30.0,1.0,-25.11,0,1,13,0.0748399999998509,0.1833333333333333
53,Block,3,52,52,0,1,Left,1.238199999999255,,,10,0,9.00810000000149,0,2,1.698300000000745,2.47439999999851,0,41,Female,1,62.0,92.0,57.04,83.0,62.0,51.46,-21.0,30.0,5.579999999999998,5,0,12,0.099189999999851,0.1833333333333333
53,Block,3,59,53,0,1,Left,1.6529000000022351,,,10,0,7.675599999997765,0,2,1.672199999999255,2.667900000002235,0,41,Female,1,69.0,28.0,19.32,81.0,23.0,18.630000000000003,-12.0,5.0,0.6899999999999977,4,0,19,0.2324400000002235,0.1833333333333333
53,Block,3,58,54,1,0,Right,3.134199999999255,,,10,0,7.537599999997765,0,2,2.0951000000014903,3.767199999999255,0,41,Female,1,47.0,37.0,17.39,77.0,23.0,17.71,-30.0,14.0,-0.3200000000000003,3,0,18,0.2462400000002235,0.1833333333333333
53,Block,3,51,9,0,1,Right,1.834900000002235,,,10,0,9.232599999997763,0,2,1.55239999999851,2.3293999999985098,0,41,Female,1,39.0,66.0,25.74,40.0,50.0,20.0,-1.0,16.0,5.740000000000002,6,1,11,0.0767400000002236,0.1833333333333333
54,Block,1,17,1,0,1,Right,1.919,,,6,0,7.875400000095367,0,1,0.8827000000476837,1.239,1,68,Female,1,18.0,44.0,7.92,40.0,39.0,15.6,-22.0,5.0,-7.6800000000000015,1,1,17,0.3125666666825612,0.2666666666666666
54,Block,1,12,18,0,1,Left,0.9773999998569488,,,6,0,7.004900000095367,0,1,0.7535999999046326,1.379,1,68,Female,1,73.0,32.0,23.36,82.0,2.0,1.64,-9.0,30.0,21.72,7,0,12,0.1674833333492279,0.2666666666666666
54,Block,1,19,19,0,1,Left,2.291699999809265,,,6,0,7.9427999999523164,0,1,2.844900000095368,3.303100000143051,1,68,Female,1,24.0,74.0,17.759999999999998,25.0,64.0,16.0,-1.0,10.0,1.759999999999998,5,0,19,0.3237999999920527,0.2666666666666666
54,Block,1,14,24,0,1,Right,2.59,,,6,0,7.695,0,1,1.3673999998569488,2.015899999856949,1,68,Female,1,7.0,96.0,6.72,37.0,66.0,24.42,-30.0,30.0,-17.700000000000003,0,1,14,0.2825,0.2666666666666666
54,Block,1,8,25,1,0,Right,1.457,,,6,0,8.889399999856948,0,1,0.5715999999046326,0.8947999999523163,1,68,Female,1,52.0,96.0,49.92,55.0,83.0,45.65,-3.0,13.0,4.270000000000003,5,0,8,0.4815666666428247,0.2666666666666666
54,Block,1,18,28,0,1,Right,2.811199999809265,,,6,0,6.8908999998569485,0,1,1.4213000001907348,1.9714000000953675,1,68,Female,1,11.0,72.0,7.92,33.0,45.0,14.85,-22.0,27.0,-6.93,1,1,18,0.1484833333094914,0.2666666666666666
54,Block,1,5,3,1,0,Right,1.4297999999523163,,,6,0,5.967700000047683,0,1,1.0432999999523165,1.3465,1,68,Female,1,76.0,72.0,54.72,99.0,48.0,47.52,-23.0,24.0,7.200000000000003,6,0,5,0.005383333325386,0.2666666666666666
54,Block,1,1,34,0,1,Left,1.577,,,6,0,4.8285,0,1,1.414,1.974400000095368,1,68,Female,1,27.0,60.0,16.2,36.0,41.0,14.76,-9.0,19.0,1.4399999999999995,4,0,1,0.19525,0.2666666666666666
54,Block,1,15,35,1,0,Right,1.994700000047684,,,6,0,7.842900000095367,0,1,1.1406000001430512,1.74,1,68,Female,1,36.0,37.0,13.32,51.0,10.0,5.1000000000000005,-15.0,27.0,8.219999999999999,6,0,15,0.3071500000158944,0.2666666666666666
54,Block,1,10,36,0,1,Left,1.2957999999523162,,,6,0,4.652799999952316,0,1,1.5287999999523163,1.953,1,68,Female,1,75.0,31.0,23.25,96.0,14.0,13.44,-21.0,17.0,9.81,7,0,10,0.2245333333412806,0.2666666666666666
54,Block,1,4,37,1,0,Right,1.692099999904633,,,6,0,4.466200000047683,0,1,2.896400000095368,3.3385999999046327,1,68,Female,1,48.0,35.0,16.799999999999997,61.0,19.0,11.59,-13.0,16.0,5.209999999999997,5,0,4,0.2556333333253861,0.2666666666666666
54,Block,1,7,39,1,0,Right,1.3115,,,6,0,4.915400000095367,0,1,1.1062000000476837,1.5654000000953674,1,68,Female,1,36.0,68.0,24.48,55.0,48.0,26.4,-19.0,20.0,-1.9199999999999984,2,0,7,0.1807666666507721,0.2666666666666666
54,Block,1,3,42,0,1,Left,2.265599999904633,,,6,0,4.773,0,1,1.1097999999523165,1.4562000000476838,1,68,Female,1,50.0,89.0,44.5,66.0,67.0,44.220000000000006,-16.0,22.0,0.279999999999994,4,0,3,0.2045,0.2666666666666666
54,Block,1,2,43,1,0,Right,2.896399999856949,,,6,0,7.792900000095368,0,1,1.5832999999523163,1.9442999999523165,1,68,Female,1,17.0,73.0,12.41,42.0,63.0,26.46,-25.0,10.0,-14.05,0,0,2,0.2988166666825613,0.2666666666666666
54,Block,1,9,46,0,1,Left,1.5979000000953674,,,6,0,5.031200000047684,0,1,1.8352999999523163,2.4615,1,68,Female,1,78.0,38.0,29.64,90.0,15.0,13.5,-12.0,23.0,16.14,7,0,9,0.1614666666587193,0.2666666666666666
54,Block,1,11,50,1,0,Right,4.463299999952317,,,6,0,8.639399999856948,0,1,1.4052999999523164,1.8205,1,68,Female,1,2.0,34.0,0.68,29.0,13.0,3.77,-27.0,21.0,-3.09,2,0,11,0.4398999999761581,0.2666666666666666
54,Block,1,13,55,1,0,Right,1.181,,,6,0,6.8966999998092655,0,1,1.0677999999523162,1.5388999998569488,1,68,Female,1,35.0,92.0,32.2,41.0,81.0,33.21,-6.0,11.0,-1.009999999999998,3,0,13,0.1494499999682109,0.2666666666666666
54,Block,1,6,6,1,0,Right,1.9466000001430512,,,6,0,4.803799999952316,0,1,0.4547999999523163,0.7598999998569489,1,68,Female,1,41.0,64.0,26.24,52.0,51.0,26.52,-11.0,13.0,-0.2799999999999976,3,0,6,0.1993666666746139,0.2666666666666666
54,Block,1,16,60,0,1,Right,2.1245,,,6,0,8.346,0,1,1.0777000000476835,1.4247999999523162,1,68,Female,1,56.0,75.0,42.0,81.0,74.0,59.94,-25.0,1.0,-17.939999999999998,0,1,16,0.391,0.2666666666666666
54,Block,1,20,7,1,0,Left,2.529900000095368,,,6,0,10.15189999985695,0,1,1.2631999998092651,1.6622999999523165,1,68,Female,1,61.0,62.0,37.82,69.0,61.0,42.09,-8.0,1.0,-4.269999999999996,2,1,20,0.6919833333094916,0.2666666666666666
54,Block,3,45,12,0,1,Left,1.5885,,,8,0,8.023700000047684,0,1,4.1835,4.515799999952316,1,68,Female,1,72.0,98.0,70.56,73.0,77.0,56.21,-1.0,21.0,14.35,7,0,5,0.0029625000059605,0.2666666666666666
54,Block,3,57,13,1,0,Right,1.7724000000953677,,,8,0,7.615900000095367,0,4,0.9521000001430512,1.5952000000476838,1,68,Female,3,73.0,49.0,35.77,81.0,42.0,34.02,-8.0,7.0,1.75,4,0,17,0.0480124999880791,0.2666666666666666
54,Block,3,59,15,0,1,Right,1.941700000047684,,,8,0,8.078399999856948,0,4,0.7063000001907349,1.1294000000953677,1,68,Female,3,36.0,75.0,27.0,52.0,61.0,31.72,-16.0,14.0,-4.719999999999999,2,1,19,0.0097999999821185,0.2666666666666666
54,Block,3,56,16,1,0,Right,1.885200000047684,,,8,0,7.222899999856949,0,3,2.901200000047684,3.402200000047684,1,68,Female,2,23.0,12.0,2.76,26.0,6.0,1.56,-3.0,6.0,1.1999999999999995,4,0,16,0.0971375000178813,0.2666666666666666
54,Block,3,44,17,1,0,Right,2.497100000143051,,,8,0,8.939200000047684,0,1,1.7899000000953675,2.234200000047684,1,68,Female,1,31.0,38.0,11.78,46.0,29.0,13.34,-15.0,9.0,-1.5600000000000005,3,0,4,0.1174000000059605,0.2666666666666666
54,Block,3,52,2,1,0,Left,2.4300999999046327,,,8,0,7.3445,0,2,0.806,1.2,1,68,Female,1,40.0,63.0,25.2,57.0,58.0,33.059999999999995,-17.0,5.0,-7.859999999999996,1,1,12,0.0819375,0.2666666666666666
54,Block,3,51,21,1,0,Right,2.128700000047684,,,8,0,6.102,0,3,2.154400000095368,2.5695,1,68,Female,2,26.0,59.0,15.34,36.0,33.0,11.88,-10.0,26.0,3.459999999999999,5,0,11,0.2372499999999999,0.2666666666666666
54,Block,3,42,22,1,0,Left,2.4667000000476835,,,8,0,5.408700000047684,0,1,3.4400999999046324,3.846299999952316,1,68,Female,1,24.0,95.0,22.8,53.0,71.0,37.63,-29.0,24.0,-14.829999999999998,0,1,2,0.3239124999940395,0.2666666666666666
54,Block,3,53,32,1,0,Right,0.9750999999046326,,,8,0,5.275600000143051,0,1,1.2984000000953675,1.699800000190735,1,68,Female,1,59.0,31.0,18.29,60.0,1.0,0.6,-1.0,30.0,17.689999999999998,7,0,13,0.3405499999821186,0.2666666666666666
54,Block,3,41,33,1,0,Right,2.112800000190735,,,8,0,7.550699999809265,0,2,3.1884000000953674,3.703600000143051,1,68,Female,1,57.0,51.0,29.07,62.0,48.0,29.76,-5.0,3.0,-0.6899999999999977,3,0,1,0.0561625000238418,0.2666666666666666
54,Block,3,55,4,1,0,Right,2.0199000000953675,,,8,0,6.508600000143051,0,2,8.722099999904632,9.22289999985695,1,68,Female,1,72.0,82.0,59.04,73.0,81.0,59.13,-1.0,1.0,-0.0900000000000034,3,0,15,0.1864249999821186,0.2666666666666666
54,Block,3,43,44,1,0,Right,2.015599999904633,,,8,0,8.146,0,1,0.7292999999523163,1.1843999998569488,1,68,Female,1,19.0,86.0,16.34,45.0,71.0,31.95,-26.0,15.0,-15.61,0,0,3,0.0182500000000001,0.2666666666666666
54,Block,3,58,48,0,1,Left,2.268200000047684,,,8,0,7.388700000047684,0,2,1.1897999999523163,1.815899999856949,1,68,Female,1,35.0,68.0,23.8,54.0,43.0,23.22,-19.0,25.0,0.5800000000000018,4,0,18,0.0764124999940395,0.2666666666666666
54,Block,3,60,5,0,1,Left,1.0107999999523165,,,8,0,7.1942999999523165,0,2,5.978400000095368,11.219400000095368,1,68,Female,1,72.0,33.0,23.76,98.0,5.0,4.9,-26.0,28.0,18.86,7,0,20,0.1007125000059604,0.2666666666666666
54,Block,3,46,51,0,1,Left,2.2867999999523163,,,8,0,7.7065,0,2,2.0710999999046327,2.5375999999046326,1,68,Female,1,41.0,94.0,38.54,48.0,70.0,33.599999999999994,-7.0,24.0,4.940000000000005,5,0,6,0.0366874999999999,0.2666666666666666
54,Block,3,54,56,0,1,Left,2.1530999999046325,,,8,0,7.428899999856949,0,3,2.849300000190735,3.4784000000953674,1,68,Female,2,62.0,34.0,21.08,86.0,15.0,12.9,-24.0,19.0,8.180000000000001,6,0,14,0.0713875000178814,0.2666666666666666
54,Block,3,47,57,1,0,Left,1.8765999999046328,,,8,0,7.1025999999046325,0,2,1.5320999999046323,1.939200000047684,1,68,Female,1,59.0,94.0,55.46,86.0,89.0,76.54,-27.0,5.0,-21.080000000000013,0,1,7,0.1121750000119209,0.2666666666666666
54,Block,3,48,58,1,0,Left,1.5785,,,8,0,6.899400000095367,0,2,0.5425999999046326,0.9850999999046326,1,68,Female,1,36.0,54.0,19.44,48.0,53.0,25.44,-12.0,1.0,-6.0,1,1,8,0.1375749999880791,0.2666666666666666
54,Block,3,49,59,1,0,Right,2.325899999856949,,,8,0,5.525300000190735,0,2,1.9155,2.329800000190735,1,68,Female,1,8.0,64.0,5.12,25.0,34.0,8.5,-17.0,30.0,-3.38,2,0,9,0.3093374999761581,0.2666666666666666
54,Block,2,39,10,1,0,Left,2.147300000190735,,,10,0,3.0372999999523165,0,1,0.5889000000953675,1.034,1,68,Female,1,5.0,55.0,2.75,35.0,36.0,12.6,-30.0,19.0,-9.85,1,1,19,0.6962700000047684,0.2666666666666666
54,Block,2,26,11,0,1,Left,2.454100000143052,,,10,0,7.945900000095367,0,1,0.5842999999523163,0.9055,1,68,Female,1,72.0,85.0,61.2,86.0,66.0,56.760000000000005,-14.0,19.0,4.439999999999991,5,0,6,0.2054099999904632,0.2666666666666666
54,Block,2,40,14,0,1,Left,1.7998000001907348,,,10,0,7.541299999952316,0,2,21.9285,22.459700000047683,1,68,Female,1,33.0,61.0,20.13,51.0,44.0,22.44,-18.0,17.0,-2.3100000000000023,2,0,20,0.2458700000047683,0.2666666666666666
54,Block,2,31,20,0,1,Left,1.942200000047684,,,10,0,7.752200000047684,0,3,0.839,1.464,1,68,Female,2,35.0,24.0,8.4,65.0,14.0,9.1,-30.0,10.0,-0.7000000000000011,3,0,11,0.2247799999952316,0.2666666666666666
54,Block,2,37,23,0,1,Left,1.854200000047684,,,10,0,3.466100000143052,0,2,1.3177999999523162,1.8328999998569488,1,68,Female,1,52.0,36.0,18.72,63.0,27.0,17.01,-11.0,9.0,1.7099999999999973,4,0,17,0.6533899999856948,0.2666666666666666
54,Block,2,22,26,1,0,Right,1.0165,,,10,0,8.708799999952316,0,1,1.4602000000476838,1.753399999856949,1,68,Female,1,95.0,74.0,70.3,97.0,49.0,47.53,-2.0,25.0,22.77,7,0,2,0.1291200000047684,0.2666666666666666
54,Block,2,38,27,0,1,Left,1.2142000000476838,,,10,0,5.0095,0,2,0.4565,0.8386999998092651,1,68,Female,1,18.0,49.0,8.82,23.0,29.0,6.67,-5.0,20.0,2.1500000000000004,5,0,18,0.49905,0.2666666666666666
54,Block,2,24,29,1,0,Right,1.436,,,10,0,7.939700000047684,0,1,1.7769000000953674,2.132200000047684,1,68,Female,1,64.0,32.0,20.48,69.0,4.0,2.76,-5.0,28.0,17.72,7,0,4,0.2060299999952316,0.2666666666666666
54,Block,2,36,30,1,0,Left,1.9794000000953675,,,10,0,11.52,0,4,1.2922999999523164,1.7095,1,68,Female,3,71.0,82.0,58.22,80.0,78.0,62.400000000000006,-9.0,4.0,-4.180000000000007,2,1,16,0.1519999999999999,0.2666666666666666
54,Block,2,28,38,1,0,Right,1.5332999999523165,,,10,0,8.538099999904633,0,1,0.4785,0.7637999999523163,1,68,Female,1,43.0,54.0,23.22,63.0,45.0,28.35,-20.0,9.0,-5.129999999999999,1,0,8,0.1461900000095367,0.2666666666666666
54,Block,2,23,40,0,1,Right,1.5713999998569488,,,10,0,6.598599999904633,0,1,0.9526000001430512,1.2727000000476838,1,68,Female,1,30.0,41.0,12.3,60.0,35.0,21.0,-30.0,6.0,-8.700000000000001,1,1,3,0.3401400000095367,0.2666666666666666
54,Block,2,27,41,0,1,Left,1.145300000190735,,,10,0,8.135200000047684,0,1,0.9592999999523164,1.2614000000953671,1,68,Female,1,35.0,40.0,14.0,48.0,10.0,4.800000000000001,-13.0,30.0,9.2,6,0,7,0.1864799999952316,0.2666666666666666
54,Block,2,32,45,0,1,Right,1.4972000000476835,,,10,0,3.8355999999046326,0,4,0.9053000001907348,1.3225,1,68,Female,3,52.0,92.0,47.84,72.0,91.0,65.52,-20.0,1.0,-17.679999999999993,0,1,12,0.6164400000095368,0.2666666666666666
54,Block,2,33,49,0,1,Right,1.7075,,,10,0,7.496799999952317,0,3,1.6081000001430512,2.0132000000476835,1,68,Female,2,69.0,87.0,60.03,99.0,86.0,85.14,-30.0,1.0,-25.11,0,1,13,0.2503200000047683,0.2666666666666666
54,Block,2,29,52,1,0,Right,1.2232999999523162,,,10,0,6.563799999952316,0,1,0.8622999999523163,1.1694000000953677,1,68,Female,1,62.0,92.0,57.04,83.0,62.0,51.46,-21.0,30.0,5.579999999999998,5,0,9,0.3436200000047684,0.2666666666666666
54,Block,2,21,53,1,0,Right,1.856700000047684,,,10,0,6.574200000047684,0,1,1.936700000047684,2.4285999999046326,1,68,Female,1,69.0,28.0,19.32,81.0,23.0,18.630000000000003,-12.0,5.0,0.6899999999999977,4,0,1,0.3425799999952316,0.2666666666666666
54,Block,2,30,54,1,0,Right,3.064200000047684,,,10,0,8.537600000143051,0,1,0.5496000001430511,0.8946000001430512,1,68,Female,1,47.0,37.0,17.39,77.0,23.0,17.71,-30.0,14.0,-0.3200000000000003,3,0,10,0.1462399999856948,0.2666666666666666
54,Block,2,25,8,1,0,Right,2.015800000190735,,,10,0,7.604799999952316,0,1,1.4765999999046326,1.787699999809265,1,68,Female,1,65.0,49.0,31.85,71.0,33.0,23.43,-6.0,16.0,8.419999999999998,6,0,5,0.2395200000047683,0.2666666666666666
54,Block,2,34,9,0,1,Left,1.3578000001907349,,,10,0,10.067899999856948,0,4,0.7083000001907349,1.1226000001430512,1,68,Female,3,39.0,66.0,25.74,40.0,50.0,20.0,-1.0,16.0,5.740000000000002,6,0,14,0.0067899999856948,0.2666666666666666
55,Block,3,48,1,1,0,Left,2.43659999999404,,,6,0,5.199300000011921,0,3,1.2351999999880792,2.102399999976158,0,47,Female,2,18.0,44.0,7.92,40.0,39.0,15.6,-22.0,5.0,-7.6800000000000015,1,1,8,0.1334499999980131,0.4423076923076923
55,Block,3,53,18,0,1,Left,2.921,,,6,0,3.9853000000119208,0,2,1.918100000023842,2.7519000000059606,0,47,Female,1,73.0,32.0,23.36,82.0,2.0,1.64,-9.0,30.0,21.72,7,0,13,0.3357833333313465,0.4423076923076923
55,Block,3,41,19,0,1,Left,2.3742000000178813,,,6,0,4.567699999988079,0,2,2.3859000000059605,3.0699000000059606,0,47,Female,1,24.0,74.0,17.759999999999998,25.0,64.0,16.0,-1.0,10.0,1.759999999999998,5,0,1,0.2387166666686534,0.4423076923076923
55,Block,3,42,24,1,0,Right,2.8742999999821186,,,6,0,3.89359999999404,0,3,2.4857999999821185,3.3527999999821185,0,47,Female,2,7.0,96.0,6.72,37.0,66.0,24.42,-30.0,30.0,-17.700000000000003,0,0,2,0.35106666666766,0.4423076923076923
55,Block,3,50,25,1,0,Right,2.171800000011921,,,6,0,4.0157000000178815,0,2,1.4325,2.266800000011921,0,47,Female,1,52.0,96.0,49.92,55.0,83.0,45.65,-3.0,13.0,4.270000000000003,5,0,10,0.3307166666636864,0.4423076923076923
55,Block,3,57,28,0,1,Right,2.989899999976158,,,6,0,4.65,0,3,1.4851999999880792,2.2685,0,47,Female,2,11.0,72.0,7.92,33.0,45.0,14.85,-22.0,27.0,-6.93,1,1,17,0.2249999999999999,0.4423076923076923
55,Block,3,55,3,0,1,Left,2.102899999976158,,,6,0,3.7467000000178814,0,3,1.727200000017881,2.3942000000178814,0,47,Female,2,76.0,72.0,54.72,99.0,48.0,47.52,-23.0,24.0,7.200000000000003,6,0,15,0.3755499999970197,0.4423076923076923
55,Block,3,43,34,1,0,Right,2.3264000000059606,,,6,0,4.019400000005961,0,2,3.0889000000059603,3.872900000005961,0,47,Female,1,27.0,60.0,16.2,36.0,41.0,14.76,-9.0,19.0,1.4399999999999995,4,0,3,0.3300999999990066,0.4423076923076923
55,Block,3,56,35,1,0,Right,2.11959999999404,,,6,0,4.364899999976158,0,2,1.421899999976158,2.2717999999821186,0,47,Female,1,36.0,37.0,13.32,51.0,10.0,5.1000000000000005,-15.0,27.0,8.219999999999999,6,0,16,0.2725166666706403,0.4423076923076923
55,Block,3,52,36,0,1,Right,2.4394000000059606,,,6,0,3.8205,0,3,2.1825,2.9654000000059604,0,47,Female,2,75.0,31.0,23.25,96.0,14.0,13.44,-21.0,17.0,9.81,7,1,12,0.36325,0.4423076923076923
55,Block,3,47,37,1,0,Left,4.704,,,6,0,5.839799999982119,0,3,1.4015,2.21809999999404,0,47,Female,2,48.0,35.0,16.799999999999997,61.0,19.0,11.59,-13.0,16.0,5.209999999999997,5,1,7,0.0267000000029802,0.4423076923076923
55,Block,3,60,39,1,0,Right,1.972,,,6,0,5.134200000017882,0,2,1.297199999988079,2.2640999999940394,0,47,Female,1,36.0,68.0,24.48,55.0,48.0,26.4,-19.0,20.0,-1.9199999999999984,2,0,20,0.1442999999970197,0.4423076923076923
55,Block,3,58,42,1,0,Right,1.9822000000178808,,,6,0,4.678,0,2,4.340299999982118,5.158699999988079,0,47,Female,1,50.0,89.0,44.5,66.0,67.0,44.220000000000006,-16.0,22.0,0.279999999999994,4,0,18,0.2203333333333333,0.4423076923076923
55,Block,3,59,43,1,0,Left,1.867199999988079,,,6,0,3.61040000000596,0,3,1.526799999982119,2.1935999999940394,0,47,Female,2,17.0,73.0,12.41,42.0,63.0,26.46,-25.0,10.0,-14.05,0,1,19,0.3982666666656733,0.4423076923076923
55,Block,3,54,46,0,1,Left,2.486600000023842,,,6,0,3.6312000000178815,0,2,2.1889000000059604,3.105200000017881,0,47,Female,1,78.0,38.0,29.64,90.0,15.0,13.5,-12.0,23.0,16.14,7,0,14,0.3947999999970197,0.4423076923076923
55,Block,3,46,55,0,1,Left,2.015,,,6,0,3.997799999982119,0,2,1.863199999988079,2.5963999999761582,0,47,Female,1,35.0,92.0,32.2,41.0,81.0,33.21,-6.0,11.0,-1.009999999999998,3,0,6,0.3337000000029801,0.4423076923076923
55,Block,3,51,6,1,0,,2.171800000011921,,,6,0,5.5324000000059605,1,4,2.1387999999821186,2.955899999976158,0,47,Female,3,41.0,64.0,26.24,52.0,51.0,26.52,-11.0,13.0,-0.2799999999999976,3,0,11,0.0779333333323399,0.4423076923076923
55,Block,3,45,60,0,1,Right,2.2775999999940395,,,6,0,4.66309999999404,0,2,1.5637000000178811,2.247900000005961,0,47,Female,1,56.0,75.0,42.0,81.0,74.0,59.94,-25.0,1.0,-17.939999999999998,0,1,5,0.2228166666676599,0.4423076923076923
55,Block,3,44,7,0,1,Right,3.341800000011921,,,6,0,3.89109999999404,0,3,3.3876000000238418,4.2373000000119205,0,47,Female,2,61.0,62.0,37.82,69.0,61.0,42.09,-8.0,1.0,-4.269999999999996,2,1,4,0.3514833333343266,0.4423076923076923
55,Block,2,26,12,0,1,Left,2.110800000011921,,,8,0,5.915200000017881,0,1,1.922800000011921,2.64009999999404,0,47,Female,1,72.0,98.0,70.56,73.0,77.0,56.21,-1.0,21.0,14.35,7,0,6,0.2605999999977648,0.4423076923076923
55,Block,2,37,13,0,1,Left,5.788299999982119,,,8,0,3.371699999988079,0,4,1.605699999988079,2.4395,0,47,Female,3,73.0,49.0,35.77,81.0,42.0,34.02,-8.0,7.0,1.75,4,0,17,0.5785375000014901,0.4423076923076923
55,Block,2,25,15,0,1,Left,4.115399999976158,,,8,0,4.85859999999404,0,3,6.212699999988079,6.946,0,47,Female,2,36.0,75.0,27.0,52.0,61.0,31.72,-16.0,14.0,-4.719999999999999,2,0,5,0.3926750000007449,0.4423076923076923
55,Block,2,21,16,1,0,Right,3.452,,,8,0,5.54440000000596,0,3,2.6724000000059607,3.405800000011921,0,47,Female,2,23.0,12.0,2.76,26.0,6.0,1.56,-3.0,6.0,1.1999999999999995,4,0,1,0.306949999999255,0.4423076923076923
55,Block,2,32,17,1,0,Left,3.888399999976158,,,8,0,3.767699999988079,0,2,7.746199999988079,8.86340000000596,0,47,Female,1,31.0,38.0,11.78,46.0,29.0,13.34,-15.0,9.0,-1.5600000000000005,3,1,12,0.5290375000014902,0.4423076923076923
55,Block,2,28,2,1,0,Left,2.489,,,8,0,4.689700000017881,0,2,3.032199999988079,4.015300000011921,0,47,Female,1,40.0,63.0,25.2,57.0,58.0,33.059999999999995,-17.0,5.0,-7.859999999999996,1,1,8,0.4137874999977649,0.4423076923076923
55,Block,2,29,21,1,0,Right,5.1745,,,8,0,4.1835,0,2,11.50109999999404,12.28430000001192,0,47,Female,1,26.0,59.0,15.34,36.0,33.0,11.88,-10.0,26.0,3.459999999999999,5,0,9,0.4770624999999999,0.4423076923076923
55,Block,2,38,22,1,0,Left,3.751699999988079,,,8,0,4.012899999976158,0,2,3.92359999999404,4.657699999988079,0,47,Female,1,24.0,95.0,22.8,53.0,71.0,37.63,-29.0,24.0,-14.829999999999998,0,1,18,0.4983875000029802,0.4423076923076923
55,Block,2,30,32,0,1,Left,2.684,,,8,0,8.23,0,2,3.586,4.253099999994039,0,47,Female,1,59.0,31.0,18.29,60.0,1.0,0.6,-1.0,30.0,17.689999999999998,7,0,10,0.02875,0.4423076923076923
55,Block,2,22,33,1,0,Left,3.9689000000059607,,,8,0,4.492799999982118,0,3,2.548,3.2487999999821184,0,47,Female,2,57.0,51.0,29.07,62.0,48.0,29.76,-5.0,3.0,-0.6899999999999977,3,1,2,0.4384000000022352,0.4423076923076923
55,Block,2,36,4,1,0,Right,6.0395,,,8,0,2.8880999999940395,0,4,1.7435,2.4765,0,47,Female,3,72.0,82.0,59.04,73.0,81.0,59.13,-1.0,1.0,-0.0900000000000034,3,0,16,0.638987500000745,0.4423076923076923
55,Block,2,35,44,0,1,Right,2.48159999999404,,,8,0,6.2192000000178815,0,3,2.381,3.281299999982118,0,47,Female,2,19.0,86.0,16.34,45.0,71.0,31.95,-26.0,15.0,-15.61,0,1,15,0.2225999999977648,0.4423076923076923
55,Block,2,40,47,1,0,Right,3.076199999988079,,,8,0,4.669200000017882,0,3,3.0100999999940394,3.811,0,47,Female,2,68.0,30.0,20.4,89.0,16.0,14.24,-21.0,14.0,6.159999999999998,6,0,20,0.4163499999977648,0.4423076923076923
55,Block,2,31,48,1,0,Right,4.795700000017882,,,8,0,5.9075,0,2,7.424400000005961,8.125200000017882,0,47,Female,1,35.0,68.0,23.8,54.0,43.0,23.22,-19.0,25.0,0.5800000000000018,4,0,11,0.2615625,0.4423076923076923
55,Block,2,24,5,1,0,Right,1.99459999999404,,,8,0,5.467,0,2,4.903700000017881,5.704200000017881,0,47,Female,1,72.0,33.0,23.76,98.0,5.0,4.9,-26.0,28.0,18.86,7,0,4,0.316625,0.4423076923076923
55,Block,2,34,51,1,0,Right,4.5949000000059605,,,8,0,3.8598999999761583,0,3,2.8084000000059604,3.525800000011921,0,47,Female,2,41.0,94.0,38.54,48.0,70.0,33.599999999999994,-7.0,24.0,4.940000000000005,5,0,14,0.5175125000029802,0.4423076923076923
55,Block,2,23,56,0,1,Right,3.3613999999761583,,,8,0,3.8918999999761583,0,3,1.912300000011921,2.7624000000059605,0,47,Female,2,62.0,34.0,21.08,86.0,15.0,12.9,-24.0,19.0,8.180000000000001,6,1,3,0.5135125000029802,0.4423076923076923
55,Block,2,27,57,1,0,Left,4.56719999998808,,,8,0,2.67809999999404,0,2,4.002699999988079,4.769699999988079,0,47,Female,1,59.0,94.0,55.46,86.0,89.0,76.54,-27.0,5.0,-21.080000000000013,0,1,7,0.665237500000745,0.4423076923076923
55,Block,2,33,58,0,1,Left,6.631199999988079,,,8,0,6.77609999999404,0,2,7.7555,8.540100000023841,0,47,Female,1,36.0,54.0,19.44,48.0,53.0,25.44,-12.0,1.0,-6.0,1,0,13,0.152987500000745,0.4423076923076923
55,Block,2,39,59,1,0,Left,4.961300000011921,,,8,0,5.327600000023842,0,2,1.83259999999404,2.567300000011921,0,47,Female,1,8.0,64.0,5.12,25.0,34.0,8.5,-17.0,30.0,-3.38,2,1,19,0.3340499999970198,0.4423076923076923
55,Block,1,8,10,1,0,Left,2.8465999999940395,,,10,0,6.405199999988079,0,2,2.055,2.739299999982119,0,47,Female,1,5.0,55.0,2.75,35.0,36.0,12.6,-30.0,19.0,-9.85,1,1,8,0.3594800000011921,0.4423076923076923
55,Block,1,6,20,0,1,Left,4.442899999976159,,,10,0,4.519299999982119,0,2,3.1202000000178813,3.921300000011921,0,47,Female,1,35.0,24.0,8.4,65.0,14.0,9.1,-30.0,10.0,-0.7000000000000011,3,0,6,0.5480700000017882,0.4423076923076923
55,Block,1,3,23,0,1,Right,5.070599999994039,,,10,0,6.21759999999404,0,3,1.6224000000059604,2.3235,0,47,Female,2,52.0,36.0,18.72,63.0,27.0,17.01,-11.0,9.0,1.7099999999999973,4,1,3,0.378240000000596,0.4423076923076923
55,Block,1,9,26,1,0,Right,3.4365,,,10,0,5.04059999999404,0,1,2.6775,3.3942000000178814,0,47,Female,1,95.0,74.0,70.3,97.0,49.0,47.53,-2.0,25.0,22.77,7,0,9,0.495940000000596,0.4423076923076923
55,Block,1,12,31,1,0,Left,3.65359999999404,,,10,0,6.303099999994039,0,2,2.154,3.188,0,47,Female,1,59.0,23.0,13.57,74.0,22.0,16.28,-15.0,1.0,-2.710000000000001,2,1,12,0.3696900000005961,0.4423076923076923
55,Block,1,11,38,1,0,Left,2.7317999999821185,,,10,0,5.266700000017881,0,2,1.4070999999940397,3.9082999999821184,0,47,Female,1,43.0,54.0,23.22,63.0,45.0,28.35,-20.0,9.0,-5.129999999999999,1,1,11,0.4733299999982119,0.4423076923076923
55,Block,1,2,40,0,1,Left,5.393800000011921,,,10,0,5.595299999982118,0,2,3.4045,4.13840000000596,0,47,Female,1,30.0,41.0,12.3,60.0,35.0,21.0,-30.0,6.0,-8.700000000000001,1,0,2,0.4404700000017881,0.4423076923076923
55,Block,1,4,41,1,0,Right,3.8052000000178814,,,10,0,5.844600000023842,0,3,2.726,3.593300000011921,0,47,Female,2,35.0,40.0,14.0,48.0,10.0,4.800000000000001,-13.0,30.0,9.2,6,0,4,0.4155399999976158,0.4423076923076923
55,Block,1,5,49,1,0,Left,3.3131000000238418,,,10,0,5.285299999982119,0,1,2.6345,3.401800000011921,0,47,Female,1,69.0,87.0,60.03,99.0,86.0,85.14,-30.0,1.0,-25.11,0,1,5,0.4714700000017881,0.4423076923076923
55,Block,1,7,53,1,0,Left,5.423099999994039,,,10,0,4.8555,0,2,1.4177000000178814,2.335300000011921,0,47,Female,1,69.0,28.0,19.32,81.0,23.0,18.630000000000003,-12.0,5.0,0.6899999999999977,4,1,7,0.51445,0.4423076923076923
55,Block,1,10,8,1,0,Right,4.198299999982119,,,10,0,6.1105,0,2,1.6615,2.8295,0,47,Female,1,65.0,49.0,31.85,71.0,33.0,23.43,-6.0,16.0,8.419999999999998,6,0,10,0.38895,0.4423076923076923
55,Block,1,1,9,0,1,Right,2.259,,,10,0,4.744,0,3,2.6630999999940395,3.48009999999404,0,47,Female,2,39.0,66.0,25.74,40.0,50.0,20.0,-1.0,16.0,5.740000000000002,6,1,1,0.5256000000000001,0.4423076923076923
56,Block,1,6,18,1,0,Right,1.664300000000745,,,6,0,3.892099999999628,0,1,2.581800000000745,6.290699999999255,0,42,Female,1,73.0,32.0,23.36,82.0,2.0,1.64,-9.0,30.0,21.72,7,0,6,0.3513166666667286,0.5
56,Block,1,11,19,0,1,Left,2.7505,,,6,0,3.1647000000011176,0,3,1.9209000000003724,3.115300000000745,0,42,Female,2,24.0,74.0,17.759999999999998,25.0,64.0,16.0,-1.0,10.0,1.759999999999998,5,0,11,0.4725499999998137,0.5
56,Block,1,1,24,1,0,Left,2.737099999999628,,,6,0,3.289099999999628,0,3,3.5309000000003725,4.541799999998882,0,42,Female,2,7.0,96.0,6.72,37.0,66.0,24.42,-30.0,30.0,-17.700000000000003,0,1,1,0.4518166666667287,0.5
56,Block,1,8,25,0,1,Left,2.4374000000003724,,,6,0,3.076099999999628,0,2,1.9727000000011177,3.05310000000149,0,42,Female,1,52.0,96.0,49.92,55.0,83.0,45.65,-3.0,13.0,4.270000000000003,5,0,8,0.4873166666667286,0.5
56,Block,1,4,28,0,1,Right,3.60910000000149,,,6,0,3.2911999999992547,0,3,2.705699999999255,3.966,0,42,Female,2,11.0,72.0,7.92,33.0,45.0,14.85,-22.0,27.0,-6.93,1,1,4,0.4514666666667908,0.5
56,Block,1,7,3,0,1,Left,3.04139999999851,,,6,0,3.5393999999985097,0,2,2.78210000000149,3.8962000000011177,0,42,Female,1,76.0,72.0,54.72,99.0,48.0,47.52,-23.0,24.0,7.200000000000003,6,0,7,0.4101000000002484,0.5
56,Block,1,18,34,0,1,Left,4.854900000000373,,,6,0,4.0796000000014905,0,4,4.4495,5.654599999999627,0,42,Female,3,27.0,60.0,16.2,36.0,41.0,14.76,-9.0,19.0,1.4399999999999995,4,0,18,0.3200666666664182,0.5
56,Block,1,13,35,1,0,Right,1.9579000000003728,,,6,0,3.632800000000745,0,2,1.666800000000745,3.698699999999255,0,42,Female,1,36.0,37.0,13.32,51.0,10.0,5.1000000000000005,-15.0,27.0,8.219999999999999,6,0,13,0.3945333333332091,0.5
56,Block,1,12,36,0,1,Left,3.2484000000003723,,,6,0,3.399,0,3,6.2994000000003725,7.6835,0,42,Female,2,75.0,31.0,23.25,96.0,14.0,13.44,-21.0,17.0,9.81,7,0,12,0.4335,0.5
56,Block,1,14,37,0,1,Left,3.728300000000745,,,6,0,3.6702000000011177,0,4,2.1990999999996275,3.9767999999988826,0,42,Female,3,48.0,35.0,16.799999999999997,61.0,19.0,11.59,-13.0,16.0,5.209999999999997,5,0,14,0.3882999999998137,0.5
56,Block,1,20,39,1,0,Left,2.838099999999628,,,6,0,3.1097999999988826,0,3,3.1584000000003725,4.346099999999628,0,42,Female,2,36.0,68.0,24.48,55.0,48.0,26.4,-19.0,20.0,-1.9199999999999984,2,1,20,0.4817000000001862,0.5
56,Block,1,5,42,0,1,Left,2.89739999999851,,,6,0,2.7024000000003725,0,2,1.6682000000011177,3.646400000000373,0,42,Female,1,50.0,89.0,44.5,66.0,67.0,44.220000000000006,-16.0,22.0,0.279999999999994,4,0,5,0.5495999999999379,0.5
56,Block,1,2,43,1,0,Left,2.5202999999988824,,,6,0,3.5695,0,2,3.4175,4.550599999999627,0,42,Female,1,17.0,73.0,12.41,42.0,63.0,26.46,-25.0,10.0,-14.05,0,1,2,0.4050833333333333,0.5
56,Block,1,9,46,0,1,Left,2.9242999999988823,,,6,0,3.516,0,3,1.7260999999996274,3.091699999999255,0,42,Female,2,78.0,38.0,29.64,90.0,15.0,13.5,-12.0,23.0,16.14,7,0,9,0.414,0.5
56,Block,1,19,50,1,0,Left,3.789599999999628,,,6,0,3.865599999999628,0,2,2.0,3.1422000000011177,0,42,Female,1,2.0,34.0,0.68,29.0,13.0,3.77,-27.0,21.0,-3.09,2,1,19,0.3557333333333953,0.5
56,Block,1,16,55,0,1,Left,3.3069000000003723,,,6,0,3.1452999999988824,0,3,2.84210000000149,3.90560000000149,0,42,Female,2,35.0,92.0,32.2,41.0,81.0,33.21,-6.0,11.0,-1.009999999999998,3,0,16,0.4757833333335196,0.5
56,Block,1,15,6,1,0,Left,3.6925,,,6,0,3.225,0,4,2.213,3.706,0,42,Female,3,41.0,64.0,26.24,52.0,51.0,26.52,-11.0,13.0,-0.2799999999999976,3,1,15,0.4624999999999999,0.5
56,Block,1,17,60,0,1,Right,3.02,,,6,0,3.5179000000003726,0,2,1.686800000000745,2.830199999999255,0,42,Female,1,56.0,75.0,42.0,81.0,74.0,59.94,-25.0,1.0,-17.939999999999998,0,1,17,0.4136833333332712,0.5
56,Block,1,10,7,0,1,Left,2.5059000000003726,,,6,0,3.08010000000149,0,3,2.0319000000003724,4.122900000000373,0,42,Female,2,61.0,62.0,37.82,69.0,61.0,42.09,-8.0,1.0,-4.269999999999996,2,0,10,0.4866499999997516,0.5
56,Block,2,32,12,1,0,Right,3.5048999999985098,,,8,0,4.969200000001117,0,1,2.01339999999851,2.9795999999996274,0,42,Female,1,72.0,98.0,70.56,73.0,77.0,56.21,-1.0,21.0,14.35,7,0,12,0.3788499999998603,0.5
56,Block,2,28,13,1,0,Right,3.833699999999255,,,8,0,4.587,0,4,1.4660999999996274,2.8945999999996275,0,42,Female,3,73.0,49.0,35.77,81.0,42.0,34.02,-8.0,7.0,1.75,4,0,8,0.426625,0.5
56,Block,2,35,15,0,1,Right,4.414599999999627,,,8,0,3.9314000000003726,0,4,1.4267999999988823,2.5852999999988824,0,42,Female,3,36.0,75.0,27.0,52.0,61.0,31.72,-16.0,14.0,-4.719999999999999,2,1,15,0.5085749999999534,0.5
56,Block,2,22,16,0,1,Left,3.248300000000745,,,8,0,5.077299999998883,0,2,1.4164000000003725,2.781800000000745,0,42,Female,1,23.0,12.0,2.76,26.0,6.0,1.56,-3.0,6.0,1.1999999999999995,4,0,2,0.3653375000001396,0.5
56,Block,2,29,17,1,0,Left,5.271400000000373,,,8,0,4.591700000001118,0,3,2.58,3.5698999999985097,0,42,Female,2,31.0,38.0,11.78,46.0,29.0,13.34,-15.0,9.0,-1.5600000000000005,3,1,9,0.4260374999998603,0.5
56,Block,2,34,2,0,1,Right,3.563099999999628,,,8,0,4.5095,0,3,1.6810999999996274,3.1300999999996275,0,42,Female,2,40.0,63.0,25.2,57.0,58.0,33.059999999999995,-17.0,5.0,-7.859999999999996,1,1,14,0.4363125,0.5
56,Block,2,24,21,1,0,Right,3.644199999999255,,,8,0,5.081299999998882,0,4,1.646800000000745,3.097300000000745,0,42,Female,3,26.0,59.0,15.34,36.0,33.0,11.88,-10.0,26.0,3.459999999999999,5,0,4,0.3648375000001397,0.5
56,Block,2,40,22,0,1,Right,2.9267999999988823,,,8,0,4.838,0,3,4.015699999999255,5.6665,0,42,Female,2,24.0,95.0,22.8,53.0,71.0,37.63,-29.0,24.0,-14.829999999999998,0,1,20,0.39525,0.5
56,Block,2,31,32,0,1,Left,3.845699999999255,,,8,0,4.527300000000745,0,1,1.2855,2.2600999999996274,0,42,Female,1,59.0,31.0,18.29,60.0,1.0,0.6,-1.0,30.0,17.689999999999998,7,0,11,0.4340874999999069,0.5
56,Block,2,38,33,1,0,Left,3.933900000000373,,,8,0,4.887299999998882,0,3,2.0090999999996275,2.9739000000003726,0,42,Female,2,57.0,51.0,29.07,62.0,48.0,29.76,-5.0,3.0,-0.6899999999999977,3,1,18,0.3890875000001397,0.5
56,Block,2,23,4,1,0,Right,3.9602999999988815,,,8,0,4.477799999998882,0,3,4.2285,5.225400000000373,0,42,Female,2,72.0,82.0,59.04,73.0,81.0,59.13,-1.0,1.0,-0.0900000000000034,3,0,3,0.4402750000001397,0.5
56,Block,2,21,44,0,1,Right,2.0257999999988825,,,8,0,5.6905,0,2,2.601,3.5035,0,42,Female,1,19.0,86.0,16.34,45.0,71.0,31.95,-26.0,15.0,-15.61,0,1,1,0.2886875,0.5
56,Block,2,39,47,1,0,Right,4.628900000000373,,,8,0,4.925800000000745,0,3,1.7792999999988823,3.11889999999851,0,42,Female,2,68.0,30.0,20.4,89.0,16.0,14.24,-21.0,14.0,6.159999999999998,6,0,19,0.3842749999999069,0.5
56,Block,2,30,48,0,1,Left,4.922800000000745,,,8,0,4.01910000000149,0,4,2.5226999999992548,3.869699999999255,0,42,Female,3,35.0,68.0,23.8,54.0,43.0,23.22,-19.0,25.0,0.5800000000000018,4,0,10,0.4976124999998137,0.5
56,Block,2,26,51,0,1,Left,3.644900000000373,,,8,0,4.907,0,3,1.859,3.6350999999996274,0,42,Female,2,41.0,94.0,38.54,48.0,70.0,33.599999999999994,-7.0,24.0,4.940000000000005,5,0,6,0.386625,0.5
56,Block,2,27,56,1,0,Right,4.841,,,8,0,4.285799999998883,0,5,1.507800000000745,2.78360000000149,0,42,Female,3,62.0,34.0,21.08,86.0,15.0,12.9,-24.0,19.0,8.180000000000001,6,0,7,0.4642750000001396,0.5
56,Block,2,36,58,0,1,Right,3.7746000000014894,,,8,0,4.205300000000745,0,2,1.5195,2.431099999999628,0,42,Female,1,36.0,54.0,19.44,48.0,53.0,25.44,-12.0,1.0,-6.0,1,1,16,0.4743374999999068,0.5
56,Block,2,37,59,1,0,Left,3.2765,,,8,0,5.01360000000149,0,3,3.6727000000011176,4.707900000000373,0,42,Female,2,8.0,64.0,5.12,25.0,34.0,8.5,-17.0,30.0,-3.38,2,1,17,0.3732999999998138,0.5
56,Block,3,56,10,1,0,Left,4.784099999999627,,,10,0,5.6852999999988825,0,2,1.6219000000003725,2.6117000000011177,0,42,Female,1,5.0,55.0,2.75,35.0,36.0,12.6,-30.0,19.0,-9.85,1,1,16,0.4314700000001117,0.5
56,Block,3,58,11,1,0,Right,3.5149000000003725,,,10,0,6.172099999999627,0,2,2.287,3.151300000000745,0,42,Female,1,72.0,85.0,61.2,86.0,66.0,56.760000000000005,-14.0,19.0,4.439999999999991,5,0,18,0.3827900000000372,0.5
56,Block,3,53,14,0,1,Right,4.959900000000372,,,10,0,5.286699999999255,0,4,1.33,2.3195,0,42,Female,3,33.0,61.0,20.13,51.0,44.0,22.44,-18.0,17.0,-2.3100000000000023,2,1,13,0.4713300000000744,0.5
56,Block,3,46,20,1,0,Left,3.871400000000373,,,10,0,6.310099999999627,0,4,1.8934000000003728,2.982300000000745,0,42,Female,3,35.0,24.0,8.4,65.0,14.0,9.1,-30.0,10.0,-0.7000000000000011,3,1,6,0.3689900000000373,0.5
56,Block,3,52,23,1,0,Right,5.203,,,10,0,6.403,0,5,1.384,2.447199999999255,0,42,Female,3,52.0,36.0,18.72,63.0,27.0,17.01,-11.0,9.0,1.7099999999999973,4,0,12,0.3597,0.5
56,Block,3,55,26,1,0,Right,3.764400000000372,,,10,0,6.46560000000149,0,2,1.7555999999996277,2.9342999999988826,0,42,Female,1,95.0,74.0,70.3,97.0,49.0,47.53,-2.0,25.0,22.77,7,0,15,0.353439999999851,0.5
56,Block,3,41,27,1,0,Left,3.5618999999985097,,,10,0,5.368900000000372,0,3,3.240599999999628,4.1599000000003725,0,42,Female,2,18.0,49.0,8.82,23.0,29.0,6.67,-5.0,20.0,2.1500000000000004,5,1,1,0.4631099999999628,0.5
56,Block,3,43,29,1,0,Right,3.2962000000011176,,,10,0,7.279900000000373,0,1,1.5947000000011176,2.7489000000003725,0,42,Female,1,64.0,32.0,20.48,69.0,4.0,2.76,-5.0,28.0,17.72,7,0,3,0.2720099999999627,0.5
56,Block,3,51,30,0,1,Right,3.820900000000373,,,10,0,5.585099999999628,0,3,1.714699999999255,2.99089999999851,0,42,Female,2,71.0,82.0,58.22,80.0,78.0,62.400000000000006,-9.0,4.0,-4.180000000000007,2,1,11,0.4414900000000372,0.5
56,Block,3,57,31,1,0,Left,3.563099999999628,,,10,0,5.657199999999255,0,1,2.4394000000003726,3.8930999999996274,0,42,Female,1,59.0,23.0,13.57,74.0,22.0,16.28,-15.0,1.0,-2.710000000000001,2,1,17,0.4342800000000745,0.5
56,Block,3,50,38,1,0,Left,3.7435,,,10,0,6.8238000000007455,0,3,1.605199999999255,2.596300000000745,0,42,Female,2,43.0,54.0,23.22,63.0,45.0,28.35,-20.0,9.0,-5.129999999999999,1,1,10,0.3176199999999254,0.5
56,Block,3,59,40,0,1,Right,3.87710000000149,,,10,0,6.820700000001118,0,2,1.3344000000003726,2.266300000000745,0,42,Female,1,30.0,41.0,12.3,60.0,35.0,21.0,-30.0,6.0,-8.700000000000001,1,1,19,0.3179299999998882,0.5
56,Block,3,49,41,0,1,Left,4.347199999999255,,,10,0,6.078300000000745,0,2,1.6340999999996275,2.661,0,42,Female,1,35.0,40.0,14.0,48.0,10.0,4.800000000000001,-13.0,30.0,9.2,6,0,9,0.3921699999999255,0.5
56,Block,3,47,45,0,1,Right,3.828299999998882,,,10,0,6.708400000000372,0,1,3.164099999999628,4.139099999999628,0,42,Female,1,52.0,92.0,47.84,72.0,91.0,65.52,-20.0,1.0,-17.679999999999993,0,1,7,0.3291599999999627,0.5
56,Block,3,42,49,0,1,Right,3.367,,,10,0,4.89610000000149,0,2,1.9049000000003729,2.851599999999628,0,42,Female,1,69.0,87.0,60.03,99.0,86.0,85.14,-30.0,1.0,-25.11,0,1,2,0.510389999999851,0.5
56,Block,3,44,52,1,0,Left,3.1599000000003725,,,10,0,5.113700000001118,0,2,2.613300000000745,4.806599999999627,0,42,Female,1,62.0,92.0,57.04,83.0,62.0,51.46,-21.0,30.0,5.579999999999998,5,1,4,0.4886299999998882,0.5
56,Block,3,60,53,0,1,Right,3.8024000000003726,,,10,0,7.950400000000372,0,4,2.242700000001117,3.366800000000745,0,42,Female,3,69.0,28.0,19.32,81.0,23.0,18.630000000000003,-12.0,5.0,0.6899999999999977,4,1,20,0.2049599999999627,0.5
56,Block,3,45,54,0,1,Right,5.4725,,,10,0,6.254300000000745,0,4,2.201700000001117,3.557,0,42,Female,3,47.0,37.0,17.39,77.0,23.0,17.71,-30.0,14.0,-0.3200000000000003,3,1,5,0.3745699999999255,0.5
56,Block,3,54,8,0,1,Left,4.428800000000745,,,10,0,5.2355,0,4,2.7192000000011176,3.6557000000011177,0,42,Female,3,65.0,49.0,31.85,71.0,33.0,23.43,-6.0,16.0,8.419999999999998,6,0,14,0.47645,0.5
56,Block,3,48,9,1,0,Right,3.894300000000745,,,10,0,5.539699999999255,0,1,1.4659000000003726,2.565099999999628,0,42,Female,1,39.0,66.0,25.74,40.0,50.0,20.0,-1.0,16.0,5.740000000000002,6,0,8,0.4460300000000745,0.5
57,Block,3,56,1,0,1,Right,3.169400000095368,,,6,0,7.241299999952316,0,2,1.6274000000953674,2.459700000047684,0,21,Female,1,18.0,44.0,7.92,40.0,39.0,15.6,-22.0,5.0,-7.6800000000000015,1,1,16,0.206883333325386,0.4666666666666667
57,Block,3,60,18,0,1,Left,1.9417999999523163,,,6,0,6.489900000095368,0,1,1.3087000000476836,2.128299999952316,0,21,Female,1,73.0,32.0,23.36,82.0,2.0,1.64,-9.0,30.0,21.72,7,0,20,0.0816500000158946,0.4666666666666667
57,Block,3,59,19,0,1,Left,2.8709000000953675,,,6,0,7.759799999952317,0,2,1.1502999999523162,1.979900000095368,0,21,Female,1,24.0,74.0,17.759999999999998,25.0,64.0,16.0,-1.0,10.0,1.759999999999998,5,0,19,0.2932999999920527,0.4666666666666667
57,Block,3,51,24,1,0,Left,1.6262999999523162,,,6,0,6.676100000143051,0,1,2.948799999952316,3.698699999809265,0,21,Female,1,7.0,96.0,6.72,37.0,66.0,24.42,-30.0,30.0,-17.700000000000003,0,1,11,0.1126833333571751,0.4666666666666667
57,Block,3,41,25,1,0,Right,1.7736000001430512,,,6,0,6.180299999952316,0,2,1.4365,2.5210999999046324,0,21,Female,1,52.0,96.0,49.92,55.0,83.0,45.65,-3.0,13.0,4.270000000000003,5,0,1,0.0300499999920527,0.4666666666666667
57,Block,3,44,28,0,1,Right,1.5321000001430511,,,6,0,6.785600000143051,0,2,1.5105,2.373700000047684,0,21,Female,1,11.0,72.0,7.92,33.0,45.0,14.85,-22.0,27.0,-6.93,1,1,4,0.1309333333571752,0.4666666666666667
57,Block,3,43,3,1,0,Left,2.946100000143052,,,6,0,7.634700000047684,0,3,1.4412999999523164,2.603699999809265,0,21,Female,2,76.0,72.0,54.72,99.0,48.0,47.52,-23.0,24.0,7.200000000000003,6,1,3,0.2724500000079473,0.4666666666666667
57,Block,3,58,34,1,0,Left,3.7784000000953673,,,6,0,7.7315,0,2,1.191,1.9385999999046328,0,21,Female,1,27.0,60.0,16.2,36.0,41.0,14.76,-9.0,19.0,1.4399999999999995,4,1,18,0.2885833333333332,0.4666666666666667
57,Block,3,47,35,0,1,Left,2.2059000000953675,,,6,0,5.814400000095367,0,2,1.525399999856949,2.5285,0,21,Female,1,36.0,37.0,13.32,51.0,10.0,5.1000000000000005,-15.0,27.0,8.219999999999999,6,0,7,0.0309333333174387,0.4666666666666667
57,Block,3,48,36,0,1,Left,3.248,,,6,0,7.134300000190735,0,2,1.3105,2.2499000000953675,0,21,Female,1,75.0,31.0,23.25,96.0,14.0,13.44,-21.0,17.0,9.81,7,0,8,0.1890500000317891,0.4666666666666667
57,Block,3,46,39,0,1,Right,3.876700000047684,,,6,0,5.858599999904633,0,2,1.3602000000476837,2.1278000001907347,0,21,Female,1,36.0,68.0,24.48,55.0,48.0,26.4,-19.0,20.0,-1.9199999999999984,2,1,6,0.0235666666825612,0.4666666666666667
57,Block,3,50,42,1,0,Right,3.910299999952316,,,6,0,8.617299999952316,0,2,1.6642999999523165,2.511200000047684,0,21,Female,1,50.0,89.0,44.5,66.0,67.0,44.220000000000006,-16.0,22.0,0.279999999999994,4,0,10,0.4362166666587193,0.4666666666666667
57,Block,3,55,43,1,0,Left,1.6685999999046326,,,6,0,7.649900000095368,0,2,0.919,1.6965,0,21,Female,1,17.0,73.0,12.41,42.0,63.0,26.46,-25.0,10.0,-14.05,0,1,15,0.274983333349228,0.4666666666666667
57,Block,3,54,46,0,1,Left,2.5355,,,6,0,8.102599999904633,0,1,1.0963000001907348,2.1241000001430512,0,21,Female,1,78.0,38.0,29.64,90.0,15.0,13.5,-12.0,23.0,16.14,7,0,14,0.3504333333174389,0.4666666666666667
57,Block,3,45,50,1,0,Left,1.7752000000476835,,,6,0,7.0997999999523165,0,2,1.7237999999523164,2.494100000143052,0,21,Female,1,2.0,34.0,0.68,29.0,13.0,3.77,-27.0,21.0,-3.09,2,1,5,0.1832999999920527,0.4666666666666667
57,Block,3,49,55,0,1,Left,2.8654000000953674,,,6,0,7.204900000095368,0,2,1.7096000001430511,2.978,0,21,Female,1,35.0,92.0,32.2,41.0,81.0,33.21,-6.0,11.0,-1.009999999999998,3,0,9,0.2008166666825612,0.4666666666666667
57,Block,3,57,6,1,0,Right,3.0420999999046328,,,6,0,7.186599999904632,0,3,3.2892999999523163,4.340400000095367,0,21,Female,2,41.0,64.0,26.24,52.0,51.0,26.52,-11.0,13.0,-0.2799999999999976,3,0,17,0.197766666650772,0.4666666666666667
57,Block,3,53,60,1,0,Left,2.633200000047684,,,6,0,5.731700000047684,0,1,1.200300000190735,2.318300000190735,0,21,Female,1,56.0,75.0,42.0,81.0,74.0,59.94,-25.0,1.0,-17.939999999999998,0,1,13,0.0447166666587193,0.4666666666666667
57,Block,1,20,12,1,0,Right,1.7194000000953675,,,8,0,8.227599999904633,0,1,1.2789000000953674,1.9958000001907348,0,21,Female,1,72.0,98.0,70.56,73.0,77.0,56.21,-1.0,21.0,14.35,7,0,20,0.0284499999880791,0.4666666666666667
57,Block,1,8,13,1,0,Right,1.997400000095368,,,8,0,9.557800000190737,0,2,4.499299999952316,5.297400000095368,0,21,Female,1,73.0,49.0,35.77,81.0,42.0,34.02,-8.0,7.0,1.75,4,0,8,0.194725000023842,0.4666666666666667
57,Block,1,11,15,1,0,Left,2.085800000190735,,,8,0,12.687899999856947,0,2,2.007600000143051,3.0573000001907347,0,21,Female,1,36.0,75.0,27.0,52.0,61.0,31.72,-16.0,14.0,-4.719999999999999,2,1,11,0.5859874999821184,0.4666666666666667
57,Block,1,14,16,0,1,Left,2.490200000047684,,,8,0,13.176,0,2,3.767100000143051,4.681600000143051,0,21,Female,1,23.0,12.0,2.76,26.0,6.0,1.56,-3.0,6.0,1.1999999999999995,4,0,14,0.647,0.4666666666666667
57,Block,1,2,17,0,1,Right,2.1007999999523164,,,8,0,7.497,0,3,4.548799999952316,5.989700000047684,0,21,Female,2,31.0,38.0,11.78,46.0,29.0,13.34,-15.0,9.0,-1.5600000000000005,3,1,2,0.062875,0.4666666666666667
57,Block,1,5,2,1,0,Left,3.247900000095368,,,8,0,9.410899999856948,0,2,2.7964000000953675,3.481,0,21,Female,1,40.0,63.0,25.2,57.0,58.0,33.059999999999995,-17.0,5.0,-7.859999999999996,1,1,5,0.1763624999821185,0.4666666666666667
57,Block,1,4,21,1,0,Right,3.433700000047684,,,8,0,8.329200000047683,0,3,2.3725,3.273199999809265,0,21,Female,2,26.0,59.0,15.34,36.0,33.0,11.88,-10.0,26.0,3.459999999999999,5,0,4,0.0411500000059603,0.4666666666666667
57,Block,1,15,22,1,0,Right,2.606,,,8,0,10.085799999952316,0,3,1.932400000095368,2.7657999999523164,0,21,Female,2,24.0,95.0,22.8,53.0,71.0,37.63,-29.0,24.0,-14.829999999999998,0,0,15,0.2607249999940395,0.4666666666666667
57,Block,1,9,32,1,0,Right,1.8161000001430512,,,8,0,13.319400000095367,0,1,3.9500999999046327,4.938799999952316,0,21,Female,1,59.0,31.0,18.29,60.0,1.0,0.6,-1.0,30.0,17.689999999999998,7,0,9,0.6649250000119209,0.4666666666666667
57,Block,1,3,33,1,0,Left,2.5382999999523164,,,8,0,7.567299999952317,0,3,1.942699999809265,2.8760999999046324,0,21,Female,2,57.0,51.0,29.07,62.0,48.0,29.76,-5.0,3.0,-0.6899999999999977,3,1,3,0.0540875000059604,0.4666666666666667
57,Block,1,13,4,0,1,Left,3.893799999952316,,,8,0,8.414300000190735,0,2,2.0795,2.8635,0,21,Female,1,72.0,82.0,59.04,73.0,81.0,59.13,-1.0,1.0,-0.0900000000000034,3,0,13,0.0517875000238419,0.4666666666666667
57,Block,1,19,44,1,0,Left,2.512299999952316,,,8,0,10.255700000047684,0,2,2.642800000190735,3.3595,0,21,Female,1,19.0,86.0,16.34,45.0,71.0,31.95,-26.0,15.0,-15.61,0,1,19,0.2819625000059604,0.4666666666666667
57,Block,1,17,47,1,0,Right,2.0512999999523163,,,8,0,9.003099999904633,0,2,4.266,5.117799999952316,0,21,Female,1,68.0,30.0,20.4,89.0,16.0,14.24,-21.0,14.0,6.159999999999998,6,0,17,0.125387499988079,0.4666666666666667
57,Block,1,18,48,0,1,Right,2.480900000095368,,,8,0,14.517800000190736,0,3,1.843400000095368,3.4867000000476835,0,21,Female,2,35.0,68.0,23.8,54.0,43.0,23.22,-19.0,25.0,0.5800000000000018,4,1,18,0.814725000023842,0.4666666666666667
57,Block,1,10,5,1,0,Right,1.5472999999523165,,,8,0,14.637299999952315,0,1,1.7051000001430512,2.707100000143051,0,21,Female,1,72.0,33.0,23.76,98.0,5.0,4.9,-26.0,28.0,18.86,7,0,10,0.8296624999940394,0.4666666666666667
57,Block,1,16,51,1,0,Right,2.0395,,,8,0,16.16760000014305,0,1,6.601,7.431900000095367,0,21,Female,1,41.0,94.0,38.54,48.0,70.0,33.599999999999994,-7.0,24.0,4.940000000000005,5,0,16,1.0209500000178813,0.4666666666666667
57,Block,1,12,56,0,1,Left,2.334100000143051,,,8,0,12.5615,0,2,1.6561000001430513,2.775400000095368,0,21,Female,1,62.0,34.0,21.08,86.0,15.0,12.9,-24.0,19.0,8.180000000000001,6,0,12,0.5701875000000001,0.4666666666666667
57,Block,1,6,57,1,0,Left,3.4987999999523165,,,8,0,11.370299999952316,0,2,2.057700000047684,3.4494000000953675,0,21,Female,1,59.0,94.0,55.46,86.0,89.0,76.54,-27.0,5.0,-21.080000000000013,0,1,6,0.4212874999940394,0.4666666666666667
57,Block,1,7,58,1,0,Left,2.474399999856949,,,8,0,8.969,0,2,1.6047000000476837,2.5031000001430512,0,21,Female,1,36.0,54.0,19.44,48.0,53.0,25.44,-12.0,1.0,-6.0,1,1,7,0.1211249999999999,0.4666666666666667
57,Block,1,1,59,1,0,Left,1.6830999999046323,,,8,0,5.704099999904632,0,3,3.275,4.196600000143051,0,21,Female,2,8.0,64.0,5.12,25.0,34.0,8.5,-17.0,30.0,-3.38,2,1,1,0.2869875000119209,0.4666666666666667
57,Block,2,37,10,1,0,Left,2.2145,,,10,0,11.640700000047683,0,1,1.6487000000476837,2.648899999856949,0,21,Female,1,5.0,55.0,2.75,35.0,36.0,12.6,-30.0,19.0,-9.85,1,1,17,0.1640700000047683,0.4666666666666667
57,Block,2,36,11,0,1,Left,4.078,,,10,0,9.393200000047685,0,2,1.279,2.1791999998092653,0,21,Female,1,72.0,85.0,61.2,86.0,66.0,56.760000000000005,-14.0,19.0,4.439999999999991,5,0,16,0.0606799999952315,0.4666666666666667
57,Block,2,40,14,1,0,Left,2.832200000047684,,,10,0,7.6045,0,2,2.4227999999523164,3.2206999998092654,0,21,Female,1,33.0,61.0,20.13,51.0,44.0,22.44,-18.0,17.0,-2.3100000000000023,2,1,20,0.23955,0.4666666666666667
57,Block,2,38,20,0,1,Left,4.587799999952316,,,10,0,9.7155,0,3,1.9095999999046325,2.799,0,21,Female,2,35.0,24.0,8.4,65.0,14.0,9.1,-30.0,10.0,-0.7000000000000011,3,0,18,0.0284499999999999,0.4666666666666667
57,Block,2,25,23,0,1,Left,2.655200000047684,,,10,0,11.649700000047684,0,2,3.5607999999523163,4.501200000047684,0,21,Female,1,52.0,36.0,18.72,63.0,27.0,17.01,-11.0,9.0,1.7099999999999973,4,0,5,0.1649700000047683,0.4666666666666667
57,Block,2,32,26,0,1,Left,2.3454000000953674,,,10,0,8.092299999952317,0,1,1.721199999809265,2.762,0,21,Female,1,95.0,74.0,70.3,97.0,49.0,47.53,-2.0,25.0,22.77,7,0,12,0.1907700000047683,0.4666666666666667
57,Block,2,23,27,1,0,Right,1.711,,,10,0,16.375899999856948,0,2,2.7185999999046326,3.5582999999523164,0,21,Female,1,18.0,49.0,8.82,23.0,29.0,6.67,-5.0,20.0,2.1500000000000004,5,0,3,0.6375899999856948,0.4666666666666667
57,Block,2,34,29,1,0,Right,1.7469000000953674,,,10,0,9.464400000095369,0,1,1.1078999998569488,2.1145999999046325,0,21,Female,1,64.0,32.0,20.48,69.0,4.0,2.76,-5.0,28.0,17.72,7,0,14,0.0535599999904631,0.4666666666666667
57,Block,2,24,30,1,0,Left,1.8993999998569489,,,10,0,9.418900000095368,0,2,1.9,2.8055999999046324,0,21,Female,1,71.0,82.0,58.22,80.0,78.0,62.400000000000006,-9.0,4.0,-4.180000000000007,2,1,4,0.0581099999904632,0.4666666666666667
57,Block,2,21,31,0,1,Right,2.2855,,,10,0,9.078100000143053,0,2,4.016199999809265,4.9842999999523165,0,21,Female,1,59.0,23.0,13.57,74.0,22.0,16.28,-15.0,1.0,-2.710000000000001,2,1,1,0.0921899999856947,0.4666666666666667
57,Block,2,39,40,0,1,Right,2.144700000047684,,,10,0,8.295,0,2,4.180300000190734,5.143800000190735,0,21,Female,1,30.0,41.0,12.3,60.0,35.0,21.0,-30.0,6.0,-8.700000000000001,1,1,19,0.1705,0.4666666666666667
57,Block,2,31,41,0,1,Left,1.7308000001907349,,,10,0,6.727199999809265,0,1,4.697,5.730799999952317,0,21,Female,1,35.0,40.0,14.0,48.0,10.0,4.800000000000001,-13.0,30.0,9.2,6,0,11,0.3272800000190735,0.4666666666666667
57,Block,2,35,49,0,1,Right,2.9545999999046324,,,10,0,11.062400000095368,0,2,2.435699999809265,3.4035,0,21,Female,1,69.0,87.0,60.03,99.0,86.0,85.14,-30.0,1.0,-25.11,0,1,15,0.1062400000095367,0.4666666666666667
57,Block,2,28,52,0,1,Left,4.556200000047684,,,10,0,9.011099999904632,0,3,1.0726000001430511,1.8205,0,21,Female,2,62.0,92.0,57.04,83.0,62.0,51.46,-21.0,30.0,5.579999999999998,5,0,8,0.0988900000095368,0.4666666666666667
57,Block,2,30,53,1,0,Right,2.7705999999046327,,,10,0,4.706900000095367,0,2,2.368,3.5515999999046324,0,21,Female,1,69.0,28.0,19.32,81.0,23.0,18.630000000000003,-12.0,5.0,0.6899999999999977,4,0,10,0.5293099999904632,0.4666666666666667
57,Block,2,33,54,1,0,Left,3.650400000095368,,,10,0,5.451900000095368,0,2,1.196100000143051,2.017,0,21,Female,1,47.0,37.0,17.39,77.0,23.0,17.71,-30.0,14.0,-0.3200000000000003,3,1,13,0.4548099999904632,0.4666666666666667
57,Block,2,29,9,1,0,Right,3.5005999999046327,,,10,0,8.353300000190735,0,2,2.347700000047684,3.568600000143052,0,21,Female,1,39.0,66.0,25.74,40.0,50.0,20.0,-1.0,16.0,5.740000000000002,6,0,9,0.1646699999809264,0.4666666666666667
58,Block,1,16,1,1,0,Left,3.866699999988079,,,6,0,4.068699999988079,0,2,1.257600000023842,1.762,0,41,Female,1,18.0,44.0,7.92,40.0,39.0,15.6,-22.0,5.0,-7.6800000000000015,1,1,16,0.3218833333353202,0.1833333333333333
58,Block,1,2,18,0,1,Left,1.4898999999761582,,,6,0,6.726199999988079,0,2,1.918199999988079,2.358600000023842,0,41,Female,1,73.0,32.0,23.36,82.0,2.0,1.64,-9.0,30.0,21.72,7,0,2,0.1210333333313465,0.1833333333333333
58,Block,1,8,19,1,0,Right,1.381699999988079,,,6,0,7.010300000011921,0,2,1.108699999988079,1.564899999976158,0,41,Female,1,24.0,74.0,17.759999999999998,25.0,64.0,16.0,-1.0,10.0,1.759999999999998,5,0,8,0.1683833333353201,0.1833333333333333
58,Block,1,5,24,0,1,Left,1.351800000011921,,,6,0,6.5411000000238415,0,2,0.9768000000119208,1.465699999988079,0,41,Female,1,7.0,96.0,6.72,37.0,66.0,24.42,-30.0,30.0,-17.700000000000003,0,0,5,0.0901833333373069,0.1833333333333333
58,Block,1,13,25,1,0,Right,2.6728000000119208,,,6,0,6.582199999988079,0,2,0.6154000000357628,1.343800000011921,0,41,Female,1,52.0,96.0,49.92,55.0,83.0,45.65,-3.0,13.0,4.270000000000003,5,0,13,0.0970333333313465,0.1833333333333333
58,Block,1,1,28,0,1,Left,1.841,,,6,0,6.093600000023842,0,2,1.9098000000119209,2.558200000047684,0,41,Female,1,11.0,72.0,7.92,33.0,45.0,14.85,-22.0,27.0,-6.93,1,0,1,0.0156000000039736,0.1833333333333333
58,Block,1,3,3,0,1,Left,1.6936000000238418,,,6,0,4.99,0,2,0.8727999999523163,1.3601999999880792,0,41,Female,1,76.0,72.0,54.72,99.0,48.0,47.52,-23.0,24.0,7.200000000000003,6,0,3,0.1683333333333333,0.1833333333333333
58,Block,1,20,34,0,1,Left,2.122199999988079,,,6,0,4.947699999988079,0,2,0.719300000011921,1.439699999988079,0,41,Female,1,27.0,60.0,16.2,36.0,41.0,14.76,-9.0,19.0,1.4399999999999995,4,0,20,0.1753833333353201,0.1833333333333333
58,Block,1,10,35,1,0,Right,1.9744000000357629,,,6,0,6.604100000023842,0,2,1.6468999999761582,2.728099999964237,0,41,Female,1,36.0,37.0,13.32,51.0,10.0,5.1000000000000005,-15.0,27.0,8.219999999999999,6,0,10,0.100683333337307,0.1833333333333333
58,Block,1,4,36,1,0,Right,1.981700000047684,,,6,0,5.3275,0,2,1.908799999952316,2.534599999964237,0,41,Female,1,75.0,31.0,23.25,96.0,14.0,13.44,-21.0,17.0,9.81,7,0,4,0.1120833333333333,0.1833333333333333
58,Block,1,15,37,1,0,Right,1.5401000000238418,,,6,0,7.982600000023842,0,2,2.031,2.431700000047684,0,41,Female,1,48.0,35.0,16.799999999999997,61.0,19.0,11.59,-13.0,16.0,5.209999999999997,5,0,15,0.330433333337307,0.1833333333333333
58,Block,1,6,42,0,1,Left,3.11319999998808,,,6,0,7.042,0,2,0.6281999999880791,1.308300000011921,0,41,Female,1,50.0,89.0,44.5,66.0,67.0,44.220000000000006,-16.0,22.0,0.279999999999994,4,0,6,0.1736666666666666,0.1833333333333333
58,Block,1,7,43,1,0,Right,1.6045999999642373,,,6,0,6.950599999964237,0,2,2.50019999998808,5.6285,0,41,Female,1,17.0,73.0,12.41,42.0,63.0,26.46,-25.0,10.0,-14.05,0,0,7,0.1584333333273728,0.1833333333333333
58,Block,1,14,50,0,1,Left,2.1058999999761583,,,6,0,5.915899999976158,0,2,0.781699999988079,1.437100000023842,0,41,Female,1,2.0,34.0,0.68,29.0,13.0,3.77,-27.0,21.0,-3.09,2,0,14,0.0140166666706402,0.1833333333333333
58,Block,1,11,55,1,0,Right,1.3655999999642372,,,6,0,6.104699999988079,0,2,2.027199999988079,2.699,0,41,Female,1,35.0,92.0,32.2,41.0,81.0,33.21,-6.0,11.0,-1.009999999999998,3,0,11,0.0174499999980131,0.1833333333333333
58,Block,1,9,6,1,0,Right,1.4962000000476836,,,6,0,8.121199999988079,0,2,1.8041999999880791,10.26930000001192,0,41,Female,1,41.0,64.0,26.24,52.0,51.0,26.52,-11.0,13.0,-0.2799999999999976,3,0,9,0.3535333333313464,0.1833333333333333
58,Block,1,12,60,1,0,Left,2.827800000011921,,,6,0,5.979699999988079,0,2,1.2925999999642372,1.7570999999642372,0,41,Female,1,56.0,75.0,42.0,81.0,74.0,59.94,-25.0,1.0,-17.939999999999998,0,1,12,0.0033833333353201,0.1833333333333333
58,Block,1,18,7,0,1,Right,2.568899999976158,,,6,0,3.647899999976158,0,2,0.8473999999761581,1.375,0,41,Female,1,61.0,62.0,37.82,69.0,61.0,42.09,-8.0,1.0,-4.269999999999996,2,1,18,0.3920166666706403,0.1833333333333333
58,Block,3,50,12,0,1,Left,2.162699999988079,,,8,0,11.077200000047684,0,1,1.077800000011921,1.614300000011921,0,41,Female,1,72.0,98.0,70.56,73.0,77.0,56.21,-1.0,21.0,14.35,7,0,10,0.3846500000059605,0.1833333333333333
58,Block,3,45,15,1,0,Right,2.586600000023842,,,8,0,5.482399999976158,0,2,1.240600000023842,1.7695,0,41,Female,1,36.0,75.0,27.0,52.0,61.0,31.72,-16.0,14.0,-4.719999999999999,2,0,5,0.3147000000029802,0.1833333333333333
58,Block,3,46,16,1,0,Right,4.076700000047683,,,8,0,7.5135,0,2,0.9845,1.593,0,41,Female,1,23.0,12.0,2.76,26.0,6.0,1.56,-3.0,6.0,1.1999999999999995,4,0,6,0.0608125,0.1833333333333333
58,Block,3,59,17,1,0,Right,2.562199999988079,,,8,0,8.429399999976159,0,2,1.5226000000238418,2.0264000000357627,0,41,Female,1,31.0,38.0,11.78,46.0,29.0,13.34,-15.0,9.0,-1.5600000000000005,3,0,19,0.0536749999970198,0.1833333333333333
58,Block,3,44,2,1,0,Left,4.261,,,8,0,9.280600000023842,0,2,1.0625,1.7285,0,41,Female,1,40.0,63.0,25.2,57.0,58.0,33.059999999999995,-17.0,5.0,-7.859999999999996,1,1,4,0.1600750000029802,0.1833333333333333
58,Block,3,43,21,1,0,Right,3.855,,,8,0,7.430800000011921,0,2,1.2695,1.782300000011921,0,41,Female,1,26.0,59.0,15.34,36.0,33.0,11.88,-10.0,26.0,3.459999999999999,5,0,3,0.0711499999985099,0.1833333333333333
58,Block,3,47,22,1,0,Right,2.8741000000238417,,,8,0,10.232399999976158,0,2,1.377199999988079,1.9128999999761584,0,41,Female,1,24.0,95.0,22.8,53.0,71.0,37.63,-29.0,24.0,-14.829999999999998,0,0,7,0.2790499999970197,0.1833333333333333
58,Block,3,42,32,0,1,Left,2.292800000011921,,,8,0,10.8795,0,1,0.7628000000119209,1.2680999999642373,0,41,Female,1,59.0,31.0,18.29,60.0,1.0,0.6,-1.0,30.0,17.689999999999998,7,0,2,0.3599375,0.1833333333333333
58,Block,3,49,33,1,0,Right,5.6885,,,8,0,10.04269999998808,0,3,1.370300000011921,2.187399999976158,0,41,Female,2,57.0,51.0,29.07,62.0,48.0,29.76,-5.0,3.0,-0.6899999999999977,3,0,9,0.2553374999985101,0.1833333333333333
58,Block,3,51,4,0,1,Left,6.6675,,,8,0,8.708199999988079,0,4,3.9648999999761583,4.813699999988079,0,41,Female,3,72.0,82.0,59.04,73.0,81.0,59.13,-1.0,1.0,-0.0900000000000034,3,0,11,0.0885249999985098,0.1833333333333333
58,Block,3,56,44,1,0,Right,7.513400000035762,,,8,0,7.575600000023842,0,4,0.9615999999642372,1.4967999999523165,0,41,Female,3,19.0,86.0,16.34,45.0,71.0,31.95,-26.0,15.0,-15.61,0,0,16,0.0530499999970197,0.1833333333333333
58,Block,3,58,47,1,0,Right,1.9951999999880792,,,8,0,7.1123000000119205,0,3,6.082299999952316,6.858899999976158,0,41,Female,2,68.0,30.0,20.4,89.0,16.0,14.24,-21.0,14.0,6.159999999999998,6,0,18,0.1109624999985099,0.1833333333333333
58,Block,3,41,48,0,1,Left,1.782300000011921,,,8,0,4.969300000011921,0,2,2.0865,2.774100000023842,0,41,Female,1,35.0,68.0,23.8,54.0,43.0,23.22,-19.0,25.0,0.5800000000000018,4,0,1,0.3788374999985099,0.1833333333333333
58,Block,3,60,5,1,0,Right,1.4738999999761582,,,8,0,9.511399999976158,0,2,1.4545,1.949,0,41,Female,1,72.0,33.0,23.76,98.0,5.0,4.9,-26.0,28.0,18.86,7,0,20,0.1889249999970197,0.1833333333333333
58,Block,3,53,51,1,0,Right,2.15,,,8,0,8.0125,0,2,2.5025,2.957100000023842,0,41,Female,1,41.0,94.0,38.54,48.0,70.0,33.599999999999994,-7.0,24.0,4.940000000000005,5,0,13,0.0015624999999999,0.1833333333333333
58,Block,3,48,56,1,0,Right,1.8310999999642368,,,8,0,8.111,0,2,1.208,1.6892999999523164,0,41,Female,1,62.0,34.0,21.08,86.0,15.0,12.9,-24.0,19.0,8.180000000000001,6,0,8,0.013875,0.1833333333333333
58,Block,3,54,57,0,1,Right,3.243699999988079,,,8,0,9.396399999976158,0,2,1.974,2.637100000023842,0,41,Female,1,59.0,94.0,55.46,86.0,89.0,76.54,-27.0,5.0,-21.080000000000013,0,1,14,0.1745499999970197,0.1833333333333333
58,Block,3,55,58,0,1,Right,4.097099999964237,,,8,0,8.688100000023843,0,2,2.6183000000119208,3.074200000047684,0,41,Female,1,36.0,54.0,19.44,48.0,53.0,25.44,-12.0,1.0,-6.0,1,1,15,0.0860125000029803,0.1833333333333333
58,Block,3,57,59,0,1,Left,4.497300000011921,,,8,0,11.54469999998808,0,3,3.218300000011921,3.7538000000119207,0,41,Female,2,8.0,64.0,5.12,25.0,34.0,8.5,-17.0,30.0,-3.38,2,0,17,0.4430874999985099,0.1833333333333333
58,Block,2,26,10,0,1,Left,2.592,,,10,0,10.869599999964237,0,3,2.5445,3.080199999988079,0,41,Female,2,5.0,55.0,2.75,35.0,36.0,12.6,-30.0,19.0,-9.85,1,0,6,0.0869599999964236,0.1833333333333333
58,Block,2,22,11,1,0,Right,3.783099999964237,,,10,0,11.08,0,2,1.2205,1.700600000023842,0,41,Female,1,72.0,85.0,61.2,86.0,66.0,56.760000000000005,-14.0,19.0,4.439999999999991,5,0,2,0.108,0.1833333333333333
58,Block,2,35,14,1,0,Right,5.011800000011921,,,10,0,16.280299999952316,0,2,1.2235,1.785199999988079,0,41,Female,1,33.0,61.0,20.13,51.0,44.0,22.44,-18.0,17.0,-2.3100000000000023,2,0,15,0.6280299999952316,0.1833333333333333
58,Block,2,37,20,0,1,Left,3.919700000047684,,,10,0,10.9435,0,2,1.170199999988079,1.634100000023842,0,41,Female,1,35.0,24.0,8.4,65.0,14.0,9.1,-30.0,10.0,-0.7000000000000011,3,0,17,0.09435,0.1833333333333333
58,Block,2,39,23,0,1,Left,5.009099999964238,,,10,0,5.1995,0,3,1.7685,2.3616999999880792,0,41,Female,2,52.0,36.0,18.72,63.0,27.0,17.01,-11.0,9.0,1.7099999999999973,4,0,19,0.48005,0.1833333333333333
58,Block,2,36,26,1,0,Right,2.5557999999523164,,,10,0,6.177199999988079,0,2,0.983399999976158,1.4166999999880792,0,41,Female,1,95.0,74.0,70.3,97.0,49.0,47.53,-2.0,25.0,22.77,7,0,16,0.3822800000011921,0.1833333333333333
58,Block,2,33,27,0,1,Left,1.9685999999642367,,,10,0,12.488100000023842,0,3,1.2279000000357627,1.853,0,41,Female,2,18.0,49.0,8.82,23.0,29.0,6.67,-5.0,20.0,2.1500000000000004,5,0,13,0.2488100000023841,0.1833333333333333
58,Block,2,28,29,1,0,Right,2.094699999988079,,,10,0,12.2935,0,2,0.5756999999880791,1.039300000011921,0,41,Female,1,64.0,32.0,20.48,69.0,4.0,2.76,-5.0,28.0,17.72,7,0,8,0.22935,0.1833333333333333
58,Block,2,25,31,1,0,Left,5.666899999976158,,,10,0,7.809399999976158,0,4,3.8765,4.564799999952316,0,41,Female,3,59.0,23.0,13.57,74.0,22.0,16.28,-15.0,1.0,-2.710000000000001,2,1,5,0.2190600000023842,0.1833333333333333
58,Block,2,31,38,0,1,Left,3.354,,,10,0,10.85480000001192,0,2,11.407799999952315,12.079,0,41,Female,1,43.0,54.0,23.22,63.0,45.0,28.35,-20.0,9.0,-5.129999999999999,1,0,11,0.085480000001192,0.1833333333333333
58,Block,2,27,40,1,0,Left,6.341400000035763,,,10,0,6.658599999964237,0,3,0.6623999999761582,1.143699999988079,0,41,Female,2,30.0,41.0,12.3,60.0,35.0,21.0,-30.0,6.0,-8.700000000000001,1,1,7,0.3341400000035762,0.1833333333333333
58,Block,2,32,41,0,1,Left,1.8805,,,10,0,9.361599999964238,0,2,1.160300000011921,1.7045,0,41,Female,1,35.0,40.0,14.0,48.0,10.0,4.800000000000001,-13.0,30.0,9.2,6,0,12,0.0638400000035762,0.1833333333333333
58,Block,2,23,45,0,1,Right,3.417600000023842,,,10,0,12.626200000047684,0,2,1.6124000000357628,2.085300000011921,0,41,Female,1,52.0,92.0,47.84,72.0,91.0,65.52,-20.0,1.0,-17.679999999999993,0,1,3,0.2626200000047684,0.1833333333333333
58,Block,2,40,49,1,0,Left,3.3747999999523164,,,10,0,6.927900000035763,0,2,1.3816000000238418,2.1985,0,41,Female,1,69.0,87.0,60.03,99.0,86.0,85.14,-30.0,1.0,-25.11,0,1,20,0.3072099999964237,0.1833333333333333
58,Block,2,29,52,1,0,Right,2.0691999999880792,,,10,0,10.970900000035762,0,2,1.557199999988079,2.2043999999761583,0,41,Female,1,62.0,92.0,57.04,83.0,62.0,51.46,-21.0,30.0,5.579999999999998,5,0,9,0.0970900000035761,0.1833333333333333
58,Block,2,30,53,0,1,Left,4.238899999976158,,,10,0,6.236800000011921,0,3,0.6225999999642372,1.1915,0,41,Female,2,69.0,28.0,19.32,81.0,23.0,18.630000000000003,-12.0,5.0,0.6899999999999977,4,0,10,0.3763199999988079,0.1833333333333333
58,Block,2,34,54,0,1,Left,3.2646999999880792,,,10,0,10.122299999952316,0,3,2.603800000011921,3.332699999988079,0,41,Female,2,47.0,37.0,17.39,77.0,23.0,17.71,-30.0,14.0,-0.3200000000000003,3,0,14,0.0122299999952316,0.1833333333333333
58,Block,2,24,8,1,0,Right,1.8166000000238416,,,10,0,8.6795,0,2,1.492399999976158,3.3025,0,41,Female,1,65.0,49.0,31.85,71.0,33.0,23.43,-6.0,16.0,8.419999999999998,6,0,4,0.1320499999999999,0.1833333333333333
58,Block,2,21,9,1,0,Right,2.493699999988079,,,10,0,9.642399999976158,0,2,1.848699999988079,2.393100000023842,0,41,Female,1,39.0,66.0,25.74,40.0,50.0,20.0,-1.0,16.0,5.740000000000002,6,0,1,0.0357600000023842,0.1833333333333333
59,Block,1,7,1,0,1,Right,2.60259999999404,,,6,0,2.98159999999404,0,1,1.4895999999940397,2.4607000000029804,1,22,Female,1,18.0,44.0,7.92,40.0,39.0,15.6,-22.0,5.0,-7.6800000000000015,1,1,7,0.50306666666766,0.4833333333333333
59,Block,1,2,18,1,0,Right,2.42,,,6,0,3.61,0,1,3.95109999999404,5.8705,1,22,Female,1,73.0,32.0,23.36,82.0,2.0,1.64,-9.0,30.0,21.72,7,0,2,0.3983333333333334,0.4833333333333333
59,Block,1,3,19,0,1,Left,2.01570000000298,,,6,0,4.07589999999106,0,1,1.518300000011921,2.6361000000089407,1,22,Female,1,24.0,74.0,17.759999999999998,25.0,64.0,16.0,-1.0,10.0,1.759999999999998,5,0,3,0.3206833333348233,0.4833333333333333
59,Block,1,18,24,1,0,Left,4.779,,,6,0,0.9087000000029802,0,1,1.5452999999970198,2.5414000000059604,1,22,Female,1,7.0,96.0,6.72,37.0,66.0,24.42,-30.0,30.0,-17.700000000000003,0,1,18,0.8485499999995033,0.4833333333333333
59,Block,1,11,25,1,0,Right,2.28229999999702,,,6,0,2.56370000000298,0,1,1.5355,2.33279999999702,1,22,Female,1,52.0,96.0,49.92,55.0,83.0,45.65,-3.0,13.0,4.270000000000003,5,0,11,0.5727166666661699,0.4833333333333333
59,Block,1,4,28,0,1,Left,2.3855,,,6,0,4.76229999999702,0,1,21.06910000000894,25.185,1,22,Female,1,11.0,72.0,7.92,33.0,45.0,14.85,-22.0,27.0,-6.93,1,0,4,0.20628333333383,0.4833333333333333
59,Block,1,15,3,1,0,Left,2.6939000000059603,,,6,0,1.48,0,1,1.65,2.4385999999940395,1,22,Female,1,76.0,72.0,54.72,99.0,48.0,47.52,-23.0,24.0,7.200000000000003,6,1,15,0.7533333333333333,0.4833333333333333
59,Block,1,14,34,0,1,Left,3.82709999999404,,,6,0,1.39379999999702,0,1,1.2783999999910594,2.29409999999404,1,22,Female,1,27.0,60.0,16.2,36.0,41.0,14.76,-9.0,19.0,1.4399999999999995,4,0,14,0.7677000000004967,0.4833333333333333
59,Block,1,9,35,0,1,Left,2.8117000000029804,,,6,0,3.271,0,1,1.7226000000089408,3.263,1,22,Female,1,36.0,37.0,13.32,51.0,10.0,5.1000000000000005,-15.0,27.0,8.219999999999999,6,0,9,0.4548333333333333,0.4833333333333333
59,Block,1,16,36,1,0,Right,2.0759000000059604,,,6,0,3.53029999999702,0,1,1.9688999999910592,2.82879999999702,1,22,Female,1,75.0,31.0,23.25,96.0,14.0,13.44,-21.0,17.0,9.81,7,0,16,0.4116166666671633,0.4833333333333333
59,Block,1,10,37,0,1,Left,2.411400000005961,,,6,0,3.0885999999940394,0,1,3.35589999999106,4.2425,1,22,Female,1,48.0,35.0,16.799999999999997,61.0,19.0,11.59,-13.0,16.0,5.209999999999997,5,0,10,0.4852333333343268,0.4833333333333333
59,Block,1,8,39,0,1,Left,2.166899999991059,,,6,0,3.52670000000298,0,1,1.8585,2.6988999999910592,1,22,Female,1,36.0,68.0,24.48,55.0,48.0,26.4,-19.0,20.0,-1.9199999999999984,2,0,8,0.41221666666617,0.4833333333333333
59,Block,1,5,42,0,1,Left,2.5251000000089405,,,6,0,4.131400000005961,0,1,12.43979999999702,13.94059999999404,1,22,Female,1,50.0,89.0,44.5,66.0,67.0,44.220000000000006,-16.0,22.0,0.279999999999994,4,0,5,0.3114333333323398,0.4833333333333333
59,Block,1,20,43,1,0,Left,2.278,,,6,0,2.487800000011921,0,1,1.4475999999940394,2.49429999999702,1,22,Female,1,17.0,73.0,12.41,42.0,63.0,26.46,-25.0,10.0,-14.05,0,1,20,0.5853666666646798,0.4833333333333333
59,Block,1,12,46,0,1,Left,2.12909999999404,,,6,0,3.18,0,1,2.3705999999940395,3.3462000000029803,1,22,Female,1,78.0,38.0,29.64,90.0,15.0,13.5,-12.0,23.0,16.14,7,0,12,0.47,0.4833333333333333
59,Block,1,6,50,0,1,Right,2.811,,,6,0,1.891,0,1,1.5745999999940394,11.65729999999702,1,22,Female,1,2.0,34.0,0.68,29.0,13.0,3.77,-27.0,21.0,-3.09,2,1,6,0.6848333333333333,0.4833333333333333
59,Block,1,17,55,1,0,Left,2.5459000000059606,,,6,0,2.38679999999702,0,1,1.8000999999940397,2.637,1,22,Female,1,35.0,92.0,32.2,41.0,81.0,33.21,-6.0,11.0,-1.009999999999998,3,1,17,0.6022000000004967,0.4833333333333333
59,Block,1,19,6,0,1,Left,5.05390000000596,,,6,0,3.4207000000029804,0,1,1.4815,2.5644000000059606,1,22,Female,1,41.0,64.0,26.24,52.0,51.0,26.52,-11.0,13.0,-0.2799999999999976,3,0,19,0.4298833333328366,0.4833333333333333
59,Block,1,13,60,0,1,Left,2.22679999999702,,,6,0,2.83829999999702,0,1,1.5039000000059604,2.971,1,22,Female,1,56.0,75.0,42.0,81.0,74.0,59.94,-25.0,1.0,-17.939999999999998,0,0,13,0.5269500000004966,0.4833333333333333
59,Block,1,1,7,1,0,Left,2.179,,,6,0,3.45170000000298,0,1,6.60509999999404,17.39019999998808,1,22,Female,1,61.0,62.0,37.82,69.0,61.0,42.09,-8.0,1.0,-4.269999999999996,2,1,1,0.42471666666617,0.4833333333333333
59,Block,2,27,12,0,1,Left,1.3757000000029802,,,8,0,5.5845,0,1,5.22470000000298,6.61879999999702,1,22,Female,1,72.0,98.0,70.56,73.0,77.0,56.21,-1.0,21.0,14.35,7,0,7,0.3019374999999999,0.4833333333333333
59,Block,2,31,13,0,1,Right,3.21829999999702,,,8,0,3.770300000011921,0,1,2.23009999999404,15.79990000000596,1,22,Female,1,73.0,49.0,35.77,81.0,42.0,34.02,-8.0,7.0,1.75,4,1,11,0.5287124999985099,0.4833333333333333
59,Block,2,32,15,0,1,Left,2.97620000000298,,,8,0,3.67229999999702,0,1,1.8435,4.147400000005961,1,22,Female,1,36.0,75.0,27.0,52.0,61.0,31.72,-16.0,14.0,-4.719999999999999,2,0,12,0.5409625000003725,0.4833333333333333
59,Block,2,33,16,1,0,Right,1.980800000011921,,,8,0,6.23790000000596,0,1,2.2162000000029805,20.84239999999106,1,22,Female,1,23.0,12.0,2.76,26.0,6.0,1.56,-3.0,6.0,1.1999999999999995,4,0,13,0.2202624999992549,0.4833333333333333
59,Block,2,25,17,1,0,Left,5.237,,,8,0,5.524099999994039,0,1,1.4092000000029803,2.3342000000029803,1,22,Female,1,31.0,38.0,11.78,46.0,29.0,13.34,-15.0,9.0,-1.5600000000000005,3,1,5,0.3094875000007451,0.4833333333333333
59,Block,2,39,2,0,1,Left,2.3305,,,8,0,5.153,0,1,2.1725999999940395,3.1805,1,22,Female,1,40.0,63.0,25.2,57.0,58.0,33.059999999999995,-17.0,5.0,-7.859999999999996,1,0,19,0.355875,0.4833333333333333
59,Block,2,34,21,1,0,Right,2.59559999999404,,,8,0,6.463600000008941,0,1,1.7402999999970197,2.68029999999702,1,22,Female,1,26.0,59.0,15.34,36.0,33.0,11.88,-10.0,26.0,3.459999999999999,5,0,14,0.1920499999988824,0.4833333333333333
59,Block,2,36,22,0,1,Left,2.870399999991059,,,8,0,3.2844000000059603,0,1,30.828,32.027900000005964,1,22,Female,1,24.0,95.0,22.8,53.0,71.0,37.63,-29.0,24.0,-14.829999999999998,0,0,16,0.589449999999255,0.4833333333333333
59,Block,2,23,32,0,1,Left,2.57420000000298,,,8,0,7.45929999999702,0,1,11.40990000000596,12.29420000000298,1,22,Female,1,59.0,31.0,18.29,60.0,1.0,0.6,-1.0,30.0,17.689999999999998,7,0,3,0.0675875000003725,0.4833333333333333
59,Block,2,37,33,1,0,Left,2.4275,,,8,0,8.177,0,1,1.8926999999880791,2.83909999999404,1,22,Female,1,57.0,51.0,29.07,62.0,48.0,29.76,-5.0,3.0,-0.6899999999999977,3,1,17,0.0221249999999999,0.4833333333333333
59,Block,2,38,4,1,0,Left,2.29239999999106,,,8,0,4.27589999999106,0,1,2.8144000000059606,11.379300000011922,1,22,Female,1,72.0,82.0,59.04,73.0,81.0,59.13,-1.0,1.0,-0.0900000000000034,3,1,18,0.4655125000011175,0.4833333333333333
59,Block,2,35,44,1,0,Right,3.70179999999702,,,8,0,3.762,0,1,18.84129999999702,48.57570000000298,1,22,Female,1,19.0,86.0,16.34,45.0,71.0,31.95,-26.0,15.0,-15.61,0,0,15,0.5297499999999999,0.4833333333333333
59,Block,2,29,47,1,0,Right,4.4505,,,8,0,4.008,0,1,1.6115,2.604,1,22,Female,1,68.0,30.0,20.4,89.0,16.0,14.24,-21.0,14.0,6.159999999999998,6,0,9,0.499,0.4833333333333333
59,Block,2,28,48,1,0,Right,1.6638999999910593,,,8,0,5.9835,0,1,1.3745,2.354600000008941,1,22,Female,1,35.0,68.0,23.8,54.0,43.0,23.22,-19.0,25.0,0.5800000000000018,4,0,8,0.2520624999999999,0.4833333333333333
59,Block,2,21,5,0,1,Right,2.4529000000059606,,,8,0,4.266800000011921,0,1,5.9085,7.349400000005961,1,22,Female,1,72.0,33.0,23.76,98.0,5.0,4.9,-26.0,28.0,18.86,7,1,1,0.4666499999985098,0.4833333333333333
59,Block,2,40,51,1,0,Right,2.2357000000029803,,,8,0,2.552400000005961,0,1,1.86889999999106,12.05139999999106,1,22,Female,1,41.0,94.0,38.54,48.0,70.0,33.599999999999994,-7.0,24.0,4.940000000000005,5,0,20,0.6809499999992549,0.4833333333333333
59,Block,2,30,56,0,1,Right,7.6566000000089405,,,8,0,0.8640999999940395,0,1,1.97829999999702,3.026,1,22,Female,1,62.0,34.0,21.08,86.0,15.0,12.9,-24.0,19.0,8.180000000000001,6,1,10,0.8919875000007451,0.4833333333333333
59,Block,2,22,57,0,1,Right,3.2155,,,8,0,4.517200000002981,0,1,1.3688999999910594,2.2917000000029804,1,22,Female,1,59.0,94.0,55.46,86.0,89.0,76.54,-27.0,5.0,-21.080000000000013,0,1,2,0.4353499999996274,0.4833333333333333
59,Block,2,26,58,0,1,Right,2.569100000008941,,,8,0,3.5842000000029803,0,1,1.9252000000029803,3.29520000000298,1,22,Female,1,36.0,54.0,19.44,48.0,53.0,25.44,-12.0,1.0,-6.0,1,1,6,0.5519749999996275,0.4833333333333333
59,Block,2,24,59,1,0,Left,2.600199999988079,,,8,0,4.017400000005961,0,1,1.5564000000059606,3.0285,1,22,Female,1,8.0,64.0,5.12,25.0,34.0,8.5,-17.0,30.0,-3.38,2,1,4,0.4978249999992549,0.4833333333333333
59,Block,3,44,10,1,0,Left,3.726400000005961,,,10,0,5.221800000011921,0,1,2.3498999999910595,3.48089999999106,1,22,Female,1,5.0,55.0,2.75,35.0,36.0,12.6,-30.0,19.0,-9.85,1,1,4,0.4778199999988078,0.4833333333333333
59,Block,3,47,11,1,0,Right,5.39640000000596,,,10,0,3.93329999999702,0,1,2.22359999999404,3.47079999999702,1,22,Female,1,72.0,85.0,61.2,86.0,66.0,56.760000000000005,-14.0,19.0,4.439999999999991,5,0,7,0.606670000000298,0.4833333333333333
59,Block,3,54,14,0,1,Left,2.9335,,,10,0,6.49620000000298,0,1,1.5914000000059605,2.4679000000059603,1,22,Female,1,33.0,61.0,20.13,51.0,44.0,22.44,-18.0,17.0,-2.3100000000000023,2,0,14,0.350379999999702,0.4833333333333333
59,Block,3,55,20,0,1,Right,2.3895,,,10,0,5.71320000000298,0,1,1.99229999999702,2.99479999999702,1,22,Female,1,35.0,24.0,8.4,65.0,14.0,9.1,-30.0,10.0,-0.7000000000000011,3,1,15,0.4286799999997019,0.4833333333333333
59,Block,3,45,23,0,1,Right,1.886,,,10,0,5.11340000000596,0,1,5.023699999988079,6.076,1,22,Female,1,52.0,36.0,18.72,63.0,27.0,17.01,-11.0,9.0,1.7099999999999973,4,1,5,0.488659999999404,0.4833333333333333
59,Block,3,49,26,0,1,Right,5.39420000000298,,,10,0,4.806600000008941,0,1,1.645300000011921,2.655,1,22,Female,1,95.0,74.0,70.3,97.0,49.0,47.53,-2.0,25.0,22.77,7,1,9,0.519339999999106,0.4833333333333333
59,Block,3,43,27,1,0,Right,2.49859999999404,,,10,0,9.844699999988078,0,1,151.04459999999403,152.17089999999106,1,22,Female,1,18.0,49.0,8.82,23.0,29.0,6.67,-5.0,20.0,2.1500000000000004,5,0,3,0.0155300000011921,0.4833333333333333
59,Block,3,50,30,0,1,Left,4.154299999997019,,,10,0,7.0331000000089405,0,1,1.5155,2.7255,1,22,Female,1,71.0,82.0,58.22,80.0,78.0,62.400000000000006,-9.0,4.0,-4.180000000000007,2,0,10,0.2966899999991059,0.4833333333333333
59,Block,3,57,31,0,1,Right,1.2070999999940395,,,10,0,7.339,0,1,1.3954000000059603,2.64829999999702,1,22,Female,1,59.0,23.0,13.57,74.0,22.0,16.28,-15.0,1.0,-2.710000000000001,2,1,17,0.2660999999999999,0.4833333333333333
59,Block,3,53,38,1,0,Left,2.46679999999702,,,10,0,4.652,0,1,1.4460999999940396,2.363699999988079,1,22,Female,1,43.0,54.0,23.22,63.0,45.0,28.35,-20.0,9.0,-5.129999999999999,1,1,13,0.5347999999999999,0.4833333333333333
59,Block,3,46,40,1,0,Left,1.8019000000059604,,,10,0,6.129,0,1,3.19670000000298,4.69459999999404,1,22,Female,1,30.0,41.0,12.3,60.0,35.0,21.0,-30.0,6.0,-8.700000000000001,1,1,6,0.3871,0.4833333333333333
59,Block,3,48,41,1,0,Left,1.8904000000059604,,,10,0,9.59129999999702,0,1,2.3726000000089407,3.37529999999702,1,22,Female,1,35.0,40.0,14.0,48.0,10.0,4.800000000000001,-13.0,30.0,9.2,6,1,8,0.040870000000298,0.4833333333333333
59,Block,3,52,45,0,1,Right,1.646,,,10,0,6.29220000000298,0,1,1.501,2.52029999999702,1,22,Female,1,52.0,92.0,47.84,72.0,91.0,65.52,-20.0,1.0,-17.679999999999993,0,1,12,0.370779999999702,0.4833333333333333
59,Block,3,58,49,1,0,Left,1.7486000000089408,,,10,0,7.03459999999404,0,1,1.9415,3.04179999999702,1,22,Female,1,69.0,87.0,60.03,99.0,86.0,85.14,-30.0,1.0,-25.11,0,1,18,0.296540000000596,0.4833333333333333
59,Block,3,56,52,1,0,Right,3.09320000000298,,,10,0,7.407,0,1,2.2756000000089407,3.0799000000059604,1,22,Female,1,62.0,92.0,57.04,83.0,62.0,51.46,-21.0,30.0,5.579999999999998,5,0,16,0.2593,0.4833333333333333
59,Block,3,41,53,1,0,Left,2.0121000000089406,,,10,0,4.42720000000298,0,1,6.5076000000089405,17.597,1,22,Female,1,69.0,28.0,19.32,81.0,23.0,18.630000000000003,-12.0,5.0,0.6899999999999977,4,1,1,0.557279999999702,0.4833333333333333
59,Block,3,59,54,1,0,Left,3.691900000005961,,,10,0,8.64529999999702,0,1,1.5369000000059605,2.3381000000089407,1,22,Female,1,47.0,37.0,17.39,77.0,23.0,17.71,-30.0,14.0,-0.3200000000000003,3,1,19,0.135470000000298,0.4833333333333333
59,Block,3,42,8,1,0,Right,1.92470000000298,,,10,0,6.1765,0,1,5.18789999999106,13.0175,1,22,Female,1,65.0,49.0,31.85,71.0,33.0,23.43,-6.0,16.0,8.419999999999998,6,0,2,0.38235,0.4833333333333333
59,Block,3,51,9,1,0,Left,1.84879999999702,,,10,0,9.30970000000298,0,1,1.6755,2.481899999991059,1,22,Female,1,39.0,66.0,25.74,40.0,50.0,20.0,-1.0,16.0,5.740000000000002,6,1,11,0.0690299999997019,0.4833333333333333
